ax_mean,ax_std,ax_max,ax_min,ax_p2p,ax_rms,ax_energy,ax_fft1,ax_fft2,ax_fft3,ax_fft4,ax_fft5,ay_mean,ay_std,ay_max,ay_min,ay_p2p,ay_rms,ay_energy,ay_fft1,ay_fft2,ay_fft3,ay_fft4,ay_fft5,az_mean,az_std,az_max,az_min,az_p2p,az_rms,az_energy,az_fft1,az_fft2,az_fft3,az_fft4,az_fft5,gx_mean,gx_std,gx_max,gx_min,gx_p2p,gx_rms,gx_energy,gx_fft1,gx_fft2,gx_fft3,gx_fft4,gx_fft5,gy_mean,gy_std,gy_max,gy_min,gy_p2p,gy_rms,gy_energy,gy_fft1,gy_fft2,gy_fft3,gy_fft4,gy_fft5,gz_mean,gz_std,gz_max,gz_min,gz_p2p,gz_rms,gz_energy,gz_fft1,gz_fft2,gz_fft3,gz_fft4,gz_fft5,label
-0.0008850613495677464,0.05112090442221791,0.17269138637461282,-0.14634106413303977,0.3190324505076526,0.05112856542616894,0.0026141302025380377,0.3461425140613308,0.18706354903496367,0.34839844018592137,0.9951462867285368,0.2821205215183166,-0.008749760213555086,0.04876274748938673,0.1182641753513531,-0.13238150387182757,0.25064567922318065,0.049541536577990826,0.002454363846508403,0.4809836101306152,0.23495718561385545,0.3304060099736843,0.6414708646950986,0.21421010849064687,9.801484318186187,0.05081444069176275,9.987754844682172,9.65347314007388,0.33428170460829243,9.801616037523228,96.07167694703256,0.43565032374301016,0.2699322810690727,0.7249168564912962,0.88736223004961,0.6850954162028361,-0.012928452453495592,0.3563664873907641,1.0516403071813916,-0.995356123116882,2.0469964302982735,0.3566009229069295,0.1271642182180739,3.951994801343223,3.1913877214303836,1.7788734155641985,3.3961937992427083,3.6150176684580027,43.89603797104374,76.31991121699254,249.6543264541509,-0.8636352191386047,250.5179616732895,88.0431201044405,7751.590997724936,7957.881515931631,5962.889218354614,3666.1751147347823,1865.9786502383472,778.2231651067399,0.012019891811773322,0.4294104322676601,0.9570786441500995,-1.2875178787169768,2.2445965228670763,0.4295786274239739,0.1845377971394654,4.140399793213741,9.136677984571978,6.743804547727189,12.617771779048173,2.6073921222589784,3
0.0013197354422487017,0.04997620234344591,0.14821552489512843,-0.12541333567844837,0.2736288605735768,0.04999362461665063,0.0024993625023105757,0.8780360108466954,0.6631330324644372,1.1314891465163937,0.5247372423175295,0.8089343213877825,-0.0008174820600929386,0.04789730059717792,0.1348723133757916,-0.1286409163981899,0.2635132297739815,0.04790427623307751,0.0022948196814149948,0.6858398971048089,0.6246730726903422,0.5723102584019709,0.7028377242170556,0.18322674929112215,9.800189016618956,0.048516527721215674,9.961670378003806,9.691821625159099,0.2698487528447071,9.800309108131282,96.04605861492095,0.6187540606006942,0.802087155380117,0.713659372455117,0.5027772196600158,1.133002431690522,0.0034983335591890043,0.396685825198144,0.9610378578871007,-0.8394051903545648,1.8004430482416656,0.3967012506292661,0.15737188225082377,8.613556610759652,3.215202342034521,8.24594323754944,6.833641914651984,4.112105232409833,-0.028036746720921827,0.4225853841986924,1.074986988545195,-1.1936833225851866,2.2686703111303816,0.4235144225466821,0.17936446610504958,4.568767555199529,11.545458249181777,3.483576064574273,7.3538644398406525,4.5270672286607905,45.10030692790909,86.80239851214017,299.5178357889304,-1.1136517730211684,300.6314875619516,97.81970186241625,9568.694072452001,8403.023116481632,6792.99343019883,4758.231063631772,2896.4725674772317,1524.9560542942104,1
-0.0017651826814808556,0.04725248071460474,0.14115640634978036,-0.1112733511445485,0.25242975749432883,0.04728543965728872,0.002235912803583093,0.7645150036997392,0.9414901385491211,0.06651303653927498,0.7005587421642945,0.28399833082193476,-0.005185976134221184,0.04783900386194899,0.13951979929084476,-0.11643566081657282,0.2559554601074176,0.04811927512928974,0.0023154646389682825,0.4279522548554478,0.7315567861459331,1.055774592382921,0.7979371708671911,0.26107487304360977,9.801808487148888,0.04917560925523019,9.928120600982743,9.6756680351575,0.25245256582524256,9.801931843228129,96.0778678592896,0.6460410088605825,0.7749039617953175,0.22397577002541044,0.49294275963301104,0.6665371946568001,0.4146225454228338,106.21530438442782,150.64679403502444,-150.65330342271523,301.30009745773964,106.21611364257227,11281.862797331827,76.07937787926205,83.04726169075732,81.95667446689372,103.1202821137804,101.37212482857366,-0.6885512880282314,84.58814460839925,120.05340085493816,-120.40185469090298,240.45525554584114,84.59094698114986,7155.628311167707,119.4746375769097,128.44688694589894,137.51418415847616,130.72843883560947,135.6461412154007,-0.48776735822894834,127.40615983382892,180.64632617632256,-181.05355038149798,361.6998765578205,127.4070935254349,16232.567480598917,89.4295771999609,77.85764619627723,96.9328999157764,106.30448683457186,113.2067415278797,5
-0.0020523106273793094,0.04892741471980195,0.1598896790739138,-0.11999393848333301,0.2798836175572468,0.048970438941005494,0.002398103890074747,0.5005261461950344,0.2013412971670306,0.20250847628654484,0.3251628012152834,0.7125015507235027,0.007104438025358353,0.048837171331127555,0.1324511254693392,-0.11805109715438158,0.2505022226237208,0.049351214202713024,0.002435542343282064,0.4716796230425496,0.8430684337173353,0.5755548624968855,0.2665885726980588,0.7727769887317089,9.799290955489,0.0492082827697689,9.930971535976342,9.623191640477977,0.30777989549836526,9.799414507276529,96.02852468542169,0.5453493186596096,0.9160028837960267,0.49219193533899197,0.1613828394381218,0.6595256372399789,-0.02286474002221729,0.41609913056779485,0.9456996440750294,-1.1859737946863005,2.1316734387613296,0.41672686833891376,0.17366128279555837,4.269481187979633,9.511664901733932,4.8998903701323435,0.9681130515330703,11.57627959662273,0.03322769024402375,0.37727996190516544,1.1768694598395093,-1.054477064718327,2.2313465245578366,0.3787403451629043,0.14344424905411587,5.976435020648708,7.379170058863932,2.653589135769974,5.41279364601979,4.015902590691023,45.12425390377543,86.84115150199631,300.4021027127193,-0.980593883167171,301.38269659588644,97.86513109665296,9577.583884565069,8402.651443562992,6795.63377613875,4765.082770221849,2901.519560564305,1527.4703187230627,1
0.0069702821572581565,0.050161778940306316,0.10892574945122574,-0.18505526661590124,0.293981016067127,0.050643744922822906,0.0025647888998079505,0.6662494948330313,0.2869557076247342,1.0634356592421692,0.7186953833548902,1.0003474749233152,-0.0032898279035519055,0.054226370916973056,0.17218680313246698,-0.1493250078428337,0.3215118109753007,0.05432607357853253,0.0029513222704601306,0.6232463904281647,0.7109809769277805,0.19630163687207616,0.5028482048324947,0.3420103172138756,9.799088850994222,0.05034794435439528,9.952651633845104,9.682248999961999,0.2704026338831049,9.799218194589809,96.02467722517994,0.7724101929247105,0.37775901132286993,0.5319960070314175,1.4229217831414962,0.06940038144191032,-0.006836879978750432,0.38085906492575955,1.1411253702494706,-0.9629642905540973,2.104089660803568,0.3809204251073547,0.1451003702639678,4.478651516306361,10.180535774980909,2.276926997722003,0.922246820840737,1.1820050371275204,-0.0327431649511424,0.41251516021122075,0.9976426889643671,-1.2526286417875527,2.2502713307519198,0.4138126052395055,0.17124087225510684,5.958695930917614,9.422104287521108,2.8087051480224368,3.239499514971454,6.377904072756962,45.090351731078044,86.80301925762724,299.7886651062955,-1.1192957794408955,300.90796088573643,97.81566322155332,9567.903971472339,8405.411387829961,6784.883654814006,4767.35509192851,2896.740473435352,1521.262374206648,1
-0.010677539867901976,0.048485263543294375,0.11470148354369343,-0.13401023349509888,0.2487117170387923,0.049647060723605245,0.0024648306384933466,0.5979868489023619,0.18755921167420042,1.1227728563054185,1.2537335543625683,1.0182110474964514,0.0017519771733930914,0.04849701676378761,0.12154565965954373,-0.14366830149320417,0.26521396115274787,0.04852865193886172,0.002355030059003187,0.36346702345366644,0.44700072024853843,0.14734558690004132,0.4617846968876498,1.1517838561328666,9.805107653216833,0.05128457431259422,9.955341658230228,9.655942536594175,0.2993991216360534,9.805241771559421,96.14276619873374,0.46764669666959086,0.852211932386266,0.3854767819919466,0.8312978884103276,0.42231254408408975,0.31796184228859514,106.25729945566567,151.19776155313653,-150.54556502882522,301.74332658196175,106.25777518536776,11290.714787344157,73.47257481895387,82.38342244733548,95.28616669160314,87.70179027499199,102.82450174268871,-0.6982478901876139,84.55439571194682,120.54156142580622,-120.54789316536329,241.0894545911695,84.55727871879891,7149.933384328643,124.61606817761889,136.71994234605557,141.2602140220102,137.121596577801,144.96681891065515,-0.439338958617561,127.45943818228973,180.2908286107316,-180.4965189659938,360.78734757672544,127.46019535708196,16246.101400465497,89.3735239767675,90.7600274622864,93.68325367115818,100.34120919922081,116.35920817023721,5
0.00021574844606747496,0.04797765204181284,0.1324809345007893,-0.12248857663126739,0.2549695111320567,0.04797813713387847,0.002301901642837248,0.8121165286297855,0.1251486384539364,0.7478781312725528,0.9124829559361322,0.499376431075534,4.365774469800021e-06,0.04706376006248861,0.1210852123244619,-0.14640368405898446,0.26748889638344636,0.04706376026497973,0.0022149975302794846,0.3018740543302208,0.6064113515425184,0.39650530462783945,0.5291717644948966,0.5825830784590239,9.80549510241908,0.05095863666917431,9.930160140941135,9.645158314032473,0.2850018269086618,9.805627516187617,96.15033098621574,0.25482345027369324,0.6927867035087035,1.2622382855518288,0.6887442158678347,0.6319832614547811,0.0049248919239152315,0.4385547648371123,1.354104808751013,-0.9793337689152217,2.333438577666235,0.43858241679506155,0.19235453632179708,5.212198678633424,6.175501445344015,5.806667936945944,5.546831104642911,0.38289026782780455,-0.002286274594799238,0.41872977883643386,1.10536495191559,-1.2073299424518977,2.3126948943674877,0.41873602034686674,0.1753398547359316,6.937304054304034,2.3473062383481427,3.0939292952241084,8.645396127037623,13.801703050218498,45.1198833678299,86.80465181786793,300.79998504644254,-0.9910581839841395,301.7910432304267,97.83072856903325,9570.851452347859,8403.997697796152,6793.225077641558,4754.599840391471,2898.5961227459798,1527.705260093,1
0.002784819415814093,0.05043781773574842,0.1675071989016817,-0.1389061971628784,0.3064133960645601,0.050514638245990374,0.0025517286771232738,0.9055131241297915,0.6308287822960006,1.1757321118476125,0.36038501575313925,0.3258529635935013,-0.0014049550886990375,0.0509623325102336,0.14678106231567775,-0.1791206357593961,0.32590169807507385,0.050981695084460196,0.002599133233684873,0.3572231644774727,1.2048666409666202,1.066855996017727,0.5554985274810623,0.1381431497558382,9.796155438830066,0.04521072011555706,9.922820718277192,9.681221162206091,0.24159955607110106,9.79625976538665,95.96670539093327,0.2726851188595417,0.35666350546774,0.3919815818580278,0.6863795078241336,0.29241908525504356,0.0076263955163266796,0.40605629226352213,1.2555399977752304,-0.9931405020609159,2.248680499836146,0.406127903985149,0.1649398743953704,3.7718076741529725,5.190058422904618,5.260542857399738,2.255196492421861,4.503986845170472,-43.85529956947366,76.35479832450757,0.949417981397813,-250.12766496089932,251.07708294229712,88.05306654231015,7753.342527504499,7962.031699658472,5958.963402662402,3676.3569944967608,1867.755103109936,783.0954997257242,-0.028737474620945825,0.3996456154761133,1.249723396062518,-1.2545181151369331,2.504241511199451,0.4006775017602947,0.16054246041687098,9.081618377260755,4.698474076976881,2.954463874762892,0.7213362791064181,7.292608834296143,4
-0.002038548258604249,0.04643367443677356,0.13600845832948094,-0.13098725520448723,0.26699571353396817,0.04647840144306748,0.0021602418007029374,0.6279264471524141,0.771813439058514,0.44548132925148637,0.6640263541563115,0.40254186867620234,0.004293409344943825,0.04922666046862147,0.19263657453273608,-0.16206336700345364,0.3546999415361897,0.049413535237788755,0.002441697464696191,0.4171002317880269,0.9964089068922422,0.3771523461502477,0.7299916196526152,1.0550703601550797,9.79571724828067,0.04957768776781631,9.953944040422762,9.676417774993636,0.27752626542912573,9.795842707770875,95.95853435538783,0.5763454760973966,0.5191341498159547,1.0285509787188836,0.5000269849612279,0.7861422556630276,0.0026899937785807536,0.30510666421176774,0.7897146194512172,-0.8090659928824715,1.5987806123336887,0.3051185222384265,0.09309731261296118,4.578242873435412,2.8555035452368336,2.1188460652682624,4.168993512213395,4.918627480696791,0.038475433752855184,0.2860621101447986,0.7580797277620864,-0.727163797988687,1.4852435257507735,0.2886379910250299,0.08331188986296524,6.341892320391219,2.873332129388617,6.309669250024904,4.039089858914032,3.1038369300725086,0.04008990479847955,0.308322865015966,0.7319257219017818,-0.8688766134581067,1.6008023353598886,0.3109183004559313,0.09667018955840476,0.4988940772524024,6.503682281382965,1.179089542669051,3.069993732571884,9.182052289494878,0
-0.0015104882286612036,0.041330819029722285,0.11330975282265532,-0.10653880597617174,0.21984855879882706,0.04135841119236301,0.001710518176356578,0.20251090430646987,0.4498628752021982,0.45627494312231365,0.9904918838844471,0.07722120817866727,-0.003711091566133894,0.04503702368649551,0.1257905950498209,-0.11656041928453627,0.24235101433435718,0.04518966367600214,0.0020421057031501876,0.32343506918535,0.39091951664939945,0.16962866297817916,0.5467542456152565,0.6146121443172456,9.799431361988589,0.053354720146143404,9.934846871971418,9.651350036623564,0.2834968353478544,9.799576610470853,96.0317017444874,0.840698399944585,1.543629127613998,0.553195299098698,0.778800289193198,0.44740780884417025,-0.013446539643934226,0.4050247175028216,1.057367548141883,-1.1286222800087653,2.1859898281506482,0.4052478639260624,0.16422583121663636,4.613152703940065,5.096289082925897,1.8759196579694204,3.7681327716289803,5.636901276838985,0.002046062925670966,0.38996966439900804,1.010323510083269,-0.9692348819626114,1.9795583920458806,0.3899750319250846,0.15208052552497076,4.7718214199395925,3.471402160700901,8.069559798420224,5.026651161160206,1.331885860508042,-45.09542918080828,86.79429297629949,1.0133462544479537,-299.97043566576485,300.98378192021283,97.8102603322218,9566.847026257003,8403.984070712446,6794.258941104927,4754.767367885321,2893.4824222764632,1522.380494726911,2
0.0006886597239436948,0.051989349466865585,0.1340697961080091,-0.15594576654540335,0.29001556265341244,0.05199391031845229,0.0027033667102032595,0.975092065348144,0.9993133976953652,1.4118751161532863,1.3078601612563963,0.48098700310059983,-0.004994146492759354,0.05128205420220432,0.13130175825890378,-0.16259781584839886,0.2938995741073026,0.05152465994442819,0.0026547905823889628,0.9612743810812526,0.538413546945605,0.4826210828765083,1.294269573255886,0.5564867184352656,9.801483726511679,0.04933212408080398,9.93155892633584,9.654443322350552,0.27711560398528867,9.801607873177726,96.0715168995396,0.7985260333869935,0.5335438653221946,0.5466381804886619,0.4721225892616165,0.6043714416750934,-0.034017194422697974,0.38010457235886685,1.0458408721164212,-1.1270569344334083,2.1728978065498294,0.3816237092274387,0.1456366554445087,2.3171974796083314,5.839260769510473,5.209162159892027,4.665935766432432,8.587530413294234,-43.92609856523229,76.31737384128823,0.7521059353614217,-249.83917408095283,250.59128001631424,88.05591226711269,7753.843685193446,7962.684380922354,5951.693731338749,3670.206678176352,1870.6824187158595,780.0153270330312,-0.003398605003215346,0.41532106424696247,0.980420290327008,-1.2104289594184416,2.1908492497454497,0.41533496954048715,0.1725031369231974,3.3509497722452846,7.003314576904465,5.198796241312233,4.794596665030088,6.177293165447144,4
0.0002928830820034933,0.052205578907486345,0.13117880859175535,-0.14795274050703103,0.27913154909878635,0.05220640046551291,0.002725508249565507,1.0403949503828613,0.731680755660136,0.4419560796384902,0.8474961974210724,0.649133477223626,0.00020823283328935932,0.050071177176631024,0.1344678324629045,-0.14111952307148395,0.27558735553438846,0.05007161016750345,0.002507166144766435,0.20061318486838153,0.670647034176935,0.4843666208032604,1.1899668682706417,0.5738007772196203,9.793929565970304,0.051938434347711976,9.936457539362017,9.664266113879258,0.27219142548275954,9.794067283011167,95.92375394414975,0.8653967142518335,0.5628610485469754,0.5637560679820883,0.4954689836749568,1.3758690314098478,0.042942352217807275,0.41755461216915984,1.1160357045980402,-1.2105367273046879,2.3265724319027283,0.41975695319760425,0.17619589975773572,3.367463581602592,4.5903692845592765,5.943366643539407,2.9559782124059493,4.7005917506404336,0.059481403801581484,0.38656556792772295,0.9593887999548798,-0.9309577569008738,1.8903465568557536,0.39111504152293836,0.1529709757054898,7.086655984502328,6.293451441051567,2.516342835650687,4.6610272327329,2.812346790817135,45.09068780614063,86.80459463491896,299.7916709627745,-0.9971576200828391,300.7888285828573,97.81721615627507,9568.20777656344,8404.661961899787,6788.934383450984,4764.036469368289,2889.5542900446976,1529.8993390342991,1
0.007375176191655713,0.054135669772758424,0.15410284661236348,-0.11635891036243469,0.2704617569747982,0.05463573890415609,0.0029850639656031153,0.566277646594073,0.0881543290195096,0.33585548206321364,0.43714765229721936,0.3385463772367503,0.005790382070405375,0.047505185574455544,0.1307055043764597,-0.14573405163223602,0.27643955600869574,0.04785677779567625,0.002290271180984731,0.8719396446187063,1.0364217826211184,0.47848230658925106,0.6506870543870548,0.2566482945073718,9.794785361396999,0.04997968758158696,9.928944764996931,9.68698268998209,0.24196207501484146,9.794912875825272,95.94031824500769,0.7262154375711077,0.37630730087808056,0.9074762054177747,1.169967473314073,1.0703265214078177,-0.0037745597842739884,0.40796725320126803,1.0102822057137688,-1.132152271805359,2.142434477519128,0.4079847141574701,0.1664515269861526,2.663487785519,4.364318251871937,5.265919565498375,6.99927398495482,9.72994439124941,-43.86590813988732,76.38549697574469,0.9852224672989501,-250.03886918817517,251.0240916554741,88.08497059753458,7758.962045168532,7966.105421211816,5958.407073616763,3678.507100008555,1870.7826619437153,786.0175444669316,0.004751732412762255,0.41006254808088327,1.109472569807966,-1.1249859988714115,2.2344585686793774,0.41009007827489463,0.1681738722995092,9.0061377445622,3.4086564142042577,1.6001208380422307,5.927245035728454,2.2659034510837777,4
0.0012109472325742099,0.05052422493244054,0.15337740509075326,-0.13603382826822658,0.28941123335897984,0.05053873463219994,0.0025541636982239256,0.6795422529998736,1.0698794607225794,0.5067505732407448,0.4862841744932421,0.2505508521630016,-0.0010873152556604476,0.04887199432651218,0.11655651884603646,-0.18936357722965722,0.3059200960756937,0.048884088248793506,0.002389654083915831,0.31105506941710687,0.623382106774837,1.6621083086114143,0.5985480655702866,0.510917412437947,9.799757214563387,0.048534881807739336,9.943092431731095,9.664460554677397,0.27863187705369796,9.799877402250461,96.03759709913923,0.9678839598070331,0.7414645426147349,0.6733349901242278,0.46217031686554244,0.4793396424947682,0.4080315834109544,106.20493790777326,149.9471913417272,-150.77574337070766,300.72293471243484,106.20572171859214,11279.655325767035,83.30209385645496,78.300229522119,94.62155004426042,94.96552048808007,95.03661286365346,-0.6664809172059172,84.55933452239049,120.16866995490136,-120.26307761718692,240.43174757208828,84.56196102079551,7150.725251682538,130.36070771295297,128.34237857331348,123.00733006018679,129.04060373197413,144.4309338287853,-0.46244523095611784,127.50820709891602,180.33684096510873,-180.81625309922933,361.15309406433806,127.50904569155749,16258.556733171694,84.50004514454061,105.15145792676194,97.23592761877384,101.1643428722999,119.01795994600785,5
-0.0035966761396816877,0.04745129323061646,0.11817169777193864,-0.13990211093538016,0.2580738087073188,0.04758740703706919,0.0022645613085117027,1.2646796626698729,0.47031208847779904,0.32092187140193773,0.34613295777158376,0.7681398031634917,-0.0057289282067197154,0.051327972848122995,0.15462791446150603,-0.11725814346011816,0.2718860579216242,0.05164669800766938,0.0026673814150954002,0.8077633367584681,1.2523010718999315,1.1651548374549672,0.43845147941777235,0.4713332742745262,9.797288083542576,0.0507580114874594,9.919084636599337,9.66863516294451,0.25044947365482706,9.797419566786733,95.98943016765551,0.6641254942718999,1.5541234352821054,0.7391447466837805,0.3612622570912423,0.8298920155406513,0.026820866583609694,0.3928790241613222,1.1263285207565727,-1.1753657825413066,2.3016943032978796,0.3937934566625613,0.15507328651024857,4.933483115305066,2.868343822588094,3.4682903104490213,3.1605708059958983,3.937085359346334,-43.9062281597276,76.3723152391422,0.6225997747456116,-249.72675452578397,250.3493543005296,88.09362863567925,7760.487406200967,7967.322767980879,5958.204613029886,3674.46083037629,1866.285510161023,780.3007144345402,-0.026219586910873054,0.3778763321153994,1.1019093229981398,-0.9301876444837526,2.0320969674818925,0.37878488500831764,0.14347798911076443,4.925326062215524,2.9642397052814693,5.32582021649526,2.1420582438261557,5.36470636337576,4
0.0009911891371329918,0.05046350310943959,0.17739566969967607,-0.1259319535464857,0.3033276232461618,0.050473236492045846,0.002547547601981989,0.8830446343361309,0.6406190375209924,0.7100454593960388,0.3609748829226534,0.9250712476087034,0.0003596302749773405,0.05249869485813878,0.14231064484719433,-0.15733878798896517,0.2996494328361595,0.05249992662606917,0.002756242295742647,0.9061629594820295,0.5836855121160823,0.7218119565521465,0.27173081947048516,0.3512774563246861,9.799710768868323,0.04980846217394824,9.929510683933325,9.673569815785314,0.2559408681480111,9.799837347445003,96.03681203637791,0.4113353530613736,0.2982149026570593,0.16608167591072828,0.36350048529696677,0.3913651153129728,0.0010205254192917667,0.4103256274789112,0.9771515388268647,-1.1728766283914691,2.1500281672183337,0.4103268965569935,0.16836816203809363,4.845613526176178,4.6478588769983045,2.1725232695746017,7.09389552287821,6.132394608617881,43.8800986196109,76.35457004305626,250.31850018223875,-1.096815603204256,251.415315785443,88.06522254174325,7755.483421326763,7966.114028111307,5951.953248967785,3675.1679673425833,1872.9225053984164,786.9706107912368,-0.026479458648574816,0.4108400472917623,1.0853858370724687,-1.238982677714656,2.3243685147871247,0.411692489838009,0.16949070618901912,2.6389728136707955,1.2481844844556667,1.3018542672951587,1.8979721356837431,3.6763250715245013,3
0.002080588472349454,0.049810552851367026,0.1466701496605525,-0.16969572565833194,0.31636587531888444,0.04985398703965513,0.0024854200237501016,1.1221734539795192,0.39488119044994935,1.873572709146978,0.5891426965518219,0.5858322660521101,0.003258668407080022,0.05011029244719045,0.16114642212427763,-0.10924897655942617,0.27039539868370377,0.05021613614098813,0.0025216603289302543,0.664837557734968,0.2704972518222384,0.16091752770014311,0.2928517728360728,0.32974463541193155,9.796114732897347,0.049097458095181956,9.923188553496033,9.585230450796601,0.3379581026994316,9.796237768678333,95.96627442047986,0.3211439831967095,0.3910256383998072,0.26408765763882863,0.5675405813921417,1.1352754793661641,-0.00046210703244517926,0.29876444276946507,0.6245724206033756,-0.7827745966032598,1.4073470172066354,0.298764800145965,0.08926040580625841,4.389113375222925,2.7354310952068825,7.059074715859417,6.7096499744694675,7.688604673470855,0.028283458340279396,0.27294179133019403,0.7617120955640844,-0.7523698502117018,1.5140819457757861,0.2744033080526208,0.07529717547022151,5.5644149610861735,3.7911955597494646,1.8648620196067094,1.4614899686085963,5.6091988607523335,0.011447362750797895,0.2589363174077335,0.7811136104302329,-0.7471166685342513,1.5282302789644842,0.25918923316107645,0.06717905858662684,9.252677025030346,0.9774279347603296,3.440919092929115,1.2248438319036439,2.529998517976878,0
-0.00180769623040533,0.04471113191242673,0.10133834593435892,-0.15430481248149014,0.25564315841584906,0.04474766007906833,0.0020023530825518453,0.5463719110192037,1.2440285297391023,0.9330769426192705,0.8107527651245751,0.39939747030471556,-0.002349420798050116,0.051672083997407185,0.1809992975486786,-0.14506101711271646,0.32606031466139507,0.05172546802805571,0.0026755240427214135,0.28558525390600303,0.531950450464731,0.14919123888821903,0.7559155893725039,0.35847021305174226,9.804021268741547,0.05186770046187381,9.943793959486015,9.673120939301333,0.27067302018468276,9.80415846956218,96.12152329628782,0.2841970100327803,1.3663123705609534,1.0541421667086461,0.7881145330890107,0.23014438554477176,0.003355384361802558,0.4105401193999825,1.1236354160149276,-1.1754374119270237,2.2990728279419512,0.4105538311125196,0.16855444824116728,7.96791983285912,5.159813148260807,6.406898547768553,1.8069272964422827,6.296773301874741,-0.011926460842538154,0.3953847268538204,1.2561914883559155,-1.2129113797329083,2.469102868088824,0.3955645619838799,0.15647132269749875,3.8746077945235666,2.9922507965021437,5.806656545159366,2.9673295255553147,6.017934858799136,45.17340317062157,86.775687643493,299.72919679527854,-0.9848001614991141,300.71399695677763,97.82973126824272,9570.65632001659,8404.546911998119,6790.020235322195,4751.192075568971,2894.1984600085716,1527.6845344966966,1
-0.00020797367061100178,0.04641506540461548,0.12220227380334081,-0.1209288090728897,0.24313108287623053,0.04641553133986942,0.0021544015495624,0.25126720163035904,0.5138610188317415,0.27245166866512055,1.5012476565488182,0.5274412841538618,-0.0005141679087693943,0.051049956130592815,0.13292076994669236,-0.11461398182578292,0.24753475177247528,0.05105254537801086,0.0026063623895738585,0.4880492881708429,1.335204312218001,0.42002069387482505,1.2555519959033463,0.7061407323224562,9.800347163301216,0.049858967902403385,9.932513078571153,9.655461339074622,0.2770517394965317,9.800473990471405,96.04929043790649,0.7021014780561949,0.11862455854859409,0.9789327554833548,0.5923388708789846,0.7587967745790183,0.024725051337516887,0.40337020307213334,1.0795312503196688,-1.1595874360660714,2.23911868638574,0.40412726818428985,0.16331884889009693,8.025106585994195,1.590059793985782,5.6807563991752925,4.451976382237514,5.387173928438469,0.018148741007018836,0.39146519389903445,1.0484566426283946,-1.086169454260435,2.1346260968888293,0.3918856655129765,0.1535743748345485,2.8725804444191585,4.828463422385413,1.2927798269422672,4.388976012555027,3.9655345512997013,45.11570626710964,86.78150147494374,300.6619914763622,-0.8889826858478856,301.5509741622101,97.80826115531232,9566.455950225778,8409.516897799946,6785.580434775523,4758.212156474159,2885.708824450161,1518.941572670781,1
0.004332116577927863,0.04710073793889721,0.11422561332061537,-0.185945149516709,0.30017076283732436,0.04729954279306966,0.002237246748433428,0.9293305417517732,0.8237809290666978,0.9375371989191876,0.9756979275873854,0.23656454599930685,-0.003119739847251244,0.050646583248373005,0.138697932597857,-0.12199784663293772,0.26069577923079473,0.050742577501038555,0.002574809171448904,0.5060861450819312,0.3385979825403843,0.832604416364439,0.9030687637558342,0.38984349351132114,9.805597936734426,0.04927060582221166,9.962132908358099,9.62140798168522,0.3407249266728787,9.805721722009478,96.15217848948852,0.13175658999077786,1.2074486257619874,1.2427983528202728,0.61410010058192,0.28369398171821264,0.08382396994930215,0.4077260393224336,1.0905776153727365,-0.8405527730809514,1.931130388453688,0.4162535057865822,0.17326698107962024,7.170305787510341,4.5598548208331815,3.3258806147406514,7.008290098516529,5.096227044084747,0.033142030983189436,0.3803625787133888,1.0724378554766991,-0.8001923403502729,1.872630195826972,0.3818037264134408,0.14577408550318954,4.705769030773122,3.9022703276094384,4.067151968309597,6.415387653232811,5.107464090396286,-45.14206013588776,86.79809936776513,0.9552960334246463,-300.51314387890466,301.4684399123293,97.83514525551918,9571.715647168538,8401.649430899508,6790.803522043497,4761.896237343067,2895.512507297653,1527.978638445936,2
-0.001640503423838406,0.04829654349586771,0.1636609350583569,-0.13710366242659225,0.30076459748494916,0.04832439720401971,0.002335247365131868,0.06295271785517789,0.7585859917377906,0.6471663158596199,0.6379982298766007,0.1912060903171187,0.0016112408828671174,0.047724744355348396,0.11825609807418394,-0.1563864455721416,0.27464254364632557,0.047751935258856064,0.0022802473209659812,0.008188734587794334,0.20616750322632127,0.7935039158894428,0.40495666147600834,0.6847454723207845,9.799967898300794,0.05205824835654108,9.960220318739683,9.628998466005648,0.3312218527340356,9.800106166207998,96.04208086894803,0.12860259452705516,0.4767552460247933,0.5821746347069029,0.7106193171376838,0.8590760805416261,0.3944339918454554,106.14140320318606,150.42930956183653,-150.8607436557079,301.2900532175444,106.14213608230823,11266.153052115238,73.49192882122749,83.83008491366256,78.48154112996892,88.85178792864154,96.8568032534928,-0.629966072330449,84.64528432091235,120.43331278098748,-120.42244087975261,240.8557536607401,84.64762852567328,7165.221015020378,129.27003151183516,132.58940338155404,135.65914719735403,140.95959025891324,135.48672044993134,-0.4582459648717224,127.47987358527993,180.20911770688286,-180.97919434534737,361.18831205223023,127.48069720033409,16251.328158683269,94.45276846329001,89.93836995514853,96.22082705688193,101.61818308765992,107.4235455470205,5
-0.0018751864167826453,0.05135057349514685,0.1436129452802559,-0.15828331986619212,0.301896265146448,0.05138480049954621,0.0026403977223781643,0.8371409677015812,0.8369292201563355,0.4690713734068908,0.44364209108979796,0.29157822312748993,0.004051335254908237,0.05239695029299788,0.16061320628703818,-0.1646438672019401,0.32525707348897825,0.052553341638325465,0.0027618537173545532,0.46829675910969476,0.8504792090291766,0.4974387014467734,0.8694880506334142,0.4605757955621758,9.801733873036085,0.04849295526458096,9.922423969148516,9.681147867619897,0.24127610152861934,9.80185382897201,96.07633848453327,0.10784898140506155,0.38616787592227586,0.6052794286910059,0.6945363189860616,0.9487659639244869,-0.03159873853234343,0.42925148529736973,1.1149835359000293,-1.2083908474084106,2.32337438330844,0.4304129620571776,0.1852553179068334,8.865957008982138,10.203483758948785,10.217791675390297,6.839037346325216,4.973827345946204,-0.03514603695890137,0.4040263428434707,1.215870438766087,-0.9440424070237393,2.1599128457898265,0.40555212935624707,0.16447252962538617,2.7631972827313005,4.504072754419533,3.3414447310608058,6.9622150915152545,8.887753691348829,-45.080801351003174,86.75866802950527,0.8827122497860818,-299.70269225748046,300.58540450726656,97.77190357511972,9559.34512870251,8402.0269585874,6785.7265635269505,4754.799838058581,2894.3367901095417,1531.1566227775852,2
-0.0019981441935646178,0.0513251231809178,0.1355182932816179,-0.13074294766710656,0.2662612409487245,0.051364003443604964,0.0026382608497546624,0.11902300674941028,0.23731291485381284,0.8020519320434703,0.2819487315542688,0.6398958365640984,-0.0006976540307973453,0.054378972580565635,0.13035627082728274,-0.155781774545384,0.28613804537266674,0.05438344766622099,0.002957559380064597,0.6365629273651453,1.8291275640116236,0.5690067467813583,1.015159361806826,0.5555426461127351,9.797719261613217,0.05115989193216339,9.910693711548674,9.684949138398713,0.22574457314996188,9.797852829264642,95.99792006392916,0.883549241264308,1.8265026625846341,0.7753580121537857,0.8889805079601734,0.37152591348869707,-0.03537351912682504,0.4043567097528526,1.2219412673463177,-1.0902111853447929,2.3121524526911106,0.40590101573852777,0.16475563457756856,8.259801911205136,7.2411108657955126,3.0812331642862,3.9167864382105786,4.266048781450267,-43.8255725090295,76.34944040228511,1.0623905630045913,-250.35629883212584,251.41868939513043,88.03361775757195,7749.917855486287,7962.652121511687,5957.951046171753,3678.5373859113406,1858.1630007626134,785.7457976718969,-0.041726843770239254,0.364572075989018,0.9351185807716251,-1.0134287871312944,1.9485473679029195,0.3669522149844149,0.13465392808196824,4.72096744589003,5.049314417012764,1.8838494463622062,3.5444503897486506,5.435305105134192,4
0.005902255360152085,0.047696702669872734,0.12525138186794924,-0.10971934886254349,0.23497073073049274,0.04806050419954715,0.0023098120639146887,0.11209112932788906,0.17098609400250012,0.8899736073535286,0.6985989296364588,0.28273276541677905,-0.00903726785032711,0.051246812969580634,0.12108159020789643,-0.19918603619240025,0.32026762640029666,0.052037563833616705,0.0027079080497377332,0.35047674372069726,0.5475853275137329,0.8627779333225142,0.25549690010136644,0.3184387597475671,9.80789953407416,0.047746524194705084,9.99069237839497,9.694765971231796,0.295926407163174,9.808015752488615,96.1971730010648,0.4199644509854834,0.4507940355839938,0.688122704633482,0.764332419589112,1.1800459848320497,-0.02243093008583634,0.38968806100633857,1.2578524798847313,-1.1583698861682452,2.4162223660529767,0.3903331032789757,0.1523599315153955,5.096884473699927,5.00066392758344,1.7736860748527599,2.968338795425065,4.108055732012009,-43.89604795273277,76.36365574895974,0.8610049933420214,-249.98476655116394,250.84577154450596,88.08104759376019,7758.270945214247,7965.333479186733,5955.180712793683,3678.155467197015,1867.3593899878983,785.4673858576266,0.0079856164503764,0.386354031346018,0.9668329551478396,-1.0292840681236128,1.9961170232714525,0.3864365505583192,0.1493332076074124,4.08498294786911,6.885684659024752,5.4351854226151985,5.6507719188307135,3.573454385265602,4
0.005360904852036371,0.05594410209805819,0.14039195958144227,-0.24147180042555788,0.3818637600070002,0.05620037242216946,0.0031584818603905456,0.7591744333160025,1.3055687980002024,0.992031877983545,0.5173292548445371,1.1472604088691494,0.008567288282034645,0.04798834084383302,0.1851703233928164,-0.11698520280020037,0.3021555261930168,0.048747095148853545,0.002376279285451381,0.8482063347567318,0.61720601837198,0.3780864979108,0.9398392387461009,0.25161384611649235,9.801810510750938,0.04752966275724257,9.93465872743476,9.667194572338468,0.26746415509629173,9.801925747398284,96.0777483575094,1.1718552298930858,0.46378607702575364,0.17471365682698653,0.4930799237862568,0.7092408210729414,-0.04655721943223095,0.404741696359847,0.9692663086445981,-1.1029409657355056,2.0722072743801037,0.4074106226566846,0.16598341545350745,9.169516151040858,7.274358893065693,3.6561964915520693,8.318900163459082,4.232017326966195,-43.871729420045476,76.3785073718862,0.9232441546259035,-250.26692954114452,251.19017369577043,88.081808738598,7758.40503066296,7963.577741099793,5964.19715781883,3675.3246250395023,1868.3360997992543,777.9252916197041,0.03777551960970498,0.41054745545637894,1.0141566748557078,-1.0667690312499232,2.080925706105631,0.41228170352744337,0.1699762030634907,7.860695739720223,3.0046978966690068,3.1149513580026396,4.256599229933031,5.611279979644857,4
0.0009251566090510281,0.049716425353619635,0.15162180012535265,-0.1630925318409665,0.31471433196631915,0.04972503257609093,0.002472578864693304,0.12217598977999622,0.6742545904395497,0.1753613676719317,0.056552082888172366,0.44152331169865633,-0.0012862455674842713,0.04857856868143919,0.12274449731084436,-0.1261737860227596,0.24891828333360397,0.04859559406774629,0.0023615317627971783,0.845559602334514,0.13046097264584677,0.35436023581548903,0.3921658233184429,0.7863479828466761,9.802113402575706,0.04842935502234534,9.932480735194131,9.672381155306743,0.2600995798873882,9.802233039434544,96.08377255938218,1.3875075103839936,0.02974340424054679,0.4750081626835463,0.16632601823436094,0.2828812542135221,-0.02578576761460192,0.4158198324148901,1.0136897311497932,-1.1560841143828202,2.1697738455326134,0.41661857716743933,0.1735710388410216,7.440432615999122,6.558630727744499,5.522072361090689,6.960357605580124,6.561154456933336,-43.89414663076391,76.35232669710103,0.8354826155393026,-249.91393384560612,250.74941646114542,88.0702781902263,7756.3739005038515,7964.854583430212,5957.7581615667195,3672.038019892564,1865.69799574346,782.1587011778649,0.04689459441389108,0.38879359007506525,1.1445233173544382,-1.029100027528165,2.1736233448826034,0.3916114894493026,0.1533595586687012,6.336622831669943,1.780815942987696,6.121199960577795,2.994984827822396,5.157450176598563,4
-0.0024444300525676785,0.04914266636634135,0.1063649333560111,-0.15172285416114728,0.2580877875171584,0.04920342361945389,0.002420976895875433,0.19391668998099076,0.181068785403193,0.7363712804938853,0.6341514521418218,0.6114409634635818,-0.0027533226140418333,0.05289392813149084,0.1395106475815305,-0.14671450391833593,0.28622515149986644,0.052965539916027586,0.0028053484185963117,0.5882946174150551,0.9462150999272347,0.73898627102883,0.6550049345668616,0.4700860958039813,9.796468389693374,0.053756357785800866,9.912788555910359,9.633600231992189,0.27918832391817006,9.796615877754105,95.97368265626385,0.739000272434586,1.0851819900923367,0.5039374916911873,0.7272645389451539,1.0883664997510558,0.029451494724823314,0.30663236296901586,1.041464843041643,-0.7820399916522965,1.8235048346939395,0.30804349783997814,0.0948907965614886,2.0681759818093393,4.3182838386905695,5.700415724078428,3.7119582373006863,3.9728591215415676,-0.02122493855993457,0.3061276067634032,0.7300161028887943,-0.8038071685353406,1.5338232714241349,0.3068625256357671,0.09416460963956183,7.142645439797391,5.136599386147225,5.194998165354895,4.227159184836748,5.953765771484302,-0.017268565754061056,0.28554261819500093,0.6330265116141821,-0.7740963062470354,1.4071228178612176,0.28606431124636705,0.08183279016885837,6.241046633143728,2.7958035784595077,2.2890826047159964,3.328253104034323,1.2792975019675434,0
-0.002901250030117356,0.04445477594240699,0.15835883093631198,-0.11267732351637322,0.2710361544526852,0.04454934742313139,0.001984644355826863,0.46472241631671607,0.7091406527083988,0.7594929574914043,1.1874987963007073,0.7808591550565469,-0.0012875132248007404,0.04551176322903268,0.1288990401900333,-0.15139635941258658,0.28029539960261984,0.045529971255422144,0.002072978282519567,0.880361734206684,0.32054558268171324,1.1718723426371431,0.7737885053048866,0.1218000075144613,9.804718788029543,0.050068619049992644,9.935495460610074,9.688801035584751,0.24669442502532313,9.804846626997952,96.1350173789531,1.2330452301457597,0.356519109883158,0.38197989792768605,0.6193702585775175,0.7715096123251974,-0.009454107144945026,0.282067008068558,0.6155469021355428,-0.8016162805692731,1.417163182704816,0.2822254013774382,0.07965117718265609,5.091708637482842,3.529153980464587,4.065288698893978,2.9726159481387664,4.6653898353191945,-0.009290422972299473,0.27570788225912535,0.7364020771663733,-0.9229151155860997,1.659317192752473,0.2758643657648011,0.07610114829881597,1.4732996461416443,3.418491965108242,1.1188218624140094,2.263675818233066,1.7100730768740464,0.0034866408245409638,0.29293341940114803,0.8837417318649772,-0.6752053148187885,1.5589470466837656,0.29295416854226236,0.08582214486628825,3.8540330217961536,4.013420854129223,6.517751828046022,2.9683307505914915,3.356464386978371,0
-0.0023243095523641515,0.04808569635738394,0.12651848343208447,-0.19612001258091713,0.3226384960130016,0.04814183844713181,0.0023176366090697383,0.6831876566279202,0.2905038450539251,0.27578142935362493,0.3826287357133591,0.6896740168818194,-0.00025956253794161196,0.04747530051466752,0.11613046126313831,-0.11715195508259205,0.23328241634573035,0.047476010064758954,0.0022539715316690933,0.6514109944236196,0.3454447142125267,0.17856152243296253,0.9664249784500067,0.2065653926223661,9.798019968235952,0.04933364219329919,9.94570546078842,9.663877292950403,0.28182816783801634,9.79814416643287,96.00362910620248,1.1497852334954417,0.9831896919436767,0.5136532570490228,0.6698694530821546,0.48518311522467483,0.008156506497641875,0.2901595238611664,0.7718257167733421,-0.8221279266104794,1.5939536433838215,0.2902741426403407,0.08425907788558484,2.184503518892102,1.9052492139939425,4.71856097989304,2.819151893185773,2.2069300334824953,-0.012168960108664122,0.2849223202808919,0.8404118968904936,-0.843188494985425,1.6836003918759186,0.2851820684832295,0.0813288121843734,4.076333983093749,2.588199257164651,1.2356212451223059,2.7388990226943166,2.659565688807364,-0.014294245237474745,0.31751609950028686,0.6446118881811154,-0.96976962975373,1.6143815179348455,0.3178376926810052,0.1010207988887851,5.259864187958184,4.990855703206072,7.972755356455185,6.261730600917397,4.222711720724741,0
-0.0019635915115022605,0.05178582729257606,0.11662147571005624,-0.16797959862287615,0.28460107433293236,0.05182304120756094,0.0026856276000005595,0.7400740610070113,0.9126473645410899,0.3025602353969887,1.2499611856440385,0.8500846036273852,-0.0012000615168654546,0.053743357223714636,0.1196086665573255,-0.1351962979667498,0.2548049645240753,0.053756753932134534,0.0028897885933200614,0.4125373969683603,1.2791666514209272,1.1973306924811373,0.668307566905361,0.7601643461774188,9.797428926160542,0.05499453788281364,9.930548910666527,9.616019803440311,0.31452910722621574,9.797583271519782,95.99263796236428,0.4113348835983846,0.9393174544641814,0.2709872489645504,0.2494327174667691,0.6661827248510221,0.04824540972881034,0.36172044056680647,1.238977236043998,-1.0467217962706028,2.285699032314601,0.3649236861095006,0.13316929668374533,4.853677244532412,6.750478907781388,5.573424513388319,11.399320222148376,4.446704596269993,0.03626194099815549,0.4240386753326315,1.1191900875119591,-1.1660073235951993,2.2851974111071582,0.4255863326550872,0.18112372654280656,8.186389342515612,2.6154269832410804,6.02499151047861,6.218625979847229,5.226763517528977,-45.12627319953195,86.85639348260679,1.2370233562958632,-299.78442138522945,301.02144474152533,97.87958735959309,9580.413621684214,8409.397789214046,6793.224097258616,4763.405876517285,2897.3731974366356,1533.4437292824193,2
0.0001919450175500212,0.05347665003541425,0.120252046482756,-0.1441666722014704,0.2644187186842264,0.053476994510723325,0.002859788941899933,1.0026431075613487,0.7292216287999737,0.44924805083142266,0.5525321442473875,0.35550453515524877,0.002036277321111933,0.049097350285348035,0.11952407745528133,-0.13051757889027402,0.25004165634555536,0.04913955871159853,0.002414696230370639,0.3778422075034773,0.5882453556319586,1.1004443014591783,1.1529470660875523,0.28966793490898524,9.80360486960735,0.049781118148340804,9.969587172194327,9.688370643682347,0.28121652851197965,9.803731259021387,96.11314659911307,0.31300073612590923,0.768309262249039,0.2997586017525272,0.7299061516241452,0.8951251597242101,-0.0002492705380507454,0.2975709575582568,0.7331918171506316,-0.7306541714329304,1.4638459885835622,0.29757106196325445,0.08854853691793901,4.589064670531651,4.526057153462248,2.632096269840481,3.83777533649177,5.621008938650119,-0.027787534539187933,0.2975542475423139,0.9151381554277974,-0.7576955244116407,1.672833679839438,0.2988489205371824,0.08931067730623919,2.9230852392768205,2.415612605950934,4.248175607677272,1.1223377598895885,5.125716183364603,0.0018137939806401834,0.2739720757226684,0.7594045903538207,-0.7580652057612729,1.5174697961150936,0.27397807964213444,0.07506398812439176,3.7061484210473536,3.948459470743894,1.0668427612799976,4.084047173719266,5.903929015539942,0
-0.005365999255620527,0.0461126625765213,0.1364249337351628,-0.11046372948753586,0.24688866322269865,0.04642382575690448,0.002155171597907428,1.5808489706561015,0.08038999803500299,0.23828603684290092,0.3731798737307668,0.3935943150552074,0.004450594997966493,0.05140641488325929,0.14053233292103115,-0.14999640463398778,0.29052873755501896,0.05159871400515429,0.002662427286985706,0.3355831452376746,0.5100842418960269,0.8662227187525682,0.9413683978493059,0.5679905433688138,9.801252716369905,0.04793838865715817,9.912396730234521,9.657827135583462,0.2545695946510591,9.80136995012715,96.0668528992555,0.26483373439589286,0.514628282126251,0.7255507880477302,0.21710626937979022,0.43761995392905756,-0.043737339082050006,0.414196032240117,1.1066321187859198,-1.2297843019113872,2.336416420697307,0.41649886909022243,0.17347130795343424,4.627287086286287,3.5835452335946285,4.574767194719779,3.263359720700843,4.691472466365617,-43.83019919836472,76.35665272877544,1.2196746534189096,-249.95837238306288,251.1780470364818,88.04217613002955,7751.424777711144,7968.344120650033,5958.878722175038,3665.7775547084425,1858.38326318035,792.3983615510084,0.014631163552923869,0.3966127036473124,1.0765142942297883,-0.9011076035126533,1.9776218977424416,0.3968824859342413,0.15751570764134326,2.8866841381844175,3.075447497745071,9.252041534003686,10.689848063901328,6.138655762485219,4
0.006978427557058595,0.049738793739446834,0.14168704166061544,-0.12825865283600937,0.2699456944966248,0.050225950004199535,0.002522646053824351,0.5429788330071519,0.918834349339764,0.45002907704310297,0.9046585022907523,0.42831748406612796,0.003760229161808152,0.05337912636470278,0.1661447547146481,-0.1802958894262986,0.34644064414094666,0.053511404904078345,0.00286347045480822,0.28018350215266474,0.28177826774211107,1.225564183205327,0.44120422613400384,0.6659655246313357,9.800945988167104,0.04547017735219276,9.92564878939902,9.696151127515577,0.22949766188344256,9.801051464001059,96.06060979999731,0.06556825763839877,0.2921201623953723,0.49988048388026884,0.45187019611790047,0.7897309510250291,0.429664937423417,106.1598329089854,150.02444326474458,-150.89017144887902,300.91461471362356,106.1607024054671,11270.094735222148,76.98075548756529,77.3366987378154,81.73389423385161,98.7242562030506,101.29090155710877,-0.6619922049496992,84.63081274309063,120.2225649463065,-120.18886662380463,240.41143157011112,84.63340179406406,7162.812699235485,133.24921636300547,129.0236647034363,122.22603805222364,137.50698800062688,138.83631800884987,-0.4008131392290684,127.51814462356215,180.4145777065067,-180.71032971160835,361.1249074181151,127.51877453696099,16261.037859408292,90.3656339338026,93.07853813377035,94.7854738271005,104.28259438988587,123.1886230654144,5
0.003775509648201779,0.0477537000721575,0.14493783938392552,-0.12229477854770586,0.2672326179316314,0.047902717497916955,0.0022946703436852395,0.35921113966267704,0.3682551716614025,0.10026175608080569,0.7900142067065017,0.2793335407357555,-0.0011141265689963054,0.0505763333371094,0.12742234831671898,-0.1357014805149644,0.2631238288316834,0.050588603181330745,0.002559206771838147,0.16220139401413877,0.058080897981328816,1.0219780457287633,0.09993057571630086,0.8051790337307092,9.795517508427805,0.049904969944135964,9.930299570137187,9.660862273498712,0.2694372966384755,9.795644632383354,95.95465376394081,0.8106216893877897,1.7290745157264629,0.5677113414229068,0.5571176572231434,0.861593323993135,-0.03257210912757031,0.36037716008916626,1.1498904052522338,-1.1684398381097079,2.3183302433619417,0.36184615488761374,0.13093263980695094,5.736352513327426,4.003578474648418,3.3627939388761603,1.7173266512494851,9.016673245636472,-43.91089056342478,76.36218991352862,0.9376891882700781,-250.1177865654475,251.05547575371756,88.08717476717527,7759.350358462881,7969.851546224635,5950.5283742894435,3677.6844861099926,1867.4232851564336,775.2067182282908,-0.011981881814451461,0.40038463280328535,1.3841448467381658,-1.2717788480652592,2.655923694803425,0.4005638771492471,0.16045141967683713,5.687938020989699,6.652883801489778,5.734974740338421,8.066195737823344,3.6296402481114796,4
0.002118132660393192,0.048106212011089174,0.1280888263726043,-0.12457160166503,0.2526604280376343,0.04815282047837784,0.0023186941200228845,0.3995691314139932,0.5978943484871516,0.4865428358837441,0.9988747227782292,0.5873968906150675,-0.0013422293550209414,0.054481930146515374,0.14413876066524903,-0.13305041460008601,0.27718917526533504,0.05449846137398064,0.00297008229213126,1.0497411139368973,1.0574878649203612,1.3224592205524743,0.8088944094254884,0.8282480802834639,9.798924915590826,0.04526584377788756,9.949136656176908,9.68509344661438,0.26404320956252825,9.799029467146202,96.02097849799958,0.19236910460982373,1.1658095449387635,0.9191069233227048,0.1485066154165611,0.6587021079675601,-0.026826000063901758,0.4070487228502125,1.0213899727823756,-1.0640992632049637,2.0854892359873394,0.40793173087346074,0.1664082970534176,6.056664406015764,8.387105849475647,8.327364095247844,7.933691106417098,6.828582576672884,43.848510822594704,76.35967443591458,250.39908512816478,-1.1370956068632203,251.536180735028,88.05391406018288,7753.491781318071,7965.0785992374485,5958.732127429825,3670.251930637733,1869.6212211747138,788.1956817166019,-0.03399462156361172,0.4110249640090635,1.0982619355028083,-1.0516250562757616,2.14988699177857,0.4124283638814202,0.17009715533390513,2.520737771916349,1.9493165865555953,2.9599462683986744,6.795860377168947,5.328170105146298,3
0.005174804491217318,0.052469730786458765,0.12732412421630546,-0.13291208565361257,0.260236209869918,0.05272429468779817,0.002779851250325782,0.5283796620339095,0.4399901347538722,0.9752282268742121,0.28976810551483984,0.7104899805104853,0.002773341852629153,0.04658537837844562,0.13040907861644677,-0.1616315533644333,0.29204063198088004,0.04666785728630031,0.0021778889036944927,0.32106895325683077,0.27530335409606543,0.5469476343589124,0.5687628238031434,0.8031145616597573,9.79570150730905,0.053235927711835385,9.932880873732357,9.652062418827285,0.28081845490507185,9.795846164793325,95.9586020842961,0.9554585137569953,0.944652469864725,0.9076349734467773,1.0734949732465136,0.5529553815642905,0.0004914662276276083,0.3629354757734198,0.8941504322753409,-1.1778519419219238,2.0720023741972646,0.36293580853083574,0.13172240111393146,7.10016072223421,1.6494647004464051,3.5277455793873265,6.892262103842912,2.4887735882649284,-43.89150546534372,76.33184107156445,1.1955894774946647,-250.6857346266961,251.88132410419078,88.05120222568725,7753.014213388872,7961.997520230917,5953.088220893184,3677.2758959455705,1865.3775304810504,780.0476917731733,0.0038219328195273137,0.3531592063101288,1.1074082700008019,-1.2270037609121374,2.3344120309129393,0.353179886420613,0.1247360321720771,6.27811204200599,3.0233811432883053,4.980457293843296,7.9803336120581925,3.82578900739658,4
-0.005760522987739923,0.04905618023817261,0.19884340938659995,-0.11645505214500469,0.3152984615316046,0.04939324290479779,0.002439692444652357,0.06080534412021259,0.8617289652423462,1.451449045192597,0.3760679938528454,0.9130677060588736,0.0026695174530455244,0.04921524284122968,0.16172220135154336,-0.16462935584592286,0.3263515571974662,0.04928758922237245,0.0024292664513533243,0.510464148635042,0.3855721372596409,0.8154972630335874,0.14738609027287564,0.34681757586499334,9.803869256360334,0.050005411700581384,9.938563395087868,9.659976247053995,0.2785871480338731,9.803996783812543,96.11835293700669,0.4736544523826198,0.4662622982514819,0.19295383121227785,0.7991284973808904,0.4128809767763158,0.002761534798934836,0.37598832057980114,1.3646698215980912,-1.1931831605805614,2.5578529821786526,0.3759984618144933,0.141374843286865,1.2637325107066275,7.033615405833562,3.302094487831911,0.5596076097295954,1.0910036957298934,-0.042295056555103974,0.4314637264027651,1.008745535055478,-0.9960435743432896,2.0047891093987675,0.43353179700035793,0.18794981901035954,3.5311772771294425,1.0670350829065383,7.52370530947476,5.460184188681309,3.380094765670222,45.11751070659024,86.82617565446418,300.33143853804324,-1.0595998003161329,301.39103833835935,97.84873300732694,9574.374551139153,8408.646199552228,6791.096593689309,4761.928503368578,2897.2860877499115,1521.2550346210214,1
0.0010167408887992793,0.04772502039700835,0.1177712242026824,-0.12317952112913476,0.24095074533181715,0.047735849567487734,0.0022787113339298192,0.26619214152128695,0.6911308210866721,0.2936952401333947,0.5755249704094709,0.6444447358181933,-0.0014196678347297563,0.049061361506964246,0.1110528450021803,-0.14163028471625302,0.2526831297184333,0.04908189737243253,0.002409032649677999,0.7467069516977152,0.8366661191114353,0.5210824962637376,0.8402068211408458,0.6731961443610659,9.797207135842848,0.05240193430262675,9.932941561587091,9.638155010009047,0.2947865515780439,9.79734727491726,95.98801362532868,0.3652867948281914,0.2806008903900145,0.6813231076412875,0.5370181166188635,0.42404896981912343,-0.0016045091464322204,0.4281264790567738,1.2444670617086697,-1.070296534804833,2.3147635965135027,0.42812948569229753,0.18329485651915117,8.077121543067712,4.308646853536431,2.6394907573556656,2.7015136726975957,3.966709207106339,-0.01774108322396887,0.42546449936369235,1.419472959038563,-1.211628402718624,2.631101361757187,0.42583422390967723,0.18133478625275715,6.149951675836617,3.6834628348049776,8.931535666725736,3.4362910664731405,4.747926024703837,45.13452411953531,86.84131899641805,300.03154589462514,-0.9560012028244016,300.9875470974495,97.87001559484168,9578.539952534553,8410.155989880204,6794.559653928573,4762.141058075651,2888.725375759132,1526.3468886827047,1
-0.001223221683365456,0.050795627150733186,0.1182560429259074,-0.1461357932247506,0.264391836150658,0.05081035336349234,0.002581692008922958,0.3159640426050014,0.525183779060885,0.728325161867737,0.9010452274748562,0.41781053374476096,-0.0031045954844690347,0.04972462996914987,0.11413885752228628,-0.13259978913268988,0.24673864665497616,0.049821454602320306,0.002482177338691063,0.7710215287978573,0.3188049681235594,0.8614665052202654,0.06346962956422418,0.16729934354198983,9.79986062523054,0.05180032325679487,9.90964823976697,9.630134492622652,0.27951374714431765,9.799997527929966,96.03995154743345,0.7149644753873372,1.096245040388766,1.589373785271518,0.6654021260737011,0.2822158638790381,-0.017905896148007347,0.39182577217060316,0.9839630750630743,-1.1601337804416896,2.144096855504764,0.3922346961373416,0.15384805685395267,5.4020161627094305,1.1687786087063923,4.8700126727489295,4.678521432501406,1.6718239855444907,0.002197019660613164,0.37598577999409966,1.0214135473483632,-0.9899826978256971,2.01139624517406,0.37599219892593605,0.14137013365316065,6.054071378787758,5.00138255589958,1.0753208849323648,5.606919395303262,6.07932061223078,45.150240391309026,86.82107605877603,300.475892145282,-0.7857618001928639,301.26165394547485,97.85930438847788,9576.443455396766,8404.408262612802,6793.459004781943,4761.017281984495,2897.9315506953544,1525.1006362893218,1
-0.004765659476113536,0.05324132229060709,0.1275343455927441,-0.14634891730265567,0.27388326289539977,0.05345418514480008,0.0028573499094945655,1.3186702700185813,0.39892812487866197,0.9278731835502915,0.42352507944468953,1.0954201090297429,0.002324353502114555,0.05351284661234768,0.17003640530748657,-0.12156964637462774,0.2916060516821143,0.0535633024724899,0.002869027371759443,0.9687483344150366,0.9481099828827069,1.024864240334193,0.22555268934718456,0.39810603754970353,9.803023525340093,0.04685356241553552,9.913269907953168,9.680570088779119,0.2326998191740497,9.803135493028867,96.10146549468233,0.716598564538314,0.930868910728033,0.49697240955933203,0.5641995970065029,0.8223464164083719,0.007973590425450785,0.39682061061608687,1.1940213222506715,-1.1007934538718398,2.2948147761225113,0.396900711959549,0.1575301751539969,1.4722596823209222,2.927816603407156,7.85575856827864,8.183455286932809,3.5829648448945335,-43.87872549685644,76.34308695493995,0.8594996743256923,-249.69425043831154,250.55375011263723,88.05458237387764,7753.609477038003,7964.339846720958,5956.50097670186,3670.3413838882666,1866.7708747401196,782.2229819111838,0.03674789178131149,0.4379633360035747,1.118947835012023,-1.4322184500877229,2.551166285099746,0.43950232221656244,0.19316229123375106,4.990924689422055,3.371786733600195,6.196649779265184,2.8440834665613464,6.98571542194098,4
0.0010434714739515638,0.04748897037524421,0.15787717437443835,-0.15081249595385127,0.30868967032828964,0.04750043305084462,0.0022562911400177722,1.5431089475355402,1.2693345319360831,0.7599436356638483,0.4759467869990055,0.2648681439514714,-0.003816962600843439,0.04982518212707001,0.1300698528590936,-0.12952655742107708,0.25959641028017066,0.04997117146407451,0.0024971179774919343,0.8030847263633709,0.9178273746111143,0.23275896205896976,1.1977730435166618,0.7160210812683073,9.80185238164262,0.051801365058876746,9.943123052873398,9.690959409372837,0.25216364350056075,9.801989262029164,96.07899349293504,1.0124640843955217,0.18755560401006524,0.2356931520452737,0.437952218992847,0.40328713384772685,0.038047208566503475,0.42669673345981474,1.0171986513042883,-1.0345725342554242,2.0517711855597125,0.4283896502309308,0.1835176924249792,4.497672585747288,6.701353976834431,4.886771354842286,3.157021968053008,8.482218810654109,-43.8181023118462,76.33422289732518,1.2906984517496056,-249.96215939516895,251.25285784691857,88.01670111717402,7746.939675549944,7959.064594950396,5964.28709484881,3665.9275442017047,1865.3803449512272,787.3074962554599,-0.034793333239070454,0.40313530642654494,0.9649788446067982,-1.307586660486229,2.272565505093027,0.40463397203585033,0.1637286513255093,1.9459669053754083,1.9385015650844541,10.028916089588781,1.0781861707318305,6.950291073854252,4
0.0012758175583592044,0.04827527949469312,0.1266690920510727,-0.14018121291164312,0.26685030496271583,0.04829213518506876,0.002332130320732956,0.9426895221620178,1.2244299717829619,0.5958553322104674,0.2548514520991881,0.49419778011341575,-0.0008728113564116524,0.051244686059255855,0.1439858234864101,-0.15183322712482583,0.2958190506112359,0.05125211848280589,0.002626779648975573,0.504071676314372,0.6548713989519932,0.5847158199391033,0.3580942846074375,1.106749528694549,9.80126255709443,0.04639172299186932,9.907874569147117,9.658029620397334,0.24984494874978225,9.801372348047156,96.06689990506344,0.560801721535694,0.47102634814625394,0.3565089445258238,0.3368135364217543,0.5899407073264232,0.021802360415107004,0.40337550340509226,0.8419958068577051,-1.0714189292218577,1.9134147360795628,0.4039642801869762,0.16318713966698184,1.3730796234606415,7.09756640260134,5.649495893753394,5.806777102912422,2.8105549119065305,-43.86208464512885,76.36417566314333,1.0247680589809522,-249.6935597315989,250.71832779057985,88.0645774084442,7755.369794127859,7969.419594308783,5954.933332350298,3671.708759165372,1864.116404878639,786.3379333307627,0.028776655170409792,0.403867929217172,1.4727564648449796,-0.9622162381613288,2.4349727030063084,0.4048918375726576,0.16393740013296337,8.582655939802258,12.174313535980733,9.47024818622771,4.668096034882824,7.571352541885873,4
-0.00015781409622703704,0.0453924953318531,0.1280444658146565,-0.16533993229663682,0.29338439811129335,0.04539276966369505,0.002060503537741274,0.03064151432073502,0.31666628576744116,0.24321968472462788,0.5186507103041381,0.33732546258572554,-0.0013835940395927034,0.04864227896192772,0.14147680024270956,-0.13935256216589517,0.28082936240860473,0.048661952643481055,0.002367985635076393,1.0094723681435576,0.47003654524732286,0.9287618889140397,0.7655704286926416,0.5869870313095806,9.801775818864044,0.05370883044133208,9.940937656395144,9.649096190030972,0.29184146636417196,9.801922966527297,96.07769384173527,1.289112359255901,0.057069442546237754,0.7441769676520869,0.8189452033785682,0.7383669011250706,0.03203177516556987,0.4099140328388332,0.9809928413217849,-1.2942060298458402,2.275198871167625,0.41116365225838436,0.16905554893845362,5.389025080351475,2.5313805265054192,4.4052413079209325,5.522592459859579,2.943870118449144,0.007845295439844725,0.3878523819051506,1.2607033988622118,-0.9569358486218276,2.2176392474840396,0.38793171926260067,0.1504910188100372,8.771514058915825,5.778949419719677,7.848210700050996,2.8066589546148424,4.294499112704012,45.11786496584789,86.77377649862541,299.96859072360525,-1.0085637198528885,300.9771544434581,97.80240297104096,9565.310026909881,8404.471267420025,6785.067618225549,4754.423615772843,2897.567148806857,1529.2220942773522,1
0.0025400841985073804,0.04597621480406322,0.1528825545599882,-0.1136757248278218,0.26655827938781,0.04604632836008609,0.0021202643554448686,0.44592443384607755,0.34361126032525297,0.380353040446175,0.6730283485945048,1.0591184824365758,0.0021341966862631558,0.04966736491500131,0.15305400725144966,-0.12019056434019924,0.2732445715916489,0.04971319677002837,0.002471401933095559,0.3617989435253313,0.34167007415575623,1.0279347326030708,1.098336039810436,0.5731738339385622,9.797656791511178,0.0518969686936363,9.978089351778747,9.657441109690884,0.3206482420878629,9.79779423643938,95.99677189960472,0.8700675600524449,0.8480154981986385,1.7308036850433182,0.2876816430762551,0.4078231392150327,-0.028790232774552643,0.37204821063124177,0.9202505971421147,-0.9040905769781411,1.8243411741202558,0.3731604863019687,0.13924874853712177,2.498379970423189,2.2432386568807257,6.098921280480158,2.374118588700527,7.09499687248301,0.0010112394302688,0.39621354599413316,1.1903628177364032,-1.0972066366195679,2.287569454355971,0.396214836464298,0.1569861966344304,3.4429636920895055,1.6293466513650765,9.518718870668035,4.324785854434595,4.317591711031013,45.07641601752165,86.82496497582557,299.54508305838345,-1.0742066312544074,300.61928968963787,97.82871676577395,9570.45782403802,8411.073577210831,6791.993944734989,4758.109163763853,2891.3411425154563,1524.506654050521,1
-0.004043393073268684,0.05461613974868333,0.13290281966062054,-0.11159277256410914,0.24449559222472966,0.054765607351627756,0.0029992717485926644,0.9826898327679798,0.4553550084859311,0.44363241811983806,0.34225007709880756,0.173915365260067,-0.0013885912867047075,0.05038518328487166,0.11451840016363218,-0.14046695115081642,0.2549853513144486,0.05040431410515992,0.002540594880411623,0.4240973722627693,0.11332806474398696,0.47491844619792656,1.2286394459197778,1.0474483708116265,9.794302841688712,0.051728730639274544,9.9371008380028,9.64084783671715,0.2962530012856508,9.794439443698916,95.93104401628513,1.2340543948079978,0.6489751758308552,0.40914224700197427,0.8232442070037351,1.080292272957424,0.014932993488524783,0.30581474946326775,0.813383156290976,-0.6940851090451617,1.5074682653361378,0.30617912287386534,0.09374565528380954,3.2159622127439147,3.80066730035305,0.9972731932455297,3.5625122390213884,3.3611020235515014,-0.011121912972183403,0.3061641921744103,0.949716083579535,-0.7256734139128935,1.6753894974924286,0.30636613637601995,0.09386020951797004,5.220154681042833,8.637676189643786,3.746100962842155,3.9931355345876347,4.471136969016012,0.013967047383150952,0.29722966369768605,0.7472416359601203,-0.8106974532372662,1.5579390891973866,0.2975576438178706,0.08854055139444275,2.0692478871957016,5.358584599210135,1.8853012683903194,5.13581523590012,6.083115836196165,0
8.049419961057569e-05,0.05336790097332916,0.14766381134354087,-0.21564864593745808,0.3633124572809989,0.053367961677538704,0.0028481393336152396,1.4161418166739874,0.32610562846520513,0.39377247137781796,0.3611718325240247,0.7976189670171037,-0.0003135552241462855,0.05018120194655711,0.12135103361514027,-0.14530083297038973,0.26665186658553,0.05018218155560533,0.002518251345679736,0.6767525246688679,0.8612408486774126,0.9262802166000119,0.7238244174602652,0.7374428572215632,9.79808248052398,0.04854505843900508,9.940035345733367,9.666863097537627,0.27317224819574015,9.798202739168536,96.00477691784981,0.3994107427448374,0.48592880252421317,0.14267862113360463,1.2314048594880702,1.2383607419718456,0.002497600801652642,0.4031855990865204,0.9885325909757843,-1.0924994065875262,2.0810319975633105,0.40319333491579545,0.1625648653205208,1.5012027862675865,1.9768992824135598,5.356495692734759,10.717410809834202,4.7396228341749955,-43.885711721441155,76.32556231568276,0.9779754299934978,-250.6906316362972,251.66860706629072,88.04287112596118,7751.547156102609,7957.8079322160365,5962.011180392986,3670.1675052536007,1865.237540756771,778.7908336192726,0.020319923320136546,0.3887816021999701,1.1284715689862639,-1.1750291881647807,2.3035007571510446,0.38931225705455513,0.151564033492912,3.8013216437355704,6.377545912715044,5.105042902381395,3.1441382696519433,6.866731887538334,4
0.006234729900484699,0.048603471189422716,0.16525863045977218,-0.11527426648482438,0.28053289694459654,0.04900172720010022,0.0024011692685930418,1.0091902288009404,0.9996989385294132,0.31234122347870896,1.027524074336827,0.7625979566074406,0.0038805192142724702,0.05405152759172862,0.1355970633260166,-0.13873533052478518,0.27433239385080177,0.05419064554304311,0.0029366260643717383,0.5672953180340919,0.1919460921380774,0.8567403077912541,0.5410873076341276,0.3821373397719556,9.80376762071958,0.04719655879947866,9.955177513118024,9.678500572952979,0.2766769401650446,9.803881225118557,96.11608707623215,0.6023496828888959,1.0037626697903992,0.9372892567531755,0.7757534805626494,0.5065411385702413,-0.03434634183804394,0.3860704588430155,1.108240976979187,-0.9709142544212206,2.0791552314004074,0.3875952404105504,0.15023007038891234,2.174881838473699,0.8265292749192281,6.601719480208162,1.1365581167427854,2.7782508121493334,0.004809507197105678,0.40908275612960737,0.8766622681622558,-1.1453912224399032,2.022053490602159,0.40911102737774596,0.16737183272207481,6.489890225794318,1.5619740490278478,4.036585070403144,6.795328871085343,4.153109671970409,-45.086078249558014,86.85861916083435,1.0640509779869558,-300.14188923721167,301.2059402151986,97.86303783580463,9577.174174452128,8414.191639067494,6792.631886913376,4762.975246013712,2892.625902531208,1521.5913349204468,2
0.0032189168859756913,0.05063623302401204,0.1423947045068571,-0.145249317890192,0.2876440223970491,0.050738442238413936,0.002574389520780867,0.9714304582898352,0.6929889467591335,0.4897098958943419,1.3761389561120247,0.29387918278163677,-0.003447142747293097,0.04920916389219664,0.13885337243451687,-0.10872185286077585,0.24757522529529272,0.049329753740407885,0.0024334246040892855,1.0154196235016115,0.6586369895030849,0.3403444172005346,1.6448148761431975,0.5029620552890969,9.794869251595957,0.04493018845671297,9.922258525054104,9.663942421728768,0.2583161033253365,9.794972301017227,95.9414823776947,0.8931473702385214,0.2693535780515821,0.6540323618341961,0.4613241356696966,0.17645451658819544,0.009339388780917968,0.3018411908024247,0.7422793371129021,-0.8555153869906729,1.5977947241035748,0.30198564311540854,0.09119532864782691,2.733839201457392,5.238632861499296,1.8231418962934802,3.6036144090356084,2.7692221285782748,0.014279845665433897,0.31355444071169797,0.8404719840192417,-0.7963675096634504,1.6368394936826922,0.3138794374951222,0.09852030128225434,2.4783866480798724,4.401770076518794,2.1126733702410116,2.011029446273325,7.543923547268393,-0.0062896417587257605,0.30627411348123534,0.8192126617052385,-1.019498559292612,1.8387112209978507,0.30633868867998004,0.09384339218216974,2.367541959465435,1.1148425210927753,3.2997009306291254,5.7056052083938775,0.9940881282110531,0
0.002042608734743224,0.047035279029921016,0.10050211793342186,-0.15645577514842401,0.25695789308184586,0.047079610489741484,0.0022164897238657767,0.5146665716009713,1.4671349997999514,0.4678240722182755,0.9127870556267782,0.31583403839445473,-0.005425425230491423,0.05155549652187774,0.13161750034731504,-0.19380610734591353,0.32542360769322853,0.05184018191084017,0.002687404460549001,1.1023187543589934,0.3694280287769602,0.5711852930100809,0.9513298795866365,0.9489208267980773,9.805197630724399,0.04961165100305468,9.971166034924718,9.68268453972919,0.2884814951955281,9.805323140696517,96.14436189347862,0.3821270224751521,0.4376332804614443,0.36980232344508707,1.0362167764796788,0.7665240848096291,0.3243304345440532,106.22393415842411,150.49402994621602,-150.64307805547006,301.1371080016861,106.22442929158994,11283.629378323993,74.05301684736747,73.80619987504745,80.36147904036014,89.84993907311329,96.36651846386513,-0.7426762007646062,84.60420301591972,120.09458868417092,-120.77742103329305,240.87200971746398,84.6074626489776,7158.422735898141,131.43720643086812,128.71626561817112,131.63045236258068,129.59645311382639,129.26410449055496,-0.42096722079438337,127.46389510063898,179.89674295267733,-180.3032312953095,360.1999742479868,127.46459025010704,16247.221767627681,90.80687032535194,100.24019231646824,98.26162363018095,108.21052720306686,109.00792130058743,5
-0.004945979940084373,0.043717141724422426,0.11165579585660884,-0.14866530856462787,0.2603211044212367,0.04399603616373813,0.0019356511981209535,0.6368024847782,0.7318579759410386,0.5286915420635849,0.505131336569337,0.219830195944288,-0.00132900355068487,0.04903615829322941,0.11798071295500519,-0.16877895500888002,0.2867596679638852,0.04905416466108036,0.002406311070596385,0.0477262128461526,0.048507435775012826,0.16893265181415903,0.36572362213518356,1.0888722665640345,9.801074458147498,0.048140092836557964,9.96888841206447,9.66163372886988,0.30725468319458926,9.801192682663144,96.06337800268957,0.1838744795378713,1.0024626809065231,1.4468265637792308,0.48603572922934307,0.8308481281961594,0.003514799536477273,0.3004549694446724,0.9863283562166216,-0.9963343666767416,1.9826627228933633,0.30047552725601573,0.09028554247978064,5.661213080532088,2.15928058463257,2.927678328684055,6.769895805414105,6.913555207705123,0.007831487842599074,0.3305752536609471,0.7807439624622939,-0.9101968086435807,1.6909407711058746,0.3306680065183632,0.1093413305348283,2.2333578069389706,7.361307714145302,4.79008822948361,2.1359411499511762,1.0638879543061897,-0.026609873989412388,0.3041770433161737,0.7740875696072325,-0.8981119807981868,1.6721995504054192,0.3053387611724097,0.09323175907430185,0.43991283566245526,5.553562388388918,5.0523216717964194,3.983438452554673,2.8270374020750015,0
0.005238124324161784,0.049265170151684246,0.11449277833489682,-0.13178162354330253,0.24627440187819935,0.04954285959156754,0.0024544949365097758,0.6274452555711688,0.258159827821741,0.26982484193727624,0.7543982095184081,0.38542195446593935,0.0004655872986407118,0.04854882322347506,0.1514499592986217,-0.13254813190811524,0.2839980912067369,0.048551055682826166,0.002357205007916887,0.660286941633053,0.3670221451470929,1.0352766706679761,0.09768276505292588,1.1571885905945256,9.805105198204206,0.0507021160772597,9.93556423687005,9.675168394253397,0.26039584261665283,9.805236287434681,96.14265865242585,0.5900532939012432,0.1631221362227962,0.2563815630611615,0.24590575719408253,0.614949154482796,-0.0273376319630406,0.3731355310029458,1.259362913810652,-1.1230580707665034,2.3824209845771556,0.37413563131329386,0.13997747061819696,2.904246923685573,7.365979790359607,2.2145412034830074,2.087780340865208,5.262260343860759,43.91418714361715,76.35314995325561,249.99834287071295,-0.6558472846243285,250.65419015533726,88.0809817172184,7758.2593402689645,7966.716143956209,5954.526942220089,3670.208342815688,1870.4777252535657,787.5939468472566,0.03955622690358207,0.40262850757532836,0.9973847730603064,-1.1328870578061907,2.130271830866497,0.40456694155502115,0.16367441019918388,8.33822994682824,8.283938645822445,5.35563618543424,2.587661904131094,0.7260602309111509,3
0.004817417210632608,0.04827925492687211,0.13656882399682288,-0.1381644003094201,0.274733224306243,0.04851900622307926,0.002354093964875204,0.3988305977692782,0.1463541299196833,0.9507118738948915,0.23477747570707214,0.4563239085494563,-0.0010717317476823954,0.04742818141710672,0.11754392945573029,-0.13959276893060718,0.25713669838633746,0.0474402888004803,0.0022505810014729765,0.22569295134254827,2.040036655576719,0.6484103210315248,0.14158817366060875,0.819351184891818,9.797199010789068,0.050199335024725254,9.92897073127557,9.660858917762928,0.26811181351264146,9.79732761676587,95.9876284302432,0.9011111172408165,0.5726701321500454,0.29615899831759174,0.887910311565921,0.29949549100600065,-0.04365217359802413,0.4049101054183747,1.169448010600776,-0.9672803685227415,2.1367283791235177,0.4072563145363757,0.16585770572975136,6.763905063122357,1.0816815673560018,2.602389494202723,6.76071350673688,9.576700137921483,-43.830464198736806,76.39131679887528,1.0550008574401712,-250.34099765310876,251.39599851054894,88.07237293353049,7756.742874142875,7966.268235376484,5962.089327522951,3675.9520147145736,1866.9938305779451,788.6676063644063,0.009648547200271352,0.35314068839337304,1.0382445694580855,-1.0374100806726838,2.0756546501307693,0.3532724731167449,0.12480144026202127,1.624055125601792,2.779795684618032,3.2966208899008858,6.600982934906587,4.687179660076205,4
-0.005859741077410461,0.05078593858951675,0.12292391821181654,-0.1439277740500685,0.26685169226188504,0.05112287280574575,0.0026135481239124582,0.4091528658820024,0.6531234624351065,0.5665286831889376,0.3848710419967529,0.6804184884524972,-0.0013064306058456704,0.050424635291702026,0.17792998071902327,-0.1420439619314599,0.3199739426504832,0.050441556332344185,0.002544350605229052,0.7839262633665978,0.3720820137098695,0.39786717093199114,0.6307838591582495,0.6052421153169129,9.798974188514745,0.04844080407738857,9.925315413071027,9.677924203209212,0.2473912098618154,9.799093920290684,96.02224165867784,0.5177518721006652,0.6092156895365772,0.4490083452579706,0.07800019424762432,0.6828971914805398,-0.0036857075190890698,0.3875151723230613,1.015332231543888,-1.0990867584344055,2.1144189899782937,0.3875326995499711,0.15018159322048816,4.17275373344928,4.2704058537606535,0.619803866977487,6.275919212493234,5.110006557076411,0.03610351969957101,0.403855657481609,0.935458316045944,-1.0758402879019662,2.0112986039479104,0.40546622080587674,0.1644028562146,2.7920118086016603,6.181766598126207,7.823430918045362,2.649071617278045,4.590761272470891,-45.16047626224254,86.82117065843718,1.227495947828817,-300.5840823956244,301.8115783434532,97.86411135208883,9577.384290734042,8409.25870650271,6793.0263991795455,4759.855976099122,2886.920067371222,1525.5544403514725,2
0.003528575809780052,0.04881712857210636,0.1198975890285001,-0.15696105678745223,0.2768586458159523,0.04894448783337025,0.002395562889270928,0.260521565462994,0.6084068381938126,0.43403645299275356,0.2863700697336645,1.4560342911030997,-0.003255307409271766,0.04933552740418035,0.12503324300431615,-0.11253193980829912,0.23756518281261527,0.04944280827964256,0.0024445912905774903,1.0377312737023563,0.734296577531469,0.49989828696145827,0.6355865656543768,0.5855889748803894,9.80189036872145,0.05069332987185225,9.955054049094398,9.657035078837193,0.29801897025720514,9.80202145550232,96.07962461412781,0.4788947716009946,0.5374895795520772,0.8506053236351256,0.49801412037920356,0.9110418469609824,0.3797122548059363,106.23874068827514,150.5464725036925,-150.89356156980273,301.4400340734952,106.23941925870555,11286.814204427017,76.3087937473086,85.16065569313155,82.2806641020722,92.39029791508385,105.83942835893109,-0.6712174302107826,84.64822274420403,120.29401756083556,-120.8243683975157,241.11838595835127,84.65088390909452,7165.772146590998,132.96596585179478,136.72723916847428,131.81623913387438,130.4763162466423,138.18822693597065,-0.48196833175953485,127.5046705382537,180.19391992702745,-180.44531262958475,360.6392325566122,127.5055814564266,16257.67330254144,93.01947014906348,84.63987061865903,84.28834117100429,93.76130383393533,108.9353483201489,5
0.0038540491795601203,0.050761522075974064,0.12564602820540424,-0.12419035287231328,0.24983638107771752,0.05090762043690581,0.00259158581854807,0.6364406688112322,0.10425987021794443,0.831318378063936,0.4365134766619781,0.13740958391688815,-0.0017561662803881994,0.05158387604446323,0.1493804206536759,-0.13666233823721471,0.2860427588908906,0.051613761612334746,0.00266398038777492,0.30250149137258675,0.8644118159940375,0.5043923458011207,0.7384878306264155,0.7058398935651279,9.79328753817568,0.04912219326800643,9.951601489146833,9.632446025260823,0.3191554638860108,9.793410733511513,95.9108937952585,0.2157734966584276,0.44796263783923723,0.9484259161447623,0.7316814121493589,1.0315153549667184,0.36402778869848873,106.14342207137382,150.44100412549554,-151.27037747952576,301.7113816050213,106.14404630148952,11266.558565252753,77.17497562556503,84.84733604586454,88.49471479681226,88.81861177276741,102.21624922866684,-0.5753347173265658,84.62498653214016,120.04348084778063,-120.662834654219,240.70631550199963,84.62694225600889,7161.719355601862,130.27053387622186,135.09102252111785,138.31212173481882,128.51484983286758,144.52686295797056,-0.42835323341102366,127.4805640482922,180.31822214162327,-180.00353797579007,360.3217601174133,127.48128371083853,16251.477696563303,93.45635219868068,93.9924450417541,94.00048663841676,97.34735544435316,121.82551181495937,5
0.003916205103392151,0.049006895959629634,0.14752771162003983,-0.12243767426410004,0.2699653858841399,0.04916312148358562,0.002417012514009798,1.0176014950830066,1.0160694885735941,0.1665768751929581,1.1777317400881064,0.9908235291088356,0.0015419015378213225,0.04849573626659145,0.13540626930392755,-0.10794493173060803,0.24335120103453556,0.0485202421303844,0.0023542138963911293,0.7753396528301431,0.6371563493778201,0.6301242324132525,0.11150184941400472,0.5406621128491546,9.801423208608085,0.05197177129664315,9.918972329126323,9.664405414334553,0.25456691479176996,9.801560997068421,96.0705979792529,0.7603176513637604,0.5186534339318691,0.20168404294382322,0.1714417547037109,1.096280736835586,-0.008126767905092466,0.4044868266534321,1.3010140532155745,-1.171976080104806,2.4729901333203808,0.4045684581041222,0.16367563729274687,7.4274406310316445,1.8441482696490619,1.2541301131899611,2.2694913458975123,3.801806047206585,-43.82683617072099,76.3669057471385,1.273886470199345,-249.98043327354674,251.2543197437461,88.0493944449793,7752.695862127552,7965.755087789049,5958.72744743175,3672.535719442717,1868.6582322386528,785.1649226799108,-0.004800170981449616,0.40622422567135247,1.4306802142563784,-1.0931119841321901,2.5237921983885685,0.4062525854240697,0.16504116316374107,4.334750776595489,6.191864480926204,7.317440381239969,8.491974732551032,2.162528481178827,4
0.004322961141482048,0.050177508521503246,0.11953458620057214,-0.1429286773659854,0.2624632635665576,0.05036338307199284,0.002536470354456295,0.7724260233323549,0.9150576916405059,0.3901410084227121,0.6169334690994532,0.5592963146006601,0.006691488919560853,0.04921455360549536,0.18390957221433338,-0.1029920286127562,0.2869016008270896,0.049667376723044096,0.0024668483105487827,0.6063884891200342,0.6006628123025762,0.5313421665809571,0.7174691599076323,0.24252423482560734,9.801307987000584,0.04539958404691497,9.920083963941128,9.687336823088062,0.23274714085306591,9.801413131700608,96.0676993782731,1.2455312390607904,0.24733836089961486,0.7538811113545187,0.708280727620214,0.5278185895081142,-0.0004606897281450628,0.43620807484124846,1.1266512630605632,-1.3288503693172244,2.4555016323777874,0.436208318113873,0.19027769679173384,3.88806289079323,2.8659269606407545,4.875328521061274,4.701546901831518,9.237112672473552,-0.01301700025433837,0.4114578144697772,1.1149814995297729,-1.1753986814719324,2.290380181001705,0.4116636677967428,0.169466975383867,4.058229908303979,3.6935201329609346,9.202679750269084,2.6402492694516106,7.313149393967366,-45.10859435216728,86.80830756553213,0.8653196900918032,-300.6956918888891,301.56101157898087,97.82876645864651,9570.4675468204,8401.561014770605,6792.5165080120605,4760.688198794264,2897.3839695710126,1532.4307569092882,2
0.005208166474568563,0.052004857155258724,0.11652366596454929,-0.13334131372471306,0.24986497968926236,0.052264999433327124,0.0027316301657656842,0.1501581535438969,0.506003411237069,0.5513861061259341,0.46160549981490845,0.9684775846717474,0.0030404509953518627,0.05127574270491839,0.14046493188193127,-0.14597837254219168,0.2864433044241229,0.051365807033435455,0.0026384461321961273,1.0007120578659685,0.192268039654247,0.4184937178128152,0.5674608351237836,0.7114688235890855,9.795526080170944,0.05434511907457734,9.970900021444407,9.652744349953599,0.3181556714908087,9.795676831096277,95.95528457927638,0.029948462484536524,0.5362083516581254,0.5373147128010477,0.6162209278312941,0.7431052917833408,-0.00695681152120998,0.406134300964846,0.9138351457874715,-1.1156251423485868,2.0294602881360584,0.4061938793811962,0.16499346764674577,1.4214825679875749,4.60456649271377,5.191717596304412,11.357817133370572,6.615653786179595,43.885426600037235,76.31807768381974,250.19640190897132,-0.8870766638025209,251.08347857277386,88.03624054456665,7750.379649220802,7962.9807251633565,5951.916038468215,3671.436461692518,1865.982511917019,782.1318288796302,-0.046073743608676124,0.3979284360081163,1.0346099700085511,-1.215354521080438,2.2499644910889893,0.40058685704099617,0.16046983003398352,4.070124421732183,1.6988635976749435,9.561449356192004,3.7830962859895414,4.822772515925335,3
0.0017562611014332432,0.05121167427959615,0.13520137449865788,-0.12475114208926007,0.25995251658791796,0.0512417801757107,0.002625720035575858,0.4753119802125165,0.6349750138419435,1.0191255422038266,0.4027650837525858,0.07169238790662322,-0.004816603804317548,0.048166299985788495,0.12274861275351134,-0.17144614484010723,0.29419475759361857,0.04840652979225772,0.0023431921265287346,1.011646282085732,0.6241180621306701,0.5777867651262723,0.3004921244313803,0.8586584133789894,9.800438014085444,0.050669310450775926,9.942881975845578,9.635542145789003,0.3073398300565753,9.80056899608143,96.05115264695257,0.7071550108472319,0.9167307384657899,0.36296590278845897,0.7615194295256779,0.9030682020066673,0.0011428960449808056,0.4116851373869733,1.2030765174431282,-1.39431707053061,2.5973935879737384,0.41168672380427906,0.16948595855670073,2.7672228855960013,7.287478292804438,4.8272318099326625,1.1682677781694808,7.735155874739319,0.013721525141131142,0.4192598315862169,1.4450950380289802,-1.0327802190624213,2.4778752570914016,0.4194843103548708,0.1759670866339016,4.99854620532897,2.2022514559869353,8.209115239631474,5.8536102235378555,2.3427340300490163,-45.12519439656379,86.78812006403157,1.0767195545242423,-300.36701876128166,301.4437383158059,97.81851028090968,9568.460953576432,8403.660969001205,6789.350215986644,4760.975751018805,2891.8821004315546,1523.9516939378825,2
0.0021871577871000504,0.04969594022224134,0.16941329205397476,-0.12841024099387854,0.2978235330478533,0.0497440462141778,0.0024744701337582565,1.6586443883310935,0.3537645075072389,0.5163632517089838,0.7592492341384299,0.4673029562484126,-0.005800424087043245,0.05219270815658787,0.1484084243682616,-0.1479178262569913,0.29632625062525286,0.05251403340354182,0.002757723704308306,1.129950462612507,0.11875377181027327,0.185629229117379,0.9451050236116445,0.2132428539994984,9.798792633927627,0.049661537401588025,9.929903569008475,9.682139352551797,0.24776421645667845,9.798918478638926,96.01880335101141,0.2696532868254331,0.5458069856328992,0.22808437462879544,0.98533689041506,0.32451360307898125,-0.04391766235743795,0.4111524121990664,1.2619390371966472,-1.2880803372319858,2.550019374428633,0.4134913144481428,0.17097506712405292,2.88476692187336,4.718616770188605,7.199123548411538,13.543445244897137,5.092075116518334,-43.85274604441217,76.35953237355521,1.0402118549062964,-250.20626853862376,251.24648039353005,88.05589997236831,7753.841519943734,7966.70704922201,5958.7235221318015,3670.081440381054,1865.6321615073814,779.5178851991718,0.03725863088259791,0.3799359865146928,1.3240811654026186,-1.1774056608955765,2.501486826298195,0.38175850930154587,0.1457395594241385,3.7749808614727605,2.5273506807831705,2.7127962889659103,5.506370149498034,7.545499219396349,4
0.004851578771572125,0.047567043579406644,0.1129768688643859,-0.11111397289005683,0.22409084175444272,0.047813820716001564,0.00228616145146194,0.6176554540490781,0.3730699991107167,0.4354047169807488,0.7441767727174561,0.5694287031231092,-0.004722239688564501,0.05366085939995866,0.15032118163305966,-0.12966774254194788,0.27998892417500754,0.053868240914460776,0.0029017873792183857,1.1546489136880558,1.19593326420095,0.9189435336216735,0.30058115418813136,0.272578143102124,9.80127868863442,0.04964053658413721,9.926764746158113,9.668420096583263,0.25834464957485004,9.801404395042152,96.06752811515162,0.8614780588174841,0.921043683670776,0.8603735621983541,0.3195566706120905,0.5858737056297203,0.021543602715006358,0.34888896555288074,1.1490817149009545,-0.8149028033197953,1.9639845182207498,0.34955348246370144,0.12218763710250123,3.278283396295381,1.9578534101837075,2.7139638210912733,1.6456644025033496,2.767776514614392,-43.908818774663445,76.3239832131327,0.847563351953004,-250.79589756518274,251.64346091713574,88.05302254724026,7753.334779704801,7960.857924159446,5952.846610431704,3676.2526267285557,1866.3808263859114,782.9205554640668,-0.05177728419727505,0.3611624322839715,1.1190880090969537,-1.0011450244104279,2.1202330335073816,0.36485502552674215,0.13311918965211966,3.863442610191379,4.914421008512818,2.4690829536307684,3.8831612095945554,4.253061774474587,4
0.0005980116430674376,0.05134245391597592,0.1267273529529082,-0.14365320878835316,0.27038056174126135,0.051345936470565574,0.0026364051920393563,1.2807737650235287,0.23813239318013993,0.25729972257274975,0.555179151285122,0.16608630424492096,0.0027375623550672675,0.0507841990003464,0.13661414903186575,-0.14585844368453468,0.28247259271640046,0.05085793070657383,0.0025865291157546656,0.8584624276607524,0.8481589173724967,0.9987705854721146,0.5507622615315007,0.6528762779970175,9.802429565476686,0.05468513707422424,9.96096761485291,9.651646785497407,0.309320829355503,9.802582101178661,96.09061585034826,0.7665051549446908,0.8698491049728263,1.1262893901054944,0.6857666128576078,0.4803804255543841,0.40038938305119276,106.16985207141569,149.94369605343067,-150.7411054466214,300.68480150005206,106.17060704603865,11272.197800524353,75.08480038532005,74.15077931455805,80.5352887423774,91.72309695322501,103.09745686711742,-0.5969867220309133,84.64590617757388,120.90819393583213,-119.94664286880905,240.8548368046412,84.648011351531,7165.285825768921,129.81719779819426,130.45275621667784,132.1936765914005,135.28817835036787,141.15698581102447,-0.4439924872656607,127.43985032906285,180.5157555567099,-179.43842167322137,359.95417722993125,127.44062374777789,16241.112581222691,85.05431645543324,89.54807880089253,106.68414747129964,113.36516552083454,118.07131024631735,5
-0.0015686752089351108,0.048763933082047545,0.12635052091643026,-0.1421971832385884,0.26854770415501866,0.04878915772527271,0.002380381911541538,0.4046103207804783,0.19708358332851916,1.1138245485874705,0.6574694832906857,0.08555026328798365,0.005377245758371201,0.0519174444781407,0.22395421255128786,-0.10046076720127808,0.32441497975256595,0.05219517040001635,0.0027243358130867434,0.5267967439522812,0.801940118574436,0.6097436817564779,0.5631038910425686,0.6719739713424575,9.801660223758061,0.048340987795184476,9.92384645668617,9.660814188810095,0.2630322678760759,9.801779429935257,96.07487999310193,0.3567842353947101,1.1833426457999692,0.4241119283910458,0.3979845668404321,0.7645344043376625,-0.01056628773032653,0.3077709610379017,0.825968853240962,-0.8263564885195118,1.652325341760474,0.30795228671759145,0.09483461089459365,5.328801397852874,4.644282158656452,4.5787151637122845,1.828007647367049,4.096644920131204,0.015908667672966306,0.3171082279426541,0.7361816018776169,-0.8801311941688431,1.61631279604646,0.3175070297427431,0.10081071393605914,2.798365182957387,4.507239272088332,1.5948935184555657,1.965150451869219,2.9255169079099907,0.009446077473281111,0.2737661096003077,0.7792311622125673,-0.5901283688718462,1.3693595310844136,0.27392902574447814,0.07503711114531895,2.3371590767293218,1.24691126002879,2.8269870396394636,7.3917279014255515,2.757262521393095,0
-0.0008188779387014922,0.04968082332749865,0.12241977277382399,-0.15429843569010254,0.27671820846392653,0.04968757156046798,0.0024688547675766263,0.5846766780613847,0.7041885821118924,1.2067383590525544,0.4274646925482805,0.10690541396776643,-0.0006591334349975689,0.05075521171697298,0.12785192234958073,-0.13593449812426747,0.2637864204738482,0.050759491460414405,0.002576525973319883,0.4825378974848252,0.14933561484685406,0.4308683184026889,0.40031700052648406,1.112904641865833,9.806863890455338,0.050327376052475316,9.91519805680802,9.671974532588063,0.24322352421995674,9.80699302593293,96.17711221069715,1.1466664823983144,0.454115832590007,0.3136571827663553,0.5350595363801908,1.081171023222155,-0.0052659423235961985,0.3895507350580475,0.8212549478233977,-1.3199742829530832,2.1412292307764806,0.3895863259058518,0.15177750533282056,4.832423074482251,4.270182372578446,2.877117403838376,9.440337560500904,3.4800112979775673,43.86623049599376,76.30311897142622,250.1343250845086,-1.0546453808489866,251.18897046535758,88.01370428913486,7746.412142695276,7958.8339904272425,5956.924577679329,3665.475935680103,1863.5085975966297,790.1898502166632,0.03196566950679132,0.44434162418441,1.2771991676102885,-1.0044177260241358,2.2816168936344243,0.44548993592432234,0.19846128300985683,0.15507184456735265,4.059094684300005,2.0560681217810024,8.583750446362506,11.943454987618287,3
-0.0022768536620925376,0.05480214717930176,0.14960676364726108,-0.1811015114407818,0.3307082750880429,0.054849424774198276,0.0030084593980604355,0.03138099135364922,0.9959053163961011,1.1050783284900798,0.804482178413026,0.5397804026965767,-0.0011730343562766992,0.046181468441769936,0.11228082051279115,-0.14334522643568134,0.25562604694847246,0.04619636389413346,0.002134104037039197,0.9191881247490825,0.28663678596092823,0.6484041244023276,0.22503704876724628,0.6686616912301697,9.800492049667767,0.04859021386900316,9.971191310562658,9.681044511717467,0.2901467988451909,9.80061250251661,96.05200542448492,0.5267261239311934,0.2629374058829926,0.9766366252678476,0.5705196942153749,0.7819846976950876,-0.04267974312842087,0.38967784817907436,0.7845582161670788,-1.0236276723385953,1.808185888505674,0.3920081451130597,0.1536703858349817,1.25788929904296,6.89669664660419,5.791561908186013,3.8973763573540596,2.968789575902461,-0.023176841195532375,0.3700386619265166,0.8504734002043179,-0.8795572189766738,1.7300306191809918,0.37076377558786633,0.13746577728816972,5.101606407866819,1.9110613247404944,1.0842434299103019,6.027853650352983,7.008909975632296,-45.148388685073925,86.80149357382162,1.1669201197369912,-299.7922538761117,300.9591739958487,97.8410766881922,9572.876287504709,8402.045228031302,6790.429900722255,4761.355674020036,2898.433855319685,1526.48532153137,2
-0.0007459955661371573,0.04934689189529853,0.12649552879522877,-0.11140564554338571,0.23790117433861446,0.049352530321260885,0.002435672249110975,0.5961503442671207,0.3177546690339865,0.5548419843723933,0.398053467720311,1.4614953177509769,-0.006116356538716503,0.05105945620076386,0.11781812132692676,-0.19985073287551505,0.31766885420244184,0.05142448721014556,0.002644477884826424,0.4857753345102184,0.6482048055618665,0.5408561049651045,0.31620473659672527,0.9235879592856981,9.79729549124462,0.053094706614732444,9.954279334392455,9.643402035271643,0.3108772991208113,9.797439358864779,95.98981799063269,0.48159347033170324,0.8390108024247411,0.6419323660461701,0.6250835086232033,0.6634781957166088,-0.0005170716149978815,0.4224306315480923,1.085391062544687,-1.2589442534528485,2.3443353159975358,0.4224309480059139,0.17844790583317516,10.080595632307487,1.3381206384466817,3.754655906386405,4.394698659523464,7.4984596987175625,43.8425296517793,76.35767680705167,250.4196988143354,-1.2990592955109166,251.7187581098463,88.04920336742012,7752.662213637306,7968.886282212652,5957.945466184301,3664.9476879249246,1866.6039433107403,781.3826457744499,-0.0009187950723486882,0.4152623303446059,1.0922748217801528,-1.0060608175208403,2.098335639300993,0.4152633467904645,0.1724436471876176,5.722813350419191,3.218044511972796,2.4520894285651753,15.517879470342923,4.509362691710844,3
-0.00022911947318286356,0.046900229700171436,0.15987216050329922,-0.1339874781855845,0.29385963868888376,0.0469007893500934,0.0021996840416618345,0.9688666706541336,0.6631374868114496,0.8265268579178889,0.7648662332150022,0.6221703128069367,0.00256962601378245,0.04763262839602734,0.14702389268673052,-0.12518983221659002,0.2722137249033205,0.047701889540821524,0.002275470265764738,0.921851995800979,0.2470706719246308,0.6247551323895175,0.10756088977265627,0.8493361435771976,9.798020410609029,0.051291683776933744,9.92424613223242,9.674482800772575,0.24976333145984597,9.798154663176927,96.00383480353577,0.47642250062749397,0.35300106276435256,0.5987620479684448,0.5522633279776218,1.2498652819129297,-0.010930652873345272,0.40042783534986837,0.958336198239472,-1.3483650376528598,2.306701235892332,0.4005769969621557,0.1604619304952189,10.176840217817942,8.590264876792384,2.145279396166233,2.1680174238144385,8.305928112628461,43.88602362821033,76.34179466997172,249.67932786018147,-0.8979620435058142,250.5772899036873,88.05709899450446,7754.052683327957,7965.829750183427,5955.002350377062,3672.8110331435273,1859.8159412450752,784.0897741693217,0.025143368544475294,0.43157622152594904,1.0882103511055221,-1.0680442454697223,2.1562545965752444,0.43230801978262945,0.18689022396837834,7.667075305347642,2.979716634501527,10.372346422632678,3.2965738169005543,7.061809745512039,3
-0.0007472324933928358,0.05579388323953528,0.1342130887863595,-0.20022731296648613,0.3344404017528456,0.05579888675722911,0.003113515763346078,0.35060807874141836,0.9011963807036478,0.9746121189500072,0.7663482254842148,0.3414445315205972,-0.0016961061826135393,0.05204405491926796,0.1324682498043396,-0.1461891027054358,0.2786573525097754,0.052071685478986364,0.0027114604286224797,0.39725896424894996,0.20864222823025327,0.7740959355907059,0.34895459874447726,0.6523669586665417,9.79824745579888,0.051923775077008065,9.923699214934262,9.644625570481299,0.27907364445296245,9.798385034457846,96.00834928348748,1.2153951510255612,0.8835992311199916,0.6356293333110308,0.2794797005157761,0.45276856325347975,0.013864946998898831,0.3918657608147213,1.1299063757893841,-1.1529037836336566,2.2828101594230406,0.3921109680360684,0.15375101125418264,3.582805415702407,2.2660442931612237,4.881460313882353,6.232238171456199,4.6417892620342025,43.82504150412371,76.37553035213678,250.0125699773591,-1.0637451822699648,251.07631515962908,88.05598162196779,7753.85589940833,7967.681304687923,5957.683588573271,3675.226056307142,1865.8659805523955,784.6579530196891,0.02449882104410303,0.40335416280006514,1.2181211149258069,-1.0214780538319694,2.2395991687577763,0.404097479428779,0.16329477288069247,5.311532032664919,2.8332245084759955,2.540782973412212,8.149660933144142,1.1597031269916827,3
-0.005431604300085206,0.049117850758945036,0.10145522109343126,-0.13655284726977168,0.23800806836320293,0.04941726002573091,0.002442065588450702,0.6311187837288609,1.1964278808661981,0.993345352762563,0.18576532780169425,0.5343316087004073,-0.0009700315532801019,0.05164348518125205,0.1518379386309754,-0.14436771961740552,0.2962056582483809,0.05165259454161581,0.0026679905228805595,0.7924388624683437,0.5645469541670152,0.6523899843173591,0.4296088110395936,0.8677997128703119,9.795534144621628,0.048274840990707314,9.941038287034026,9.67101441485071,0.2700238721833159,9.79565309914152,95.95481963872085,0.2624817140445957,0.2847598230175706,0.4066570557131788,0.535467494458682,0.9659266044881677,0.3656068966144986,106.26961962727938,150.94611643733654,-150.19898855123728,301.14510498857385,106.27024853706469,11293.3657241295,72.93511529001073,83.12170926375204,85.21024541379519,90.07438857566858,108.64317904354155,-0.6907350244907837,84.61946413241111,120.23929421623609,-121.06595281784355,241.30524703407963,84.62228326469611,7160.930824930468,129.29185722969288,131.33126528127417,121.93898074663208,131.09511694810604,145.50179816502208,-0.4087625856188242,127.44192935853971,181.3981160574583,-180.12710121469308,361.5252172721514,127.44258489797838,16241.612445478426,88.63251912430037,97.04695714989076,99.8066699615518,112.04274495754709,111.94435463529057,5
-0.0038928286733248252,0.05101411064806062,0.1498057054627719,-0.1255984551235219,0.2754041605862938,0.05116242371401527,0.0026175936002924317,0.5324883965508816,0.7240954130591737,0.6671866765727519,0.3877604316951076,0.6521842049013944,-0.006929351715449578,0.04849924353094053,0.13759296632261017,-0.1211363183048885,0.25872928462749867,0.04899175990174144,0.0024001925382698807,0.40506883935339894,0.8116800202764797,0.6771818407601665,0.7090294129700341,0.6716124789787588,9.802855415829606,0.04698153898558004,9.934995641695613,9.68605624678972,0.2489393949058929,9.802967997941504,96.09818156866528,0.15646516939470742,0.3214187585405368,0.6003093157082259,0.932732856202443,0.4762494735346793,-0.007275087596402941,0.3697189275150022,1.4151617868275925,-0.8323097079613231,2.2474714947889156,0.36979049779892775,0.13674501226237878,1.8542845704003832,3.0218947119409596,2.0737129171895696,3.9611385984612193,2.3168028357016754,-43.8861632774983,76.35634989490822,0.690956259568484,-249.80685243097338,250.49780869054186,88.06978764873281,7756.287496492891,7962.913246180019,5958.9249860603895,3678.3714691817404,1862.8779843769944,779.879639020814,-0.026271069368093505,0.41276840642058515,1.0177521527102005,-0.9980625340343479,2.015814686744548,0.4136035860878536,0.1710679264247325,7.659004580843814,3.5735488214690205,4.160148037771395,5.720623333521589,4.578780630595599,4
0.004840917340556948,0.05240819647555004,0.15325940203847074,-0.1333126811778251,0.28657208321629585,0.052631298088855465,0.002770053538517961,0.6476309835378036,0.8807721572068746,0.09680969145682136,0.5866977621175573,0.3249147367150112,0.0007347573192355152,0.04870855401551522,0.13941996081739455,-0.11235779058800462,0.25177775140539915,0.048714095522759474,0.0023730631026005343,0.36048586051597725,0.2392446227154454,0.8494520392238039,0.7963338053368247,0.931010987313736,9.803074723546562,0.05425767022549823,9.93620047823248,9.655365479355464,0.28083499887701713,9.803224874000177,96.10321793021579,0.4200798199201977,0.8387707870090407,0.9491700661188335,0.3721066137394868,0.9157759620486554,-0.011071809444708154,0.4286844308892203,0.9501256600577364,-1.1293174276913214,2.0794430877490577,0.42882738514604524,0.18389292625119463,3.9542982125879216,5.758047299696954,6.092552153356554,7.027300214089324,13.176793927314076,-0.037764476305011264,0.38852116332467396,1.1512836836686924,-1.5478276367565138,2.699111320425206,0.39035221277936893,0.15237485002174972,6.186187207516781,3.8527784454804492,4.353038322812237,12.73431001938265,5.865304565226907,-45.11208431822167,86.77644401873263,0.883750338838321,-299.76466308593456,300.64841342477285,97.80210318838026,9565.25138807058,8405.74000837168,6785.281972372389,4757.596914982131,2892.187783100191,1528.400409986529,2
0.0023160813953553333,0.054027399421337025,0.16471514049197816,-0.15271764287732512,0.31743278336930325,0.054077020269820704,0.0029243241212625996,0.8530236965885065,0.1858140117990662,1.0740023253080373,0.31656915869209606,1.0073135863492089,0.002122153605408743,0.05216496000462616,0.1547053255958836,-0.14744501585625727,0.30215034145214087,0.05220810845270297,0.002725686588209195,1.0604621807088654,0.5145055713977826,0.7945027108413634,0.5922666471358765,0.36774382992663335,9.800884921204261,0.04810550339530535,9.932870404776056,9.688002391645814,0.2448680131302421,9.801002978172487,96.05965937814595,0.35557762639797424,0.9967549079166242,0.5593482894231403,0.191356410463992,0.5134666364459461,0.027017031110539023,0.3948266897060604,0.9844848948727235,-1.0054405519596907,1.9899254468324141,0.39574996509699595,0.1566180348742735,4.4005686622879985,4.94252002632124,8.459338891359462,8.118810012835992,3.8383102098813278,43.862913026931686,76.3349881758441,249.76092476259353,-0.9099077724772218,250.67083253507076,88.03968172940219,7750.985559014433,7960.845049909485,5957.367724968888,3673.4912547260924,1869.9010670293874,778.7847777324192,-0.015776199389585716,0.3966929711209017,1.1506022129611357,-1.155879089525054,2.3064813024861897,0.39700655133625756,0.15761420180390853,5.361000792743088,0.7759622967625249,7.159667611026039,7.0997516465691275,4.294574286137743,3
-0.005202430112228693,0.04942756498238246,0.17321594087854333,-0.14571728618716712,0.3189332270657105,0.04970059817708701,0.0024701494591602645,0.4858319083778087,0.6078755377946864,0.5998505706938105,0.8989399369170766,0.5435520106770414,-0.0004607603057289109,0.05004641186558411,0.13954359886644294,-0.21870213994094165,0.3582457388073846,0.050048532852412494,0.0025048556406790127,0.5178229168593791,0.8963585883788857,0.6106973686359322,0.11432032011290272,1.1773963670171836,9.797308264564851,0.05533468051249595,9.953140084384284,9.632341483258843,0.3207986011254409,9.797464526997695,95.99031115777817,0.7731062709578446,0.6108866555860198,0.6132172738928697,1.090826180977241,0.6037938475353601,0.008220743135640092,0.41309499005935146,0.954799734567838,-1.2579656177823273,2.212765352350165,0.4131767798773763,0.17071505142983784,8.228133061321273,3.8080918789297113,2.592275153427898,3.8131364713692464,7.652278936554969,-0.05161287127693609,0.37624760575904376,1.1059035557238102,-1.313787332458324,2.419690888182134,0.3797711802136418,0.1442261493208624,3.4135699698585826,2.488817927623976,6.704265156985075,5.540650599783921,4.683124610839504,45.1056424476903,86.82883255750251,300.0803256208113,-0.8196196551967542,300.89994527600805,97.84561893062809,9573.765143917686,8411.158331396826,6795.107095721596,4751.069612858405,2892.339097445114,1531.1492419590084,1
-0.0009928668298427273,0.05328414787453746,0.12705026538220354,-0.1809458165471507,0.30799608192935424,0.05329339733266567,0.002840186199257377,0.5946831341291229,1.1307163410255319,0.5852911477570302,0.9281003911393284,0.23960648777740562,-0.0027967387709494783,0.05041019372974425,0.15140833431128517,-0.13192463643614927,0.28333297074743446,0.05048771513569691,0.0025490093796232786,0.1344789531153314,0.3522407501135371,0.2138284399950259,0.34935053555483375,0.07362157043793972,9.79515927291941,0.04664019333493285,9.906413318662679,9.682801406979653,0.22361191168302597,9.795270312221781,95.94732048949339,0.34305178899013633,1.1172179566958664,1.2307125294649528,1.4079912875078375,1.0447125584905488,0.01722439656228046,0.41978836229059135,1.239923651135873,-0.9518583298644666,2.19178198100034,0.4201415820310476,0.1765189489515515,6.041934432431012,7.332436440642287,2.6011105974493973,2.4433579036735575,3.0362711615999967,-43.885714415348005,76.35052932523811,1.0469198764119354,-250.29657043197415,251.3434903083861,88.06451758789987,7755.359257989527,7962.224998942413,5959.587438838983,3673.4814975187264,1869.1162975802129,778.597681218414,-0.003251238025735397,0.4003926523014027,1.2060122709081453,-1.4173802971353904,2.6233925680435357,0.4004058523119411,0.16032484656565196,5.026079118716496,3.5352703266096617,4.658787417503313,5.256192381560232,10.075237269127914,4
-0.00048711532505719024,0.0498540991168398,0.10671621042299367,-0.1554104815001951,0.26212669192318877,0.049856478817618004,0.0024856684800915927,0.23242822572073563,1.2267458489615641,0.9018352038384726,0.668796249906313,0.7158940506611902,0.0007614964129649584,0.05140775603412754,0.1474623656097047,-0.14500679124552757,0.2924691568552322,0.05141339569850775,0.0026433372572513356,0.5377922712642739,0.6742365188891003,0.7676428547381363,0.7275149562166164,0.35731428171594265,9.794895133048513,0.052383532689393796,9.923440018451146,9.642344433267791,0.28109558518335476,9.795035206772587,95.94271470191448,0.09311807214901015,0.9197164940375082,1.3509132584901495,0.4002662238072988,0.5286509452862322,-0.013032750901174683,0.3897941949111513,1.2279176010170043,-1.1973166328586886,2.4252342338756927,0.3900120087670182,0.15210936698248467,5.974208508565213,1.7920340067743605,6.884256709316479,5.118763449476729,10.69022040912017,-0.019538280837448394,0.40596618168829474,0.9797186905052959,-0.9517500913986234,1.9314687819039194,0.4064360774988565,0.1651902850926565,13.839179641607704,7.070744575971607,7.849315620355018,5.641985700743442,6.940510571050865,45.08836180584642,86.76578748906955,299.3168882762565,-0.7429014379055034,300.05978971416204,97.78170712834425,9561.262248933288,8400.378072593323,6786.702515859645,4759.1188388925675,2896.6493625567073,1523.897702876346,1
0.005923078730908595,0.048191026294632566,0.14489401181941874,-0.16852786330556124,0.31342187512498,0.04855365976919258,0.0023574578769825095,0.3165115247516708,0.4853050097986018,0.853514585032011,0.4280216713825928,0.10006223979333079,-1.8921037768981075e-05,0.049081056994874736,0.1361873173132143,-0.11699708927485564,0.25318440658806995,0.049081060641960585,0.0024089505137398124,0.4673776784109855,0.9107407225204228,0.46564426451950514,1.0032703242506842,0.7592992853436874,9.792141976962254,0.04940638145131912,9.916655045872735,9.668718246561465,0.24793679931127066,9.792266616443527,95.88848548751436,1.0166425077605248,0.3237249874000765,0.06452058004506718,0.9021439724977812,0.16067884801998214,0.019821272826877314,0.4004712418431443,1.3752275376353007,-0.9932941400128872,2.3685216776481877,0.4009614674752022,0.16077009839986764,2.006063134671567,3.3405427557246417,4.717385158208908,4.393281711628977,6.211518593843368,-43.85810783627674,76.36622470489071,0.934575532095044,-250.0465869359492,250.98116246804423,88.06437360622252,7755.333898656341,7962.56204365766,5961.276728409864,3674.9930980016443,1871.8111941570364,778.2585456546093,-0.03770258820438679,0.4251631162839667,1.157074702875365,-1.035356803064485,2.19243150593985,0.4268315365640212,0.18218516060560336,3.3545259225212694,7.670156319307851,5.568483067517592,7.508688312562595,9.258722977412196,4
-0.002197459393048814,0.052199282976268,0.14758908704111692,-0.12114011802695666,0.2687292050680736,0.05224551627671604,0.0027295939710206,0.5349525653850136,0.2383363812235287,0.12120932238638439,0.14377898978644815,0.2002389028807534,-0.004489633665984657,0.04939754905631798,0.11672659636098806,-0.16977400331801437,0.28650059967900243,0.0496011558658272,0.002460274663226084,0.4087907860461389,0.2136559091742842,0.3328318728489888,0.5237429566632604,0.9335609678486514,9.801086670555259,0.05086007749464703,9.94621133120993,9.67167548609394,0.27453584511598983,9.80121863194668,96.06388667121875,0.8644902358333739,0.3816181477820958,0.40917588078620853,0.2619766424689695,0.7722889984137848,-0.01169519051279608,0.3953223660244136,0.8648165408689042,-1.2907477492128887,2.155564290081793,0.3954953230573922,0.156416550560271,6.689377915618799,7.685494840179569,1.2549485217580114,1.7006866593979106,4.1532997229041,0.042151439642831745,0.39441781519974417,1.0901891701763748,-1.1609219398570199,2.2511111100333947,0.3966637830844944,0.15734215681090283,7.815507079214132,5.574948478464977,1.9414930869369251,2.8804323136392047,8.458348029744405,45.073068396332694,86.78654055668012,300.3191882623482,-1.097674910317663,301.41686317266584,97.79307294720198,9563.485116456766,8398.367700499135,6796.177058012682,4754.0120090189075,2897.7009146568466,1533.5354875118342,1
0.01095290354087354,0.04605258328428873,0.13757208941659768,-0.11386829568819912,0.2514403851047968,0.04733715795368402,0.00224080652313203,0.5319917429323315,0.5407052987863972,0.9997533878206851,0.817491135016603,0.5636489514254017,-0.0009201799865736568,0.05022111346818194,0.11717510885086001,-0.16015213527287586,0.2773272441237359,0.050229542792978886,0.002523006969191697,0.5403352111121134,0.5589211324716677,0.41905416190123224,0.7819208125213071,0.7840639381396075,9.802466865666217,0.053942673611423846,9.95833132763519,9.655372498499363,0.30295882913582695,9.802615286979309,96.09126646452044,0.5478897913478967,0.23150127205229354,0.3761166320714511,0.9431043912261016,0.713077711610104,0.4567373355696651,106.18161141383187,150.83748437958016,-150.06326835593558,300.90075273551577,106.18259373094864,11274.743211431694,78.36677287232789,81.81420590591819,89.85868551527459,92.60803598424533,89.96711419822259,-0.6386091856768565,84.58718629972822,120.09772735292222,-120.37287415634258,240.47060150926478,84.58959692419015,7155.399907796959,125.84905836406115,126.26720089050144,125.72582815878917,129.28581940912235,140.74482791138547,-0.4779902829203559,127.51739309607615,180.50869857665245,-180.37890570005317,360.8876042767056,127.5182889499768,16260.914016729776,99.79697254481081,92.7729515132463,98.42164768483433,105.3319274614445,106.14544312870223,5
0.0036914278199122086,0.04800601724275252,0.12420824619444835,-0.13948259273201294,0.2636908389264613,0.04814773443123854,0.0023182043308610737,0.6626582245490076,0.3276514870499604,0.4689078370400508,0.300856322231028,0.49433045984997814,0.004616155226362516,0.04943808270103553,0.13565187792495279,-0.09611517189777147,0.23176704982272425,0.04965312588577181,0.0024654329102283025,0.3862374031958793,0.25920805100720107,1.635567547297967,0.8265628188682399,0.2588859731564347,9.804916419178358,0.054059457617463356,9.947137559970399,9.61401405216745,0.33312350780294864,9.805065446596021,96.13930841203124,1.5511565850833444,0.7446669656349452,1.2025821239565453,0.17011380872717743,0.5282253617126885,-0.0015242293185646983,0.38713790034547074,1.3776128825143017,-0.8560508288795262,2.233663711393828,0.38714090091194864,0.1498780771589152,4.978090139040264,4.477917255871713,5.959290168327781,2.290693304556346,10.890676629746478,-43.89423496756902,76.38792315777076,0.9752475496786918,-249.52095702479355,250.49620457447224,88.10118425847436,7761.81866774565,7969.48487203536,5958.310246305903,3674.572274092605,1866.702119972781,786.8589541190327,0.007887644447848181,0.3833139966831791,0.8932923702890778,-1.044542169128108,1.9378345394171859,0.3833951421029848,0.14699183498816792,1.3548771804660042,5.013478774072337,12.557859343991982,4.019138704587331,1.203640399964986,4
0.001208639088255265,0.04648345883883002,0.12206610890575785,-0.1433310090206965,0.2653971179264544,0.046499169391150015,0.0021621727540668627,0.04231519867749235,0.8503443479906698,0.9778694524802529,1.0426206725021347,0.1526114188017363,-0.004558069322548933,0.05214737778308986,0.13651312094793286,-0.12023130477744202,0.25674442572537487,0.05234620335422098,0.002740125005601456,0.19650814352779378,0.3828083568295756,0.5238647068880304,0.947395020469548,0.6498376485602487,9.802420727899047,0.05669279978137141,9.976162319757142,9.63498329289812,0.341179026859022,9.802584669376335,96.09066620029196,0.6758705331795167,0.7985265735849629,0.7894814830607871,0.2532242277041333,1.1337531336029916,-0.00205222311364893,0.39357894336615545,1.2782661968170208,-1.0630338160545807,2.3413000128716015,0.39358429374268433,0.15490859628092762,6.740329510619349,6.837330955940986,4.604993967312972,1.527307216787426,8.048817080581417,0.025050924744408586,0.3931401396936658,1.0752921124465102,-1.0346483895237994,2.1099405019703097,0.39393745476776526,0.15518671826890512,4.400031693373086,5.431215011215204,3.2837689801527965,9.860295508626809,4.558213088883823,-45.11220425908398,86.8009108370827,0.9396994998978946,-299.69203399095375,300.6317334908516,97.82386771775329,9569.509095260493,8404.274625323418,6791.821590347993,4753.5079046311475,2900.6599792681827,1525.4048078573294,2
-0.006643193349060228,0.04785908298956673,0.10196723248002913,-0.13476329998990244,0.2367305324699316,0.04831794534616754,0.0023346238424752333,0.6552190092537303,0.4776670493743978,1.100152101746974,0.429470033307727,0.4224301563094175,-0.004691221291242076,0.05123267785935502,0.18412233904809058,-0.14051915941057833,0.3246414984586689,0.05144700999906456,0.002646794837843849,0.7181065127708998,0.7010832571234213,0.4338969073338788,0.8675689716924243,0.3576709600345184,9.799725251441565,0.04729651294070711,9.931125820147596,9.685316875216168,0.24580894493142758,9.799839384595943,96.0368519638778,0.895525844826692,0.44778965568177603,0.1743311173517713,0.5372612841459637,0.49186811818245507,0.010987315343761716,0.4109314580165038,1.197567754575123,-1.4981500799370242,2.6957178345121475,0.41107831891992663,0.1689853842860329,8.131618837561472,6.949000338803896,4.133243160483097,2.5043066350060728,3.7516119895416735,-43.84845224076838,76.3168256935988,1.137657239869463,-250.35484657912647,251.49250381899594,88.01672936355955,7746.944647858087,7956.754436823711,5954.2175622079085,3681.3090062469564,1862.7604280488779,785.5350577765371,-0.03904260541600755,0.3657355279677417,1.3429426699565492,-0.9782256976230084,2.3211683675795576,0.3678135416967581,0.13528680145551283,3.0365751828889294,9.366620036452199,5.3267033999594995,3.6016391293234955,3.124565835259435,4
0.00149115024088468,0.049636013838604436,0.15472625275513163,-0.12458823003908791,0.27931448279421955,0.04965840713139137,0.0024659573988270217,0.33469815115400625,0.4240864306756603,0.8398776913941696,0.3144067781869503,1.2346112167434848,0.0006124569459250056,0.04762137380503279,0.10404005299380044,-0.13734115195724458,0.24138120495104504,0.047625312036660455,0.002268170346589275,0.40829999993877225,0.7085923559053533,0.6699431758665119,0.803123565835308,0.4922713339356499,9.798315578874867,0.049255379146313616,9.925803686978895,9.640875973299073,0.2849277136798225,9.798439379594933,96.00941427559675,0.39979741290803544,0.23507757934111334,0.57389378447972,0.6264818418374278,0.3416341925294612,0.04414897017921104,0.40487235308683583,1.2764564096322444,-1.3705439250510438,2.6470003346832884,0.4072723337792003,0.16587075386195635,1.8628656487932458,7.6431001733563315,3.095248758602038,1.939068617337714,13.027259362250053,-0.0033563077954767238,0.4282813488852527,0.9331062935005616,-1.1228006561036727,2.0559069496042346,0.42829449985376833,0.18343617860498956,1.9591703908394613,0.6635815816640639,0.4586823174610383,4.264641825194031,2.266861780520367,45.12878232747331,86.83339190585934,300.313877882218,-0.9491298048077561,301.2630076870257,97.8603338653462,9576.644944237027,8408.541707172404,6789.1659074123945,4766.0719306022065,2894.8188504233094,1526.2273554617213,1
-0.0004410079494599706,0.05097036023710241,0.14078763364150293,-0.1405910930836661,0.28137872672516906,0.05097226805539928,0.0025981721107114775,1.0480060562035833,0.6588024260186491,1.050169429798575,0.37499274401910504,1.0173576805109645,0.005354013413485492,0.04614420803261655,0.12833213978921176,-0.13422025020771802,0.26255238999692976,0.04645377696796221,0.0021579533945891762,0.8978268975009348,0.26226833793683263,1.4029681541134573,0.1054413711201608,1.5110612011966844,9.800561634819719,0.047663331118461556,9.930015050859083,9.678580870908505,0.2514341799505786,9.80067753530507,96.05328015103345,1.1225620215012986,0.2803265044423205,0.8690223672474013,0.34490750118028374,1.3758465868032543,-0.009651246322835637,0.397930671663454,1.2247510562143615,-1.0183988718308628,2.2431499280452245,0.3980476931299962,0.15844196600611166,1.6916404319442497,4.693330266455728,7.920654606007098,3.71973558723165,2.378894953453638,0.017672899665361848,0.3958107069656947,1.3144710954297274,-0.8584886854920843,2.1729597809218117,0.3962050569228831,0.15697844713126502,3.377506243455157,3.247515904732613,3.138262342547658,1.221934324573866,4.45247143925437,45.133072292466274,86.83806980554562,300.3310039766828,-0.825776148187705,301.15678012487047,97.86646301011292,9577.844582109801,8410.95744456197,6789.927440740012,4765.080478608275,2892.126157405307,1524.4744044320473,1
0.005277650705837371,0.04816134580367443,0.15897534880453754,-0.1264479493470662,0.2854232981516037,0.0484496524919832,0.002347368826593934,0.8541144849251611,0.3807649209882546,0.15153118359778023,0.7224675036407502,0.4329548791620027,-0.005737003962788443,0.05313870297021433,0.15324989726993155,-0.1242778332340542,0.2775277305039857,0.0534474973017981,0.0028566349678257152,0.4928261616670854,0.5563323577938015,0.7508185708134035,1.956545989888605,1.009714767052855,9.799441712323478,0.04934847463574297,9.920584878721375,9.609289735791277,0.3112951429300974,9.799565967183149,96.0314931451742,0.7283268910667384,0.6190980580430989,0.35352418611009856,0.6352081708618731,1.3154889922000543,-0.011145722709343962,0.4243116850058341,1.2859025537165083,-1.0016451659427688,2.287547719659277,0.42445804641590174,0.1801646331672038,6.671093772838003,2.8221395468047317,6.083401884200142,1.509861498996076,8.491206757440388,0.03725286320025639,0.39289762322047755,1.0525842729924129,-1.1034322791974034,2.1560165521898162,0.3946597498465195,0.15575631814891738,3.7934093305920085,3.8972654100967814,0.47572364917634025,1.6328021630446083,6.760796043044172,-45.086020059510574,86.79387814448732,1.1456113031278856,-300.2460304052484,301.3916417083763,97.80555448524743,9565.926488166704,8404.49547827152,6791.025989754926,4755.9455814094645,2893.6321715749546,1529.0088246427083,2
0.004376119467844752,0.05733334331625642,0.22810573618074456,-0.12389639746475652,0.3520021336455011,0.057500110238299325,0.003306262677416575,0.779384720539883,0.4139920056758858,0.6805516392523729,0.35874942578139307,0.41007797314310324,0.00025057502455694313,0.047730612544146594,0.1162978611026192,-0.10489288472588097,0.22119074582850018,0.04773127027099086,0.002278274161682376,1.7230868383455467,0.4727763779573414,1.0593500016793593,0.42734394539590576,0.4142085824387552,9.80187952843271,0.05438948267507771,9.941779272639913,9.644053766017874,0.29772550662203834,9.802030427709042,96.07980050573391,0.2466615994288135,0.7582390658525223,1.5249913427158566,0.3693320582467836,0.43062884377453814,-0.05312453431881542,0.37722938512303805,1.0005669123463103,-1.0020120112740882,2.0025789236203986,0.3809517359809459,0.14512422514689632,9.375251672420802,9.675759516269087,1.3101471006702756,1.81015829684392,0.8228023215993376,-0.014644784904271218,0.3651009108564189,0.9882704993584008,-0.8321225853203433,1.8203930846787442,0.3653945057510842,0.1335131448330791,3.9983228224394045,6.280324714226268,6.186488315004942,6.75780355585867,9.302543097139669,45.09314617615791,86.7678217288061,300.2528514790048,-1.1174067544968,301.3702582335016,97.78571838272816,9562.04671962622,8395.925572060632,6796.39980593042,4753.469011969918,2895.2982265301966,1528.669188427124,1
0.003974694026144493,0.0555038300346504,0.15726906153573605,-0.13342948600897797,0.290698547544714,0.05564596428418531,0.0030964733411168277,0.3877725007154685,0.8877409639352942,0.15458031792629784,0.8013192925284369,0.6832831657316099,-0.00345728654583092,0.05253924666147935,0.13576873678334864,-0.1557779953509047,0.2915467321342533,0.05265287523028303,0.0027723252700157523,0.3961072246658198,0.6289054090361056,0.14315567967188947,0.3013760639146333,0.8815449735370325,9.79701255554403,0.04972408911995628,9.941986639515003,9.67282241664542,0.2691642228695823,9.797138740393859,95.98392749852617,0.5613341350556443,0.869545703400886,0.8660495772643827,0.8753097588306236,0.5597756112213123,0.3780588717414912,106.15716409575172,150.91533831492336,-150.6718217332625,301.58716004818586,106.15783728657465,11269.48641736286,80.21954116725917,79.45839958105974,88.73496157243069,94.83427659882454,103.44341313234985,-0.6483401799185229,84.62499805405768,120.94430003298133,-120.78326742711377,241.7275674600951,84.62748159220008,7161.810640638163,127.74611090329878,135.43630077715525,133.79166792662903,136.32440608536467,138.52897082509406,-0.5290504769765977,127.45865045535383,180.59997727250683,-180.17875251789434,360.77872979040114,127.45974843183734,16245.98747030726,90.33699818694943,79.77598449672828,89.95924698139562,102.05794220814165,108.77313132721716,5
-0.0048341814981421,0.04833829639675856,0.14885801556659167,-0.14471120692417572,0.2935692224907674,0.048579421664917556,0.0023599602092978615,0.3245304037180558,0.6283728894951361,0.6688216893401737,0.47803137791292294,0.8359281749319736,-0.0027635504880449096,0.050824144860968874,0.14322160504057943,-0.1465134032941827,0.2897350083347621,0.050899223099657644,0.0025907309121487223,0.3562531530191329,0.37749443752469364,0.4550839427709974,0.5192169741677578,0.5534837180376329,9.802114167913944,0.04868229043607822,9.930058221197942,9.674308953754586,0.25574926744335613,9.802235057690739,96.08381212622135,0.8677910566400945,0.28132023355529534,0.3017022000374293,0.30984732153666045,0.6934834258890467,0.05000153750615833,0.4186060710930158,1.1460529866627258,-0.8269128603943442,1.9729658470570701,0.4215817791471908,0.17773119650891075,3.0083848509153714,4.3080602972017585,2.2520831925906433,1.361330420073319,7.500728734199532,-0.0016794374475631768,0.4201308474986912,1.0117792403203147,-0.9157006782084447,1.9274799185287594,0.42013420418969544,0.1765127495301087,2.6347000357041463,3.658137408600865,5.957452083716741,4.493089221666875,3.176773159645339,45.095707447003385,86.84214029674179,300.4655745619477,-1.2463860260658155,301.7119605880135,97.85284953165493,9575.1801614647,8407.0591812717,6795.665429303768,4761.661097444808,2899.6575319202143,1521.8329401317098,1
-0.0015912614027324594,0.04533309784892353,0.2002942395056178,-0.12073584439842266,0.3210300839040405,0.045361017111964115,0.002057621873431901,0.33877561577557264,0.19631085567030457,0.2458474980250519,0.5145977003103682,0.6101800554171937,0.009924266862014674,0.045665584995609645,0.12304158054163533,-0.14155339136893627,0.2645949719105716,0.046731538876220745,0.002183836725739731,0.7164798850372875,0.6901953982720711,0.42502377753456366,0.6476410273613209,0.8747424070556844,9.794898022657668,0.051068419528708914,9.937299979480121,9.649516294659865,0.2877836848202566,9.79503115144287,95.94263525773626,0.39887868297851725,0.40887107611290363,0.7074158570007557,0.8940271983614428,0.23217381183274122,-0.0244604097697565,0.39928615274181395,1.2782883277197006,-1.0085388634053385,2.286827191125039,0.40003467776864493,0.16002774341746356,7.229107691124924,8.925723139467635,5.777574209304683,5.418481528143798,3.6403391072694995,-43.8447615752942,76.37091220224215,1.0317047275767923,-249.80703470462188,250.83873943219868,88.06179278323246,7754.879348196973,7968.656360242475,5958.580235561842,3671.47529522763,1863.489708153312,782.6742251704774,-0.01154732611610455,0.39944922685784023,1.1170575382092394,-1.102460147891806,2.219517686101045,0.39961609774602175,0.159693025577758,3.444308853002033,2.8829268864852287,2.7035181605866017,2.9100781578431185,7.042655496690044,4
-0.0029980796210840642,0.05148447976903675,0.1655869619242043,-0.1305252946686413,0.29611225659284557,0.051571699007330704,0.0026596401385027145,0.6691349607090605,1.2903718524391523,1.2648544679536768,0.33367216282037204,0.7094896039225735,-0.0007219726412332378,0.04886821215541255,0.13482836152459024,-0.15121244866404038,0.2860408101886306,0.04887354502960779,0.0023886234037611004,0.5234037621572879,1.3761790377452554,0.08753164650950512,0.73962125425928,0.22439586528723454,9.800386567890198,0.051632663378927454,9.947900879415243,9.621519598209083,0.32638128120616017,9.800522578516425,96.05024281201024,0.43647692700265484,0.12071349307099581,0.13801126437483907,0.4114857787290337,0.49226203268955854,0.007577698989399426,0.4030228082015753,1.1329191018996407,-0.8564772809018927,1.9893963828015333,0.40309404045787844,0.16248480545265775,4.728460255329315,4.919499511635042,4.13841225765083,6.823166730210752,5.2570921191184405,43.93984791214977,76.37466315238584,250.4578926010526,-0.866158280372537,251.32405088142514,88.11242481161925,7763.799406183255,7964.45023129213,5961.584619057613,3674.54319909734,1866.986357979234,785.0110936078262,0.09056692740625216,0.40273789754700867,1.3218648988526445,-0.8648005180221809,2.1866654168748254,0.41279556981682136,0.17040018246039423,7.1548700452992575,7.777412766041233,7.415000248141783,5.719723005055105,3.8584805600930943,3
0.0072582902788420126,0.04950792695885747,0.13800720478199574,-0.13328757187220247,0.2712947766541982,0.050037162285000734,0.0025037176095354997,0.6737557652233138,1.2451852927336806,0.4458128351223037,0.27053407726452594,0.4784597425921242,0.001970982613476012,0.049926668913776326,0.1090632007803492,-0.10816290625871337,0.2172261070390626,0.049965558550750376,0.002496557041288464,0.6027276006789644,0.1867273369205712,1.1593259699632736,0.5726437634571357,0.655737531885654,9.805031125935125,0.051327701000491395,9.959788662249096,9.661179355400158,0.29860930684893816,9.805165470987557,96.14126991344664,0.21119225832767582,0.8343822368670426,0.11290603006540174,1.2053956199035283,0.6813766032827911,0.008099619939096995,0.41657908951102957,1.2339967982141078,-1.1342348537682352,2.368231651982343,0.4166578232326812,0.1736037416609962,7.28987870218174,7.704679160285486,1.3919759895638228,10.11997165421193,6.093440460465463,43.88056211292181,76.40205867495706,250.22689396058877,-1.1444715141916462,251.37136547478042,88.10663029033384,7762.778301117572,7964.978898792533,5967.9449554724715,3674.521167147474,1871.5560739012965,774.9810878699183,0.033020052996829065,0.4259826901331518,0.9550267368440606,-1.0985385226610471,2.053565259505108,0.42726054836948174,0.18255157619299023,5.886500415922151,3.419658183516533,2.820178297663409,3.0004913909004083,7.013336558469931,3
0.0021864868727444332,0.0497198237647748,0.12781358909629623,-0.11877381779800629,0.24658740689430253,0.04976787719046241,0.002476841600044949,0.5597082448138193,0.7782545824444528,0.23875748067942817,0.3034303330735132,0.37816607697742033,-0.008006443303111028,0.048101523815007756,0.11250945212906438,-0.11075748917218445,0.22326694130124883,0.048763303084303974,0.0023778597276916894,0.2919966027397506,1.0695614457664937,0.7254528228583983,0.3928197443080758,1.2672597535043295,9.803943862063997,0.05371058292258264,9.924746310088,9.674886995649263,0.2498593144387371,9.804090986788129,96.12020007722022,0.32443207562145365,0.4209910483341387,1.0210810116159776,0.824653779844306,0.5473795972527812,0.03213700206931233,0.3994584697348617,1.0739493520078915,-1.0369910956594082,2.1109404476673,0.4007491184580702,0.1605998559449204,3.2139882984602917,3.546046939486597,8.532425090208305,1.2602183190356502,3.9309425565532017,-0.006431620288805535,0.4108020075227797,1.1150179884103124,-1.1450388006121273,2.26005678902244,0.41085235197609044,0.1687996551242853,3.004547662685796,3.8170216628354674,0.7031009913825045,2.0791359786873693,9.568411803574385,45.09124252343112,86.80687411004234,300.28386718579924,-1.1093592440725355,301.3932264298718,97.81949470869098,9568.653545063622,8401.435878925155,6794.125217816837,4763.530614609043,2893.9828779413915,1524.3642857132281,1
0.0029196194036948233,0.04701910344733603,0.13606549992342756,-0.12144937116777832,0.25751487109120585,0.047109662134786304,0.0022193202664537184,0.1275556314201671,1.02764437056457,0.4965205247565804,0.08087498086911825,0.3632612280087553,-9.36520116784878e-05,0.049240342801430075,0.12317929485687007,-0.14617644268068208,0.26935573753755215,0.049240431861445305,0.002424620129901638,1.1189716418035633,0.4674913905452575,0.24396872638465664,0.15583994950108537,0.37057180221989083,9.80007061348271,0.05163456365406904,9.952390260039598,9.65425491935091,0.2981353406886882,9.800206638505697,96.04405015741115,0.9057963685726833,1.1654392246155147,0.39461806068640654,0.4630147178064134,0.3424692311892993,-0.023590396630974314,0.3864683159019803,0.9289135709961643,-1.1035107524647725,2.032424323460937,0.3871876366948194,0.14991426600931948,1.8895667797666742,9.699693920873198,3.0262913779907494,8.95933742028785,5.010482755755343,-43.862807670610934,76.34589062491028,1.2390418224445576,-249.95489985480643,251.193941677251,88.049082403281,7752.640912059769,7965.0358048630615,5955.4574728652715,3675.1437121591334,1861.8751950567437,779.5037469020906,0.04117505222927734,0.4152093591919616,1.0679202892783033,-1.110485949164972,2.178406238443275,0.4172459668908533,0.17409419688668307,3.385506493675188,6.291679118230601,5.611534178631338,1.6989131279946212,6.373569183928024,4
-0.0027241236337229315,0.0519215483860138,0.10960696337371556,-0.12748122578633045,0.237088189160046,0.05199296141183901,0.0027032680363729806,0.5195885820582523,0.6531566228291037,1.46276663937483,0.28638404265795153,0.3234813932476598,-0.006600709446421378,0.05339313598864498,0.15442329378173236,-0.1523080148016352,0.30673130858336756,0.05379959419826521,0.0028943963358980117,1.847900490785711,0.5281786680276013,0.9128933061780301,0.7634498573551723,0.5569927286705607,9.799433223214685,0.052012132676806176,9.928684286747231,9.66014532081567,0.2685389659315618,9.799571253794186,96.03159675818934,0.2761490805220671,0.2373823214070906,0.8110916899364077,0.7663054351140289,0.9658477065127382,-0.015024068948806696,0.38431141590512763,1.178408348574131,-0.8580481631389066,2.0364565117130375,0.3846049753224502,0.1479209870427825,11.847909181929136,4.072012622469513,7.2638166571329394,3.9868249335019734,4.639041073453549,-0.01298721332562121,0.3837174615288174,0.9664502067465037,-0.9503924967432582,1.916842703489762,0.3839371797470058,0.14740775799208466,6.879826136455583,0.666283933675107,2.297853563929354,4.765025403842615,5.33758369120714,-45.16270360957284,86.7847147069876,1.0307623911924806,-300.2812471765148,301.31200956770726,97.83279871341385,9571.256504099352,8400.44761980797,6791.445661241404,4754.752735551533,2897.1272726749744,1533.5078912741044,2
-0.0008765484600085389,0.050322852478302836,0.13582675215008577,-0.14192301390948892,0.2777497660595747,0.05033048597774289,0.0025331578187557735,1.2845013487945285,0.8329156673733807,0.5131513037352934,0.06076982746415084,0.17977353838112678,-0.0003045762609607564,0.0486414134767772,0.14374841559002416,-0.13802675071473489,0.2817751663047591,0.04864236704476401,0.0023660798717175437,0.9349902882636498,0.5189927482152058,0.06948958973509756,0.6526480726108879,0.8241517085926762,9.798660104504295,0.04960148337318591,9.925551920998322,9.648403943611287,0.27714797738703467,9.798785646739953,96.01620015075692,0.5510653942939645,0.8653820540334781,1.0306530759304275,0.40958920158965106,0.9060323704062025,-0.006843669740293301,0.3818978184257236,1.1911702104078195,-0.9066313610467278,2.0978015714545473,0.3819591333295241,0.14589277953384117,6.828622988262159,7.5036750323365276,5.701234537775837,2.319010489070986,2.240311677419127,0.006149469338586417,0.36355416826831993,0.7542010094419104,-0.86695528457152,1.6211562940134305,0.3636061732677487,0.13220944923841607,4.0902437334393476,2.0686857323803687,2.032087822304945,2.8490341343431353,2.4165758570892812,45.12082705809528,86.79649552163062,300.45080073449896,-0.985458502755299,301.43625923725426,97.82392687498793,9569.520669242986,8401.745984354598,6793.448707905405,4757.233303967597,2896.359460223871,1533.0376939587234,1
-0.002607034010748362,0.04496146085934277,0.11407680218777592,-0.16549894036791876,0.2795757425556947,0.045036980237793595,0.002028329588939411,1.1556218977375396,0.22740211034882574,0.3833790489814634,0.4653250832173501,0.5372622873409003,0.0006059445955504783,0.049717961362956475,0.1732357013392302,-0.11434890560517581,0.287584606944406,0.04972165374302539,0.0024722428509413104,0.6759619504558123,0.313078208210592,0.6309951098853912,0.3660519045458596,0.14684496647173562,9.79349454027093,0.0497389615897427,9.911953319249632,9.66548937275748,0.24646394649215075,9.793620845969919,95.91500927461654,0.2815552861993697,0.7953463188819032,0.6723647533358796,0.8613923476883801,0.428896546089288,-0.0017553026009358775,0.3884426717699801,1.148037030925121,-0.9880499574580125,2.1360869883831337,0.3884466376981803,0.15089079033902134,3.3878196315899007,8.56603139928686,7.4727281115792366,6.323206216406158,5.011763659926357,-0.02345601867323616,0.39356645107358784,0.925717466369298,-1.0273818499365743,1.9530993163058723,0.39426480469686614,0.155444736222658,3.385878763007651,2.920730852390201,1.3824476813710822,3.0524692531299507,4.921086919811602,45.10480006060432,86.82534680059571,299.546359139542,-0.9422045982587536,300.48856373780075,97.84213732104797,9573.083835550808,8406.10906833738,6798.676438976775,4756.097157588763,2896.1176961505507,1523.9377247824825,1
0.0036425467558101696,0.05084968223754069,0.13276808176781754,-0.14063789335641994,0.2734059751242375,0.05097997970308662,0.0025989583305271236,0.7844199024661334,0.5849669238016978,0.37260665262259357,0.46229122587809385,0.6302294236387103,0.0040167501550414505,0.05180817861773897,0.12840276166631712,-0.14957022138551077,0.2779729830518279,0.05196365704504996,0.00270022165349557,0.8664376953056031,0.41685695430138675,0.5044751738973571,0.5540382016447682,0.1504936769504282,9.798172356427246,0.0461691655425227,9.926319949795392,9.701842534540173,0.22447741525521892,9.79828113079544,96.00631311810196,0.31050525113131844,0.5429053749137764,0.5002010722753827,0.5261630944039961,0.35955621790728676,0.0002714060056800538,0.28656643237807833,0.7457457298711718,-0.7316080818447275,1.4773538117158993,0.28656656090186045,0.08212039382711968,0.39605735769141165,1.4087114560172134,4.579124986703163,6.199950425128077,4.364665231614481,0.025756133686531846,0.2815281682658037,0.7413108720461105,-0.8577987837436039,1.5991096557897144,0.28270388739735636,0.07992148794957715,1.8243355675517237,5.651504916876757,3.4532105728942715,0.3326172046408773,2.965073339269181,-0.0030508145573074686,0.31286266788884876,0.9876816275252813,-0.8403390902491452,1.8280207177744265,0.3128775422237767,0.09789235642799117,5.601092352635775,3.890331904320394,2.972818884196341,2.9385662537415844,0.7340083829385858,0
0.00035215154962438543,0.04847643808651152,0.1353234786744379,-0.15466128374725813,0.289984762421696,0.048477717151999715,0.002350089060269287,0.7546179208740528,0.7206312425478028,0.47290812129299437,0.8864545392424048,0.8079217957532632,0.0018974056345037024,0.0491116044802063,0.13474111660977553,-0.17664090938394494,0.31138202599372045,0.049148243536896265,0.0024155498427620658,0.970011677039509,0.20479915398038318,0.7629203545930592,0.18900560669562785,0.31071527534940846,9.803087522236575,0.0515262324820187,9.967410359276949,9.654391998767712,0.31301836050923626,9.803222935405694,96.10317992126424,0.4932203681339209,0.7457254923266116,0.21508052103870806,0.28268383523707313,0.5903117178335127,-0.0029059096566011176,0.3265622497136432,0.7900150696204931,-1.0018069987810754,1.7918220684015684,0.32657517855613,0.1066513472489682,4.0658742964075,2.9461314310211586,13.133732906992824,6.2691997809101565,2.800875871089552,0.01351559057582154,0.2995070821846794,0.8500741288369797,-0.7586147292881324,1.6086888581251122,0.2998118801305138,0.08988716346739356,3.057118246739666,5.547349420253099,3.4987953029822174,2.588029680163654,9.199804926550941,0.01996176014678783,0.3153903312342015,0.7601132487390387,-0.7581496812049779,1.5182629299440167,0.31602141209762546,0.0998695329041772,5.252177326155007,3.662990434550035,5.940209103637733,6.854915954846828,7.868756205478119,0
-0.0021329789633353084,0.043932393605484114,0.1186584253946951,-0.14823562027118972,0.2668940456658848,0.04398414267852919,0.0019346048071652128,1.0446064103400656,0.41556340552079607,0.3145251874965886,0.6472594906645681,0.518910847478376,-0.0031156453104239285,0.05052861645711808,0.15099943462821813,-0.16558562133471263,0.31658505596293074,0.050624582237989,0.002562848326770911,1.1607270734432182,0.12009266735212544,0.5583459063495679,0.40443677927379373,0.04614693302322897,9.799506019499137,0.05007747700210188,9.952944461409851,9.670880604946587,0.2820638564632638,9.799633971730918,96.0328259799027,0.5099183281760158,0.5068720446406797,0.7871757072150812,0.7306629632772561,0.19751694673553014,-0.003855501183294463,0.4235400092351975,1.3990862585396868,-1.1264229301457973,2.525509188685484,0.4235575572603157,0.1794010043123256,4.430112684903267,2.8617723443574348,4.2292626238783235,4.330011528037721,6.946038922439308,43.861568587174,76.33976813472968,249.30677084035145,-0.7949860490242513,250.1017568893757,88.04315645063878,7751.597397791657,7963.442898215245,5954.64891019947,3674.757446070088,1869.306645646279,776.9798209112787,0.07608300622792266,0.4313093100905018,1.358840756903688,-0.9976803795230169,2.356521136426705,0.4379684290076429,0.19181634480742274,2.226108208747755,4.647148957186668,0.23037853052649623,4.16511252124706,6.401567927056558,3
-0.0033789276103696666,0.04886656672314584,0.12243996421266806,-0.15774616031307437,0.28018612452574243,0.04898324708615981,0.0023993584951037834,0.41124232200443045,0.6675011876868215,1.1252242053049057,1.0171726582113323,0.627370931539994,0.0018434567620086667,0.04788229142310198,0.125911106866593,-0.1268939190458875,0.2528050259124805,0.04791776460520942,0.002296112164760261,0.6725155565355234,1.3019160047030816,0.5129319173476627,0.4039163092777022,0.5476139281022714,9.803446873225182,0.048751971679791346,9.948484399047567,9.648969478754436,0.29951492029313087,9.80356809283698,96.10994735089128,0.4509353385159957,0.7866700158219682,0.8107502477517314,0.260089800943245,0.5448123882057759,0.3706141864955669,106.14919527442743,150.2682898619019,-150.23281591482592,300.50110577672785,106.14984226217088,11267.789012283758,77.92267277081332,77.85590970468327,83.7643434334888,81.49560843589808,95.38452168812888,-0.534186749241928,84.62995445870924,120.62308495170618,-120.3773499116563,241.00043486336247,84.63164034311437,7162.5145471662645,130.0770886391807,125.00419957364363,129.59970519042437,145.17633679017516,138.1404744965796,-0.4474284935917672,127.467995137639,180.3515680984025,-180.45371616096526,360.8052842593678,127.46878040001023,16248.289976666032,100.45869286588241,98.0100606206329,89.7730696953684,91.73280297742018,112.1914851254811,5
-0.0009577166996303818,0.05325924069021519,0.13973192321384362,-0.1257452517770061,0.2654771749908497,0.05326785090629266,0.0028374639401750235,0.6317661793029836,0.36199200946011445,1.2850011635653884,0.632742240936197,0.4875836602154905,-0.00015607947183827437,0.04994545354936115,0.13792265992664918,-0.16291100311915355,0.3008336630458027,0.049945697422830344,0.0024945726910529215,0.40658484898828495,0.3015593513858646,0.8548034083309707,0.2403660687064352,0.6397000947343436,9.791226183458306,0.05271913251147594,9.926347473152585,9.64205592330405,0.2842915498485361,9.791368110870527,95.87088948257228,0.8439083816787603,1.2879681207747065,0.4287509219257988,0.2447227921246675,0.5346664998635917,-0.030217572151718244,0.37531192502976535,1.2824709471403706,-1.0019049742870985,2.2843759214274693,0.3765264170497105,0.14177214273629254,4.404308208297174,1.0713067067949036,11.423243936030213,3.9096078896250632,5.201854047085782,0.020220717030053494,0.38801697086957965,1.0323601898659747,-1.4254373335903467,2.457797523456321,0.38854349445076763,0.1509660470800137,11.00676702155639,2.5273819333381606,5.01466539552142,5.706230950735607,5.00185127633435,45.13652692710074,86.79078080805436,300.3237694296209,-0.7424996054275371,301.06626903504844,97.82609925941351,9569.945696312625,8402.096420519683,6790.369257585768,4754.923212860874,2901.6176818643594,1529.0506523639817,1
-0.001011511243984034,0.049316789298924454,0.12079759227397771,-0.1323739908448186,0.2531715831187963,0.04932716150105554,0.002433168861751216,0.6618580643074582,0.39930244824090616,0.5097370261603271,0.10182028187275097,0.4243463013945517,0.004344388772796684,0.04724249688040974,0.14164129248590582,-0.13507844068541316,0.276719733171319,0.04744182991100497,0.002250727225304726,0.44681629884820095,0.5153474523808294,0.4325284257065606,0.6230128685355629,0.6484689259191901,9.79659878330452,0.05007730313050646,9.94595515421455,9.673882957483489,0.2720721967310613,9.79672677261811,95.97585545733244,0.8427357235590749,0.6323199731429876,0.7727940560310661,0.29533440981216813,0.22421555325926254,0.0091944894554377,0.43166930916156915,1.3303663812234185,-1.4393706892174771,2.769737070440896,0.4317672186588191,0.18642293110837252,7.941714686770026,5.759282728640481,2.785224000985105,1.7068591292436475,2.7039788191262026,-43.87615252095998,76.3556458395861,0.9257769372463323,-250.168017096602,251.09379403384833,88.06418915554066,7755.301411622845,7969.891216375266,5955.8787888310435,3667.1482900114224,1863.2265123009895,780.6804549318989,0.014631784806858956,0.4040323582747757,1.1724092517821065,-1.186022305917233,2.3584315576993395,0.40429721203554064,0.16345623565971093,2.992011787176718,1.4442928385456562,8.034634892851518,5.242631060859818,6.127146727909969,4
0.007026929516651006,0.04922179442048565,0.12775354999557545,-0.1313103872935902,0.25906393728916566,0.04972084858894238,0.0024721627844045335,0.6781818635141154,0.6351078455809017,0.3836125328851599,0.7468172583597265,0.6528827446582088,-0.007097427098173442,0.050318560404099565,0.12474481117816175,-0.14031874801939487,0.26506355919755664,0.05081664090192211,0.002582330992554903,0.5307456456213671,0.8067699635566693,0.42164676132390466,0.7367152841067736,0.8242757550580558,9.797874445666729,0.04735113563946607,9.89953722954203,9.66960243916467,0.2299347903773601,9.797988864205523,96.00058578309545,0.7655533462409421,0.7058510707054524,0.8471910639529046,0.6902871058272527,1.0258299739807275,-0.005418908265053815,0.4127780601447497,1.0258800190324604,-1.60143922078667,2.6273192398191303,0.4128136280498109,0.17041509150364764,6.816069310349555,2.14083838440222,9.595922937651297,4.213426321493187,3.1723838427529714,-0.052057567876276245,0.3883276824426873,0.7720371650178377,-1.4016558022017298,2.1736929672195675,0.3918014539591471,0.15350837932450168,3.390321393357981,5.682434942482859,5.77495480962412,2.8361231025491134,2.886928499501905,-45.090388218037646,86.83255170792589,1.0975238457943342,-300.0565850092656,301.1541088550599,97.84188850263965,9573.03514576297,8407.26340893648,6791.152995386304,4764.969135614509,2895.459326545473,1526.0110447795096,2
-0.0021153391675962406,0.04921559606616307,0.13803068839338492,-0.1699671908190784,0.30799787921246335,0.049261034864705115,0.0024266495559416928,0.8630589540135354,0.2322014891082995,0.5773770608895537,0.2760559169373705,0.9400135449371344,-0.0007826959419090085,0.04980537226912124,0.17543596518768073,-0.1371162212158614,0.3125521864035421,0.049811521958310324,0.0024811877198032315,0.9455850712923514,0.6818675871370161,0.9451247848373678,0.36085642678945634,0.4732145958045816,9.80092243393595,0.044225498131090425,9.930843767666913,9.683976230116182,0.246867537550731,9.801022214581188,96.06003645071392,0.24233007169074636,0.346595527746823,0.6873661769888281,0.2659707287502093,0.3000679127938652,0.3660462626728471,106.18899800301,150.71673296131647,-150.1184920461425,300.835225007459,106.18962890390793,11276.237286749678,77.5024853310599,81.05740362518006,89.39509061221571,91.98924374114955,99.0904953204748,-0.6053533606301883,84.593965206543,120.80163437650377,-120.29134857708627,241.09298295359002,84.59613112936688,7156.505402057036,125.77495609596023,136.65808398457943,131.03416363216328,136.74791409799778,136.21521144065912,-0.4455260815352884,127.46091835478107,181.10362231230096,-180.5253844484218,361.62900676072275,127.46169699691549,16246.484201333495,93.33561210481129,98.00441904851176,102.06745967931029,98.43888331508195,112.05220576555011,5
-0.002924187426926485,0.04665806951250463,0.1024409222189833,-0.13939637060109406,0.24183729282007735,0.046749613075848115,0.002185526322741509,1.3051015747484436,0.7883619398373375,0.4552086934342473,0.1664890111905798,1.35260114549296,-0.0033173087106623447,0.05058012709791075,0.1429484838611037,-0.17484557560361869,0.3177940594647224,0.050688793577305054,0.002569353794322642,0.5806012840191095,0.5340411982626209,0.7362260315039768,0.7228915436448075,1.5260702899904552,9.80988743297013,0.047583739191051605,9.942062045865347,9.689198751076354,0.25286329478899283,9.810002836889534,96.2361556597807,0.47371310038695374,0.10060639912408918,0.08060895554838961,0.4744506279317458,0.9053127408193987,0.057648235905621965,0.37536143401257444,1.2999650731956471,-1.214731102160188,2.5146961753558355,0.3797624589753528,0.14421952524700654,2.242501111411685,3.1078952717626622,5.914080604069257,4.005657997014599,7.133402001421591,-0.005182893270152434,0.41214409809737557,1.1880712895606342,-0.9630785809995626,2.1511498705601966,0.4121766853900751,0.16988961997914895,1.857196893296407,4.499261446571688,2.8265810179601196,4.6707439735042415,5.084100627447276,45.10518006070745,86.81746395314195,299.7474671566844,-1.1956114971471932,300.9430786538316,97.83531732234502,9571.749315563942,8408.611708139228,6790.647016695861,4760.597715672607,2896.421834054508,1521.1607229781362,1
0.0014829200420607514,0.05202695527295577,0.16665744109421154,-0.13728997228488268,0.30394741337909426,0.05204808475655262,0.0027090031268252853,0.8263853016522479,0.21943694097477234,1.6552192541014144,0.8159926193174004,0.9155161831672514,-0.0005965436537442506,0.045485751878638646,0.13723992882375344,-0.10174362824202665,0.2389835570657801,0.04548966353245428,0.002069309488295901,0.45641444190425534,0.2791031127139127,0.134036648569187,0.3774806381353131,0.31953317647219825,9.802278306162194,0.05264256125415896,9.923672071060091,9.658284365357083,0.2653877057030076,9.802419662038215,96.08743123071338,0.5527728246587689,0.541986240746852,0.5450255097492759,0.8136386903088584,0.47903241347723025,-0.04247945844091595,0.3694815528512894,1.0126482615934582,-0.9023112537300035,1.9149595153234618,0.37191547734241137,0.1383211222868337,6.408975737478958,3.8269778406613564,6.140841526413166,4.880038351438723,2.753356830492693,-0.014866108307091438,0.39208106458800346,1.3699616891869775,-0.9135557531166365,2.283517442303614,0.39236279434301663,0.15394856238466034,3.622577910511903,8.68803845782691,3.4813229641155297,5.748857219863204,6.790306753953122,-45.128260539452256,86.79544802597276,0.8034819023948457,-300.22165311111155,301.0251350135064,97.82642637521838,9570.009697346022,8407.823610619851,6783.895528811166,4759.912179250405,2895.4051645322174,1524.7461978094416,2
0.0015190730531916997,0.04871357450776121,0.1376655456262898,-0.09435214685632143,0.23201769248261123,0.048737253967208044,0.0023753199242641364,1.6120950187098502,0.1472843897632467,0.3399914976120044,0.47314575390093694,0.3470639601904679,0.004417582395567227,0.05285095393294164,0.17685251384993,-0.12863710874502232,0.3054896225949523,0.05303525587610137,0.002812738365843545,0.6878127692198501,0.7281022034413801,1.3810976481312385,0.40169728460124343,0.48943336715978586,9.807495362102898,0.05133326499840485,9.957260734161686,9.67352630575545,0.28373442840623575,9.807629702520648,96.18960038176527,0.21435711523713769,0.056910943819186724,0.3116829792676304,1.2463839057881754,1.0098864699613619,0.010461170884210471,0.42371411643102125,0.9793201816032353,-1.1584933367136425,2.137813518316878,0.42384323583040656,0.17964308855918962,5.894573324952066,1.588292630902924,1.4055403781260793,3.229365161253583,9.134611105391347,43.8771262990372,76.33156506979333,250.5736072490343,-0.729248874851513,251.30285612388582,88.0437961372961,7751.710038265755,7963.885087477096,5955.844075814175,3668.2306362699146,1866.4968598886865,783.0306332549291,0.004904371014642309,0.4024997266685196,1.1979546594554609,-1.2870404892022373,2.484995148657698,0.40252960490289685,0.16203008282328224,2.440471998898703,1.7794157548721914,12.488278597708854,5.007222174452093,10.116539534559928,3
0.004192215734060411,0.046051028231498786,0.144820698250293,-0.09390655680748466,0.23872725505777767,0.04624145190128876,0.002138271873939202,0.17888369908699206,0.37027297169575435,0.773791768402496,0.009425304648619782,0.5329685946898383,-0.005668913958674038,0.04952207331974779,0.13348506608596886,-0.1440516453973264,0.2775367114832953,0.049845484563371685,0.0024845723313573253,0.1106184186609644,0.49909535032881014,0.2395935032648416,0.9820030579130702,0.4161029932584297,9.799281428269792,0.050441177347993936,9.926680588709718,9.664579769788764,0.2621008189209544,9.799411248784567,96.02846082280551,0.8959001415925849,0.06190808265018161,0.6751341346729899,0.7818356453669935,0.6089748441897093,-0.016953580007292465,0.2946373670443278,0.7972374260027957,-0.8175524774425962,1.6147899034453919,0.2951247226748,0.08709860193387761,7.011350664615424,6.124528362540871,2.070950206018606,2.1101090144883945,1.1935329483280075,-0.010876347605963572,0.28278254893128313,0.6600392117215733,-1.0081344210872474,1.6681736328088208,0.2829916340058824,0.08008426491731929,3.389247577351023,2.982699930276229,4.065844185912428,2.4557576329209723,3.8038459848994934,-0.029625943805870705,0.3143060878179118,0.8707194355465089,-0.7726437158611,1.643363151407609,0.3156992451460559,0.09966601338578951,4.249436284876665,7.0967212893990075,6.360046296457642,5.088691749638247,3.2418037730352394,0
-0.0034455825725977986,0.05296253516776704,0.14978562585248473,-0.1531506557504445,0.30293628160292924,0.0530744964240034,0.00281690217066155,0.6025362446229352,0.27926915325587043,0.8617167170543576,0.48105854581459345,0.19154286425153,-0.00265235615667078,0.055034400458571164,0.19063078667906647,-0.12531299623248598,0.31594378291155245,0.05509827789519567,0.0030358202270162073,0.6120745804876807,1.0500795818711823,0.2869815323179724,0.7670057164296301,0.24679634389827904,9.799654590063879,0.0467020388835361,9.925344671087524,9.692110751589146,0.23323391949837813,9.799765872968392,96.03541116499593,0.2856876732704427,0.3553740560661802,0.9444966383848449,1.255824822925814,0.45526901939283354,0.013336974048597119,0.393497983227755,1.112121830790737,-1.1082637580377528,2.22038558882849,0.3937239358752316,0.15501853768108345,8.701631487797489,3.1803722656986424,6.063239352977657,7.326541408328849,10.85978592458189,-43.91675777586974,76.34673709528559,0.8551885270294286,-249.8355630506421,250.69075157767153,88.07670451737548,7757.50587864107,7961.484868493479,5956.755920712457,3679.1348112570017,1864.8343620455587,784.4266994350804,-0.027598481204122206,0.40434988395737015,1.4413467625367407,-1.0569640915876672,2.4983108541244077,0.4052906424050684,0.164260504821113,2.456118653979989,4.72647258846085,9.828238225098396,1.7125307885488557,3.509489462194153,4
-0.0001324891943834211,0.04701267955790143,0.11375961513987787,-0.13333020531756037,0.24708982045743824,0.04701286624532216,0.0022102095926005514,1.2890085367583077,0.27068668414865454,1.130600364991059,0.6047980591624363,1.1806800253513303,-3.500943706201576e-05,0.047452415670159294,0.12282909447797004,-0.12782666607527268,0.25065576055324273,0.0474524285847865,0.002251732978594263,0.8669349032598092,0.9876852297197627,0.46706931678400265,0.47122291895535795,0.5201627132656628,9.792811237210476,0.04890564720454801,9.931482261025277,9.61083984910041,0.320642411924867,9.792933354718812,95.90154368996424,0.034140146509907404,0.3718278991700605,0.37181214504618043,0.8895761674923363,0.16982178302408613,0.0059050930331638355,0.45089483195452057,1.5136545334517717,-1.1641729830936771,2.677827516545449,0.45093349798725935,0.2033410196070256,10.69459194316766,2.7201682421066624,7.28470482423943,6.521332151873136,5.871941069817991,43.89148820638402,76.33826116395858,249.8224154040607,-0.9092391488754404,250.73165455293613,88.05675927779703,7753.992854507893,7959.747028101386,5956.711063844695,3678.5357225021294,1869.1444808762747,776.4364287043644,-0.02499188486044224,0.4318812751712089,1.2564345345436008,-1.1578440374360648,2.4142785719796658,0.4326037796325721,0.18714603015238704,6.1149638016841195,8.033537766263253,5.01709832085353,9.684372731824,1.9360733473620273,3
-0.0028757009056774533,0.05293074945872589,0.13837068045519427,-0.17995305965365227,0.31832374010884656,0.05300880958823094,0.002809933893961325,0.10194692558078246,1.6021361167962738,1.1795053654245564,0.9120993520252779,0.9578438166111951,0.0036147276292693557,0.052264204017603594,0.14773912805342426,-0.12514444641349404,0.2728835744669183,0.05238905684804313,0.002744613277427495,0.8549031704280755,1.4814715819266326,1.6630865225362046,0.8560219862497264,0.7908571319705272,9.808485960726921,0.048728275474305666,9.9304541766407,9.6807134490638,0.24974072757689925,9.80860700031395,96.20877128660781,0.3683725674015042,0.6447456757949187,0.3660266758464244,0.5421996684189204,0.85259713911172,0.027949071777025342,0.4025579796538064,1.0616637820056534,-1.0119287477609926,2.073592529766646,0.4035270469202179,0.16283407759615173,3.754847119558868,10.135770109926643,2.2972466604899617,6.165177293242508,10.372345135021572,-0.02285672853383753,0.3977993873127743,0.9112623145321779,-1.0129082683683128,1.9241705829004907,0.3984554963677728,0.1587667825856882,7.228453940928248,5.171804367507407,6.714430987280953,1.3308062970693364,8.71675922934171,45.11540294568947,86.80554332274639,299.8259748855537,-1.367944780736547,301.19391966629024,97.8294533078312,9570.601934509124,8404.83451487881,6790.285886702938,4766.675034664807,2890.566649849725,1522.4432967814187,1
-0.00035128754487576407,0.05015371679106808,0.13199204433699518,-0.11994424800648698,0.25193629234348214,0.050154947023178575,0.0025155187108978493,0.6244183867187706,0.589269500857299,0.48670678813103707,0.33821977119053126,0.8813153837240927,-0.0029120646230440094,0.04964229256757178,0.17989984522275448,-0.11907494150201525,0.29897478672476974,0.04972763147117683,0.0024728373317331764,0.24568892349243404,0.7051522132938258,0.4049836695918528,0.47961501337947443,0.8437489356706626,9.799029344360225,0.05152121040270527,9.914866381028,9.666796541173737,0.24806983985426356,9.799164787202741,96.02363052675413,0.6703082392142703,0.3173925215983242,0.2434989161845746,0.9271776729184721,1.0566644295308796,-0.010811695504180712,0.4305670535520909,1.1125515550121536,-0.9653277765268768,2.0778793315390303,0.4307027749669188,0.18550488036420426,4.093470515017487,7.614939174890401,6.834760738477834,2.493490580236069,8.004396330282862,-0.0358740479541934,0.4154479211356578,1.2504401403768695,-1.0806027882744187,2.3310429286512884,0.41699391181713863,0.17388392249255957,14.958075805692275,3.717612334721826,3.97758088420187,4.165751874744069,11.914971829544394,-45.11798395582806,86.80196433909107,1.0316276244224838,-300.0322409985959,301.0638686230184,97.82746796970265,9570.2134893632,8401.150404993767,6793.635130973023,4762.268237588537,2893.4076509901115,1528.578087167118,2
0.001006214940061044,0.04787977814055378,0.15214207862263138,-0.15460706086690468,0.3067491394895361,0.0478903500017932,0.002293485623294254,0.1816500769550956,0.6517517580362719,0.4958486719544333,0.8444289591086886,0.7214658915025027,-0.001798971368813722,0.051589495112020864,0.12297972158919085,-0.1367915416984233,0.25977126328761413,0.0516208514449252,0.002664712303899036,1.0907556824212117,0.5736763683735898,1.3611240331875583,0.5579697816382289,0.3189248948266539,9.796167594070447,0.0491097788923558,9.96659944786314,9.654916653638606,0.3116827942245344,9.79629069094516,95.96731130149881,0.8915031329845213,0.82535451733041,0.5306667902239943,0.6146581184675609,0.6747235664573101,-0.0021381687497482936,0.40169787715571054,1.0715515914368712,-1.5997328996112206,2.671284491048092,0.40170356766776016,0.16136575627700675,2.2713579490141025,6.929849868085187,1.4117921983323969,5.595480658178869,6.8743677656739575,0.002344634083869894,0.39409884942541995,0.9611415904336541,-1.0346122354014389,1.9957538258350929,0.39410582389432797,0.15531940042742706,12.606758975593122,5.816789411796551,2.880821253438619,1.64698133757053,6.056902209966599,45.12079679697963,86.8308705878008,300.0986597246869,-0.9328359495728786,301.0314956742598,97.85441426236089,9575.486390629738,8405.76430508238,6793.619305063646,4763.760256536943,2895.797457280229,1524.9626244798135,1
-0.0037183302443613273,0.047795009547273296,0.10838527885398352,-0.1066884397485401,0.2150737186025236,0.04793942967360039,0.0022981889174300773,0.42499685759354827,0.4029230609545311,0.6541183502666366,0.6231954940858423,0.6267323015051689,0.0005533327510089725,0.05005295142349251,0.12674771648181526,-0.13139367525798726,0.25814139173980255,0.050056009862311644,0.0025056041233358405,1.493619572926023,0.39332168121682826,1.1257745488431283,1.2856822115844748,0.608150305174312,9.792947259308106,0.044819226260627815,9.965520542176934,9.653571168494464,0.3119493736824701,9.793049820491712,95.90382478663274,0.45342076274115284,0.7588522692253716,0.1997730735357333,0.7186816390981744,1.5076224140471954,-0.04064621549728709,0.4016112831886376,1.3555198233249568,-1.336948463751299,2.692468287076256,0.40366290096895946,0.16294373761867598,11.16427788129228,9.319815918654676,6.486066743936435,0.7769616518929535,3.5768301120202577,-43.827149345194904,76.42361540797587,0.8049149383858503,-250.17822282854002,250.98313776692586,88.09874012579422,7761.388011752225,7971.881905954968,5963.840524387838,3676.7088520212665,1865.0466502167421,785.8515609074148,-0.011121622323894116,0.3849800974328657,0.8826606195269383,-0.8845980874779675,1.7672587070049057,0.3851407092252572,0.14833336590253413,7.073375075134678,2.9979522725790115,0.8231857213668292,1.436392994479865,5.842295936138528,4
0.0026605609108643403,0.05021120398775101,0.13576828563178112,-0.16917030099877095,0.30493858663055207,0.050281642676626645,0.002528243590259962,1.0279255019917486,1.1808923279837553,0.7611452294759072,0.367811994258977,0.9046649215182567,0.007039649804073238,0.04919630526450426,0.11047289173122539,-0.1470447486139914,0.2575176403452168,0.04969741563745823,0.0024698331210422776,0.18502956803434015,0.5148941559296814,0.5568718218218052,0.7778150246115189,0.39586572752138666,9.798054900552698,0.0516318544922677,9.919767217150648,9.640460522779968,0.2793066943706801,9.798190939282774,96.00454568264304,0.33206584677230566,0.3850797579875777,0.24772684563054584,0.7408932774230319,0.6830313360351281,0.02720985575924939,0.39237304904878295,1.2640778135371755,-1.041569107543692,2.3056469210808674,0.3933153771088511,0.15469698587027778,4.762476577594199,4.29611119982948,8.354727862744905,2.795087656509734,5.026348489808598,-43.93151311939468,76.31609667264141,1.1468857204899072,-250.2603619901297,251.4072477106196,88.05750653015048,7754.124456307494,7966.351701282908,5950.855836678113,3667.4914894745643,1860.3105777685448,783.6475753779714,0.033601035567242456,0.36685069737509957,1.0753877701265733,-1.1765965136737206,2.2519842838002937,0.36838629691641356,0.135708463755788,1.426012443247586,6.686662953603665,2.7453048803591678,3.328335090837214,10.163652676947624,4
0.002003130800700637,0.04813129423199581,0.15887074779157584,-0.15491121123489782,0.31378195902647366,0.04817295940101323,0.002320634017451669,0.2782126898580421,1.5395060344323261,0.9795061576180049,0.5792635999123342,0.4851659521223903,-0.0023104855658362296,0.051246790427373054,0.15881375104909878,-0.15020837330456904,0.3090221243536678,0.051298848648454395,0.0026315718726570314,1.054248287737617,1.1806793770835147,0.5345036885224302,0.09213658720719649,0.8001902639411173,9.797178296512971,0.04907154550119098,9.977071789497511,9.683603150626766,0.2934686388707455,9.797301189115432,95.98711059024266,0.3672539576264102,1.145499223795247,0.951752053638755,0.29398888954748414,0.3685755297976646,0.004989016809583533,0.4214430044587167,1.368314818742757,-0.92172832123333,2.290043139976087,0.4214725332639319,0.1776390962959162,8.065811624849967,1.690327894901305,4.372107080440563,3.7058686024322416,5.489333986712059,43.82338760648553,76.31385417927108,250.29345619901795,-0.7396492045004767,251.03310540351842,88.00166839897594,7744.293641003319,7955.4165609708525,5955.302581746169,3679.707226518541,1865.1724656626607,786.0039595318003,0.026677617885170243,0.3922875565595224,1.1458980377368297,-1.103912825031153,2.2498108627679825,0.393193619388041,0.15460122232746765,4.117940091835519,8.625412743380592,3.630453324055674,3.2543375810680137,4.276034950592306,3
-0.002157612149537776,0.050497497122979455,0.1768024037246781,-0.12691527942408462,0.3037176831487627,0.05054357037124654,0.0025546525058731517,0.8116832298221776,0.9447330020520588,0.8881420224311432,1.0332225788200147,1.032655502832523,-0.004461328613635682,0.04900668583841783,0.1249024305408651,-0.14561170471133467,0.27051413525219975,0.0492093355966551,0.0024215587098642267,0.8246872973382708,0.45111105447498917,1.3464627573374242,0.5286171012398222,0.600123897017739,9.797641942117833,0.04808043218717048,9.938195694143282,9.647690837501836,0.2905048566414461,9.797759915098236,95.9960993539058,0.22368474924304504,0.3105422718755478,0.4382015637651066,0.5451868135505052,1.0475775406014132,0.03507814336466364,0.31811539085297663,0.981147707227016,-0.9036419187551809,1.8847896259821968,0.32004355647232446,0.10242787803945395,0.8272502213309653,3.169691935855085,8.325718550168734,2.1635469351268943,3.3859969885453127,-0.014153545478257064,0.29600621507883773,0.8727358915790185,-0.921953189389857,1.7946890809688756,0.2963443979813086,0.08782000221490424,5.693128770012294,1.468804667863294,2.090171105086017,6.5911115156545526,6.09208820654968,-0.02665906299213487,0.28865916963160704,0.9797274872015203,-0.7120530637753067,1.691780550976827,0.2898876021012756,0.0840348218520275,4.98880766040411,3.4427348523960903,5.2186256424395125,1.9683256097046702,4.607340851486577,0
-0.0016339870700608852,0.050678017701125955,0.1440987209208443,-0.144113651386815,0.2882123723076593,0.0507043527900787,0.002570931391860761,0.8412621027878707,1.3469749963609623,0.47006991305454,0.4160996172607931,0.26789297124076245,0.00437638930602004,0.051710966367448194,0.16633752571182803,-0.16807101430746132,0.3344085400192893,0.0518958266724137,0.002693176826013205,1.003425838429261,0.48788084750108784,0.5635893777968922,0.8470015875089691,0.22180366532638454,9.803209620963178,0.0506361000317241,9.942440175382101,9.579789301956144,0.3626508734259577,9.803340394333526,96.10548288717143,0.7728648565598084,0.9567020700271783,0.21207713788579557,0.21290796888198404,1.2576809405963856,-0.0331613265668826,0.40767559543874776,0.8894202543598478,-1.1294522110888618,2.01887246544871,0.4090220833842752,0.16729906469601297,11.519346547131496,5.766257371235362,2.10694098434051,4.671495361600549,6.71634302388392,-0.013115991300620826,0.4112018328114381,1.0482059493343696,-1.113046530246229,2.1612524795805985,0.4114109582100164,0.16925897653528385,12.791424840902037,8.891788492067706,1.1864394014113147,3.8610787637542323,4.057162794144217,-45.11077020285328,86.88515475944652,1.0663957075007389,-300.0478519421657,301.1142476496665,97.89796579024309,9584.011705867606,8413.570354604111,6795.323102604623,4765.148267170857,2896.883624869903,1528.4828185943495,2
-0.0039511435171702605,0.05659415732991136,0.13981601944464905,-0.17420455133605153,0.31402057078070056,0.05673191499478963,0.003218510178976036,0.47347409762164044,1.239458388360532,0.7596866635430627,0.17396748946967228,1.095441862220163,-0.005999213461319524,0.049623556135861696,0.12313955276398925,-0.12711674307049234,0.2502562958344816,0.049984876570053606,0.002498487885723494,0.12024056077339865,1.4780464457703506,1.231474402854279,0.4690959220660452,0.7943628376004912,9.805827581985898,0.05003133723672888,9.940673876653285,9.632162778060446,0.30851109859283987,9.805955216211274,96.1567577023411,0.7961092174132476,1.150787534794363,0.6235277819041894,1.0663362467272386,1.4115619780073203,0.017336265520990223,0.3782925001098869,0.9650335123620757,-0.9880685337108601,1.9531020460729358,0.37868953212572837,0.14340576174160305,7.495698931392995,8.663550933466972,2.4522996472304244,2.6387126938420207,8.211576710765465,0.012012308845348848,0.39086872839767656,0.8261066802381225,-1.0506188843632382,1.8767255646013608,0.3910532679866167,0.15292265840301267,1.4578973736380232,4.314170947530202,4.620102716168581,6.261260186709143,2.3400018912390355,-45.06799755997573,86.76838206779753,0.8998609854699714,-299.6501987168912,300.5500597023612,97.77462109734441,9559.876530729265,8401.091209606977,6788.09708763202,4763.77351428701,2885.7607780616027,1524.1269670592467,2
-0.0034946556413966014,0.04690611647717797,0.11609149599134777,-0.11794787803845948,0.23403937402980723,0.04703611783536702,0.002212396381022532,0.608143179066528,0.4860087682434316,0.5635974665543718,1.022780435523437,0.07678429501504336,-0.0003424546705059231,0.04881304302377698,0.13140865461275825,-0.14095359971295218,0.27236225432571043,0.04881424427810446,0.002382830444442454,0.7802233320190941,0.8041213540109975,0.33583823671748125,0.7492140030124911,0.6580805274592213,9.798332008830739,0.047514804698735424,9.918930879116072,9.653271658793988,0.26565922032208356,9.798447214326492,96.00956781194257,0.14315588049822453,0.3073908551299376,0.901266442202367,0.55701549745135,1.1933723193579597,-0.012893612470298384,0.44173312701248363,1.315138151606079,-1.0922012097102305,2.4073393613163097,0.44192126079513444,0.19529440074276125,3.923614112170974,7.147431335676341,6.098315423533392,1.4832443864749392,5.1228156821787065,43.848910125385466,76.38243022499722,250.1401434677573,-0.8965170343913569,251.03666050214866,88.07384723208531,7757.002566260701,7966.882937461719,5959.119838088184,3677.310786558387,1866.771771025153,782.8873655505198,-0.019216585647383315,0.39487103103598514,1.0277721312439942,-1.0634829677538271,2.0912550989978214,0.39533834662901746,0.15629240831536514,1.473981267074038,3.3550097623423913,5.957846087671429,3.4956098325626055,7.09603792766013,3
-0.0005895453200319333,0.05173763650673423,0.12161304581481631,-0.17022001115421886,0.29183305696903517,0.051740995303408394,0.0026771305949873296,0.4612421303238947,0.37318291905103945,0.8832218930261585,0.5106170342317906,0.5116408572517133,0.002350502858956168,0.04959277057684777,0.12236950116215724,-0.1279135573822575,0.25028305854441474,0.04964844163896606,0.0024649677571778193,0.7058636309748241,0.7847709847862814,0.7309384869706077,0.15236151586187155,0.4963092307243106,9.798264618909457,0.04689797334608609,9.90325117660033,9.638575934101906,0.26467524249842356,9.798376853442454,96.00818896207686,1.0418132633850747,1.3173756462744723,0.4949655474632732,0.18804277753129994,0.34096809748749257,0.011241031107218493,0.4270308880137234,1.0839097629860435,-1.3832384161814475,2.467148179167491,0.4271788151326592,0.18248174009814264,7.671512627630146,5.247662784788235,7.980653601808978,1.5867689683640391,5.869147313883534,43.84082999781419,76.32061672587375,249.3543642243728,-1.0176743842851461,250.37203860865796,88.01621959795231,7746.854912314964,7960.931471492344,5953.8859368704025,3676.231423112117,1862.7811041176858,778.0661771658808,-0.029393182239135708,0.39410288320042336,1.0867860296974827,-0.9855853395031193,2.072371369200602,0.39519747178977443,0.15618104170902958,4.560203745780102,3.5534731645435946,7.540850206981129,3.5270575590526883,2.955995782550908,3
0.0012878221683931216,0.04421334621454529,0.11670690870754274,-0.11367297168259712,0.23037988039013985,0.044232097728060006,0.0019564784694246513,1.323472947908443,1.1994065351321477,0.18065029799855,0.4181947641418211,0.7789575144556324,-0.00035816220750559043,0.05364702407904787,0.1618160157269367,-0.11598715399967344,0.2778031697266101,0.05364821966016046,0.002878131472704827,0.6190325906103089,0.2805963982215776,0.7550107672137033,0.4596000139246932,1.0343930696142156,9.798246043054343,0.04588693965229275,9.91826652306107,9.661747428355408,0.25651909470566103,9.79835349084022,96.00773113146074,0.34832954524950577,0.04445499207362223,0.6531152470261348,0.26181531569162547,0.45324796694878167,0.4342322716812521,106.20708002589392,150.09453221066667,-150.88446119209163,300.9789934027583,106.20796771096038,11280.132405292403,80.39427316790585,80.28875496418345,85.07719010310062,95.28796877029988,92.39765166065145,-0.6469951650144691,84.64823169090347,120.42497257588359,-120.3953993300761,240.8203719059597,84.65070425661223,7165.741731140429,126.07913415048505,129.00706429373014,132.7999013411433,132.95625500984457,143.0942208485105,-0.4730301459035397,127.45051327423307,179.88177628660247,-180.1616735570176,360.04344984362007,127.45139109238627,16243.857091384398,82.28151715550622,96.25835380663437,90.4683693470614,112.27765304267002,120.4505414048215,5
-0.005358502371856439,0.05154864002470576,0.11279658880520511,-0.15105927584988815,0.26385586465509325,0.05182640095613324,0.002685975836065888,0.2823830762016089,1.060779981199718,0.8147585302454355,0.4507795001555054,0.2551448410166079,0.0003293320146815466,0.043381941395705496,0.09472406388641715,-0.13531031604595542,0.23003437993237258,0.04338319143212404,0.0018821012988363207,0.2736915518257397,0.31762446984222575,0.975804324304666,0.35743548217829835,0.6727342323073154,9.801755968748717,0.047823796077384864,9.929218223143115,9.660922482227646,0.2682957409154696,9.801872636714494,96.07670718637233,0.321718890526749,0.2915506799883853,0.4054730956812434,0.8921395975741241,0.6513660553299755,0.4105823019145549,106.20375278356191,150.20713784904763,-150.2267445063056,300.43388235535326,106.2045464334676,11279.405683138575,81.39359556390637,87.60585000467017,88.4248756383763,91.32105000017116,96.92483050677635,-0.6612871889999694,84.65993139393986,121.0095571928398,-120.43479128236336,241.44434847520316,84.66251404472311,7167.741284372939,122.64421337731264,119.81139571746539,131.476201829779,137.45525220734046,138.70197574127644,-0.4961920084205701,127.49172515936777,180.02609892828818,-180.96317996702308,360.98927889531126,127.49269073410048,16254.386190620991,91.91802980199193,97.57367208247823,98.1374950318865,104.79782637112832,112.12981959452115,5
0.000938637543306609,0.05147362252690763,0.18660532436499022,-0.1252022090993587,0.3118075334643489,0.05148217998958744,0.0026504148564802776,0.7898382073746589,1.3466232427253606,1.1320317649112202,0.33573613715330347,0.392869433119649,-0.0010765665891433363,0.05074694306066841,0.14094804191053997,-0.1552681669892087,0.29621620889974865,0.05075836114004845,0.0025764112256235804,1.5239724643673427,0.7386717474795127,0.9182963481796603,0.4388776410180809,0.8491782847996057,9.798036111775541,0.04716321083359463,9.935019717208997,9.675511154385823,0.25950856282317325,9.798149622051794,96.00373601611369,0.8865669237193334,0.9544258564220932,0.9847419001857303,0.36185497838502023,0.9151693293200989,0.04381667928309096,0.4121937256918539,1.3030788580493387,-0.8569805556991729,2.1600594137485114,0.4145160658926606,0.17182356888312855,6.621154418389067,3.183246679763359,6.682481481014177,9.090158076708047,4.768839083294398,-0.0017777615085925692,0.4041746569956539,1.066343919586054,-0.9000967262883641,1.9664406458744181,0.40417856671715774,0.1633603137935359,4.839392241656079,3.056406275764105,1.220409019442017,6.711110852611978,3.0660992949347343,45.09891616193654,86.81312125810594,299.9880843827386,-1.3627884829449766,301.3508728656835,97.8285758945513,9570.430261555986,8401.718042273722,6795.779829456948,4762.732598344299,2892.187305287614,1524.4924066592866,1
-0.0035013245853887376,0.04827175203048247,0.1381177206224877,-0.1518034503808555,0.2899211710033432,0.04839856731293434,0.0023424213179446367,0.736688896086137,1.521122818229107,0.3155746580686478,0.6691031539130659,1.187868479089847,-0.0013339927732375356,0.050269271388494394,0.16923373402477293,-0.12076377600063344,0.28999751002540636,0.050286968318334235,0.002528779182649151,0.638781049329357,0.3919302900827227,1.4561580663937137,0.3777636531969927,1.1674217219999226,9.799931237029492,0.04953970042894334,9.938265475957499,9.65978026927588,0.27848520668161925,9.800056450471342,96.04110643242497,0.8959625225175003,1.093219224709753,0.44645206695041795,0.46865728038152354,0.46752461504249737,-0.033276818764124895,0.42886818914591995,1.2031841402109724,-1.0744732399211065,2.277657380132079,0.43015726232200363,0.18503527032836103,5.0625249112948145,6.793985142152113,7.2512104165111015,7.147985468107454,3.801628300769815,-0.06380200519511385,0.3766237732662585,0.9111120589677294,-1.0412370235789425,1.952349082546672,0.3819897412971079,0.14591616245623143,5.509657886753733,0.8079006477174362,4.365394037174093,2.908603074754913,5.705812495092481,-45.13958836354786,86.8247137807008,0.806301557753397,-299.94326859441964,300.749570152173,97.85761779611825,9576.113360731159,8406.534410516346,6792.0545077997685,4764.567167030486,2891.3416403800734,1523.0517230265968,2
0.003931322339318731,0.054755260330775116,0.13489796544747143,-0.1448777650038654,0.27977573045133686,0.05489620960709931,0.0030135938292265825,1.073038325231164,0.8386833124545224,0.6020638130617162,0.7003785114266151,0.4973054982601196,-0.002701536526765907,0.04706748744014953,0.16101889067696562,-0.12834577947553102,0.2893646701524967,0.0471449538501639,0.002222646673534084,1.0466359039332516,0.2994538550513192,0.25346587190949005,0.5960352880105165,0.3877297281083992,9.796797574490668,0.0475081012699165,9.90635370049912,9.650298299219106,0.2560554012800136,9.796912765521215,95.97949973523254,0.11131848923836785,0.3757051429195704,0.3004775480860301,0.12424448509763744,0.15839381248086615,0.014652074381197897,0.3761992606268932,1.1664001831651445,-1.2320046389241162,2.398404822089261,0.37648448438135307,0.14174056697989326,7.253424959957981,2.683212494884415,4.95156152563316,5.209183202927333,1.9281970501725443,-43.867198645817446,76.36708675050791,1.1491409468093952,-250.57200374776139,251.72114469457077,88.06964889104083,7756.263055791208,7961.358330974009,5965.956697376085,3671.448923201107,1866.4878234409903,785.2733069549813,0.019612250816166646,0.38903077825989735,0.8404511716250405,-1.0121853191898307,1.8526364908148711,0.38952482182215,0.1517295868155777,7.972589949643288,3.480135769713026,3.5879864164845214,1.993329789746171,3.0920685789797644,4
0.0007283369691175243,0.046998573960108224,0.11832449514202932,-0.12860697081200329,0.2469314659540326,0.047004217140851796,0.0022093964290243458,0.7778781341348535,0.23309463844635608,0.4591829078709498,0.6611430556241692,0.4540156826719694,0.006965496114977369,0.05341861408433096,0.1507983110124217,-0.13431600431919968,0.28511431533162135,0.05387083131731351,0.002902066466818446,0.952976587525227,0.6784833922542108,0.477693842136231,0.7621410743528769,1.0766080819270165,9.801183290428812,0.05066104437063049,9.91684007592515,9.6634414283331,0.25339864759205,9.801314219735927,96.06576043399768,1.0824765733452772,1.4388913945833188,0.4026982677619404,0.7772652818937982,0.7842983417621959,-0.03755408582940509,0.3063703912212555,0.8153479131807505,-0.8724428637044642,1.6877907768852147,0.3086634509940357,0.09527312597954748,4.285336322247618,8.652497092821092,4.46084240991169,5.102069936879794,2.7144461600061476,0.027488807188584544,0.28529611001629546,1.0355575425277472,-0.6251437843222198,1.660701326849967,0.28661734928486327,0.08214950491108132,6.082348174520879,5.7660851109634725,2.6284973880589098,1.9100984025462193,3.9214103393739226,0.02840023702061005,0.29013587736598606,0.9164727576088684,-0.8545580584289661,1.7710308160378345,0.2915225562418067,0.08498540079775734,4.79565953580043,5.049605042804892,5.679659298694647,5.148367745570884,2.9990842661056565,0
-0.0018115515625261739,0.05016760968743909,0.15334452549785912,-0.11387230051307291,0.26721682601093205,0.05020030658088576,0.0025200707808149224,0.37358686137497493,0.3454422251733705,0.9702957979580816,0.596344776175516,0.9270874461872787,-9.62630646506437e-05,0.049885356734215146,0.155809264641474,-0.12057707445851909,0.2763863390999931,0.04988544961286327,0.0024885580830775206,0.7273176590237548,0.9470622164702399,0.47144267309574833,0.161184247262496,0.850785930958489,9.796751819691133,0.05415953009663259,9.92366435836688,9.614742499602924,0.3089218587639557,9.796901524018798,95.97927947132185,1.0435517692136427,0.4460352192212806,0.8055029271360846,0.7432335065528025,0.7570034286578288,0.02032016991338897,0.2980256970490143,0.8538194774473584,-0.8877351602349947,1.741554637682353,0.29871763491106423,0.08923222540685986,3.377620670029875,2.647200280180249,4.444341375605359,3.872525231494006,1.8385200487121318,-0.03689461898562325,0.28549784442636217,0.9880029482327091,-0.8185673166384765,1.8065702648711857,0.28787190221032966,0.08287023208219362,1.523101652883051,3.9992895115659057,3.861265373226607,4.5153026460320795,2.5731516489587265,0.054807371247533314,0.3150519725296873,0.8601981067638389,-0.9263014769713798,1.7864995837352187,0.3197836664651773,0.10226159333791177,0.952228539419886,5.272268362034628,0.9721649422536685,6.079277466432279,4.17705787166948,0
-0.004924378293453865,0.04606157486161729,0.1264080462159462,-0.15130393542464074,0.27771198164058697,0.04632405617289373,0.0021459181803094134,1.0395822215912771,0.2691488427407555,0.16035732320334245,0.5248152314672987,0.4959181270418717,-0.0007692995076338244,0.051870432672173075,0.12715599310159698,-0.11886465734684304,0.24602065044844001,0.051876137166628804,0.0026911336073308866,0.6748205152107339,0.57712835376785,1.0785588035705538,0.40739700679865487,1.766038267262762,9.804559434367288,0.04968835141967645,9.912076531503498,9.662178241350611,0.24989829015288656,9.80468534091265,96.13185463430742,0.7785211929216406,0.692493503528895,0.30550784159959005,0.7923823546443219,0.19850474915865604,-0.02865818859829778,0.3942467202878198,1.140918290422272,-1.1308852829916327,2.271803573413905,0.3952869441702294,0.15625176823143805,5.493199683398487,11.998526298602425,8.322517731171946,1.0565988226609748,4.8940225104458985,-0.026704237429934784,0.411735391076404,0.874969431028857,-1.0383754693385487,1.913344900367406,0.41260047086928253,0.17023914856155367,8.241428180084387,1.3585044196056664,3.2123191958739854,3.802697451889556,7.477288791304693,45.14435620092459,86.83073014407432,299.746181724839,-1.144209968868149,300.89039169370716,97.86515515825342,9577.588594149016,8407.948653477446,6792.841691723783,4762.005592708999,2889.3057898284114,1532.3407856388276,1
-0.003235470991342221,0.04785403379981044,0.11608083893710477,-0.15270477305380004,0.2687856119909048,0.04796328620360804,0.0023004768234492173,0.2670044463037861,0.8878578490637766,0.6072166614120345,0.18379892024397348,0.9377507581874162,-0.0023613306525714604,0.04397803751944379,0.10729855251290417,-0.15744040811400883,0.264738960626913,0.044041385837781936,0.0019396436665123792,0.47535373450088964,0.6174685635227413,0.7320996243930906,0.6516338385561236,0.5230271292214377,9.797973145181288,0.049174258721850744,9.911920714868513,9.653720476365493,0.25820023850302043,9.798096542768628,96.00269586141454,0.25975621373399554,0.1436867808417387,0.8660707464127504,0.22259957189838636,1.1017871689130068,-0.001679774267610996,0.39216784315102254,0.8966577357989451,-1.0961113351610234,1.9927690709599686,0.3921714406268197,0.15379843884331518,4.243754794998128,2.6137962873069163,1.9450180261631664,0.7157967589250183,7.62547375425383,43.85864328651564,76.29752502352768,250.16019413228767,-1.3005619966708977,251.46075612895856,88.00507323813586,7744.892915649656,7959.273904682741,5953.905176211304,3664.3617674374204,1871.9003040256757,782.9181269459258,0.06860263758846291,0.3819367168585642,0.942764713746107,-0.8428497836743797,1.7856144974204868,0.3880489370798392,0.150581977568793,0.08970880689941706,1.8621744728215583,1.2483213128502086,1.618206304774805,10.518717972682216,3
-0.0037883677480397243,0.05133328376412669,0.14564920787537794,-0.17361972883989973,0.3192689367152777,0.05147288365928939,0.0026494577522027407,0.12606023604573016,1.1492402854159627,0.5208247732536242,0.7084719257232676,0.1443864296693674,0.0012358819774850112,0.043687385229014046,0.10213530064926962,-0.1323218635351936,0.23445716418446322,0.04370486280050021,0.0019101150324105471,0.4636140248712746,0.35108743138087317,0.5229919728880953,0.14966953254939097,0.28278288184708095,9.8065467137255,0.05314357158720233,9.920568850282947,9.661995729682989,0.25857312059995863,9.806690710310052,96.17118268768147,0.9817611520770202,0.7630200166146072,0.15080833662388918,0.9843698276037751,0.681916394261628,0.44292648921982564,106.15466250776177,150.32675283310397,-150.3001170485433,300.6268698816473,106.15558655111683,11269.008556011655,85.80975717203138,76.68575315893868,73.63333139995281,80.69767539051674,97.38154336645034,-0.6244436282431667,84.58790860050811,119.99251927723493,-120.5576936095721,240.55021288680703,84.59021344844075,7155.504211252767,117.82556490817865,125.98156232386935,119.95309789033956,129.90092433806154,136.0716989390639,-0.49989254457050153,127.50280369435502,180.4781138939775,-180.2701538499691,360.7482677439466,127.5037836398487,16257.21484247735,87.2170094793062,96.0475236179145,101.84675230986805,113.08063514288575,117.86352209578142,5
-0.006873999344215494,0.05293704348249193,0.16066536988167743,-0.17097977931595126,0.33164514919762866,0.0533814803059218,0.002849582439651517,0.46660241916060247,0.8113317233384038,0.4783694878423199,0.7123875441774771,0.797657113978916,-3.3763578242524265e-05,0.05212942353339213,0.14075621377250666,-0.1661725798538375,0.3069287936263442,0.0521294344675155,0.002717477937902993,0.8664862118112086,0.5125658616598059,0.7361489605422792,1.4029928260128033,0.11643259313571389,9.798164836487057,0.04719787626618564,9.929887264105123,9.674972185237875,0.2549150788672474,9.798278512192613,96.0062618024955,1.1799351323775171,0.35084268031156285,0.507645733613867,0.6889596815214246,0.7956636335294391,0.0066125210464171216,0.3077221736554893,0.7955939129696541,-0.735583716124808,1.531177629094462,0.3077932123908005,0.09473666159384843,4.6363534605027015,1.853176148125801,4.705807000721206,1.7548876854523954,8.154659674517307,-0.011808355023526763,0.3104212625950754,0.9693201738636049,-0.7121906040878379,1.6815107779514427,0.31064577499055485,0.09650079751948244,3.842486235113962,4.264153851744097,4.489388246858958,2.003258461999061,3.223404785427664,0.008112215131252968,0.3015989386004427,0.7299025361509698,-0.7471146177514861,1.477017153902456,0.30170801745934644,0.0910277277992493,2.018041625370117,8.784601607399376,3.605817641749148,5.033884392879513,3.4527250388131843,0
-0.0004346566859677549,0.04964509831422556,0.12973991326132625,-0.14765276394103702,0.27739267720236327,0.04964700104803691,0.002464824713063778,0.4413133084588428,1.1461495834514004,1.6129180437415935,0.6066109999892226,0.5421650127524048,0.00555590686108659,0.04846928661453959,0.14326249467727065,-0.1510070174180745,0.29426951209534513,0.0487866769310173,0.0023801398459714555,0.46584778935080945,0.7110081571753403,0.3829037837378771,0.555343110527747,0.5495173364212009,9.7975729799185,0.048866275324481935,9.919769685564274,9.636195571132953,0.2835741144313211,9.797694841629493,95.99482420969318,1.2389001118306988,0.7924533224261734,1.159407399661068,0.28322012578100897,0.54091421089759,0.04369168411460558,0.38730219435668833,1.1843994194673086,-0.942944367710642,2.1273437871779506,0.38975883955886936,0.15191195301427649,3.1777250240801673,5.688349191567266,5.127626384729539,3.1674583889259003,6.3424234321932085,43.93225083489604,76.41216781010382,250.84014379268646,-1.2605836508001615,252.10072744348662,88.14114846574039,7768.862052859689,7970.347038389535,5960.775106777504,3679.2104620326595,1868.026627250514,781.9894631013112,0.05031902149692227,0.3843792547826425,1.235830144230422,-0.7853328105963698,2.0211629548267918,0.3876588905618796,0.15027941543166734,3.2299187227727812,5.226957568963477,4.234758629394444,1.5954442605323014,2.200344825803312,3
0.002710545967932542,0.05187736834652033,0.1411590990898908,-0.15005815302768785,0.29121725211757865,0.05194813188176092,0.0026986084060048256,0.7609771924283141,0.8964465729515824,0.6049010361693187,0.5113870308796757,0.3324764032682639,-0.0022993057414929024,0.050696433042524504,0.13703123890680352,-0.13670080705321,0.27373204596001355,0.05074854805930937,0.0025754151301280327,0.4312761506028226,0.362893784253791,0.49207307622693847,0.7347409016145267,0.3435148148911588,9.801641183176958,0.05211189793794593,9.926352253438145,9.67648910720824,0.24986314622990413,9.801779712565331,96.0748855336573,0.8536325826258433,0.8340150357277771,0.9942003367791326,1.1408577600764065,0.9425252150182405,0.01965357065669549,0.4211146857469194,1.0069308630322842,-1.0767668253795823,2.0836976884118665,0.4215730558174756,0.17772384139128442,3.939532960024536,3.6368842350767205,3.204006161906994,6.414287641471928,3.2727216328888256,0.03417240323960011,0.3866353677864435,0.8341605143613843,-0.9497281723024896,1.783888686663874,0.3881425778841175,0.15065466076652823,3.7432104833187347,10.876472918936294,7.354273505949471,3.540699144854843,5.703101516211729,45.12670651145416,86.78525742185944,300.02732152597014,-1.3193880938224314,301.3467096197926,97.81666803949788,9568.100546349327,8406.634663383891,6791.410947694715,4755.586185379396,2884.3669296243747,1524.9365406189586,1
-0.002772350097072941,0.04904180303983985,0.11802540331053846,-0.15422382603169588,0.27224922934223433,0.04912010149072562,0.002412784370459185,0.1901124163875727,1.1957021217857067,0.5820987256842817,0.5942850096959184,0.7159870823048907,-0.0025978156365402683,0.04881154776183905,0.12465305640000356,-0.12089268093147698,0.24554573733148055,0.048880628483968444,0.0023893158409877473,0.56878949715975,0.8243809181623468,0.2983122237715876,0.8245194824447628,0.38211580049339594,9.796649094066339,0.046776642073235446,9.907739910356733,9.689752141691626,0.2179877686651075,9.796760767034911,95.97652152651446,0.9036629593557579,0.9233535818297712,0.7519708153651238,0.6630681190300662,0.3832282825274552,0.025615538217382588,0.3905169718344752,1.053234807431833,-1.0312564275894207,2.084491235021254,0.391356181871367,0.15315966108893447,1.0872535852057013,0.6818843796986305,3.1149666821432955,4.0500059261870405,5.665022989082369,-0.002912417661830644,0.3683481713003475,0.9384826825066712,-0.8351745141804074,1.7736571966870787,0.3683596849235094,0.13568885747694712,6.812560506357831,1.7318182294835376,10.126910908933139,4.16422116132293,8.29834871331572,45.12598384900479,86.80223792575033,299.8665784679926,-1.1323347922679894,300.9989132602606,97.8314005177234,9570.98292725921,8401.045255930616,6792.975809993323,4758.96110176749,2898.099686588172,1534.0113569762307,1
-0.004610928854362998,0.045321842934656596,0.10149922747993917,-0.14553826378756332,0.2470374912675025,0.04555579120039163,0.0020753301118936794,1.208736334116711,0.6047841303613001,0.25122922353890387,0.8099986969911389,0.28626266813860113,0.0035878451725121652,0.051455553581936715,0.14160301083534324,-0.13045921873592628,0.2720622295712695,0.051580486886083965,0.0026605466274054797,0.10042621466380668,1.0258628302965391,0.22455834668619593,0.6197485649262243,0.5965328168170874,9.796994710587128,0.052671226149231,9.950380364876805,9.678121984257997,0.27225838061880836,9.797136296762245,95.98387961733623,0.680217170381929,0.7649187002095326,0.7384156684704734,0.739998851795501,0.40018703715432286,-0.00785029056725159,0.38753583483764986,0.9033291476150827,-1.2405681977140839,2.1438973453291665,0.38761533811925514,0.1502456503453045,7.866756450769721,11.865068611616833,7.135269528320943,7.651699021824668,2.118834078812651,0.0035211836950290974,0.3997922715915796,1.0190244723291557,-1.0477954255109203,2.066819897840076,0.39980777776197585,0.15984625915896947,8.956532593384667,7.241795361998963,4.482350834437014,2.5914156737578207,5.921488575965555,-45.144574745672415,86.83481389193769,1.0792196473500646,-300.3339595886662,301.4131792360162,97.8688792855781,9578.31753261506,8405.869098739176,6794.149953559131,4761.593505230934,2898.9917157786454,1527.7743622090659,2
0.005065230952870125,0.043846707747505424,0.1339347267048385,-0.09564305933279077,0.22957778603762927,0.04413830926645317,0.0019481903449010659,0.12173951128998112,0.49833663527844607,0.6099713889475453,0.4554669928038107,0.3685235339858669,-0.001065475799588857,0.05058784236151525,0.13959135622880361,-0.12648886052718084,0.2660802167559845,0.05059906158688149,0.002560265033473026,0.7937449963546669,0.7885092477668587,0.38574664605507825,0.6602944031361443,0.713408410165004,9.794625228046867,0.051283508110523776,9.907767545764992,9.63384812302749,0.27391942273750125,9.794759484341421,95.93731335609624,0.3619558519762708,0.4063116252598026,1.105496245083356,0.4293996119573965,0.8789642465244583,0.01850086146749179,0.4498476072320591,0.9678468222625576,-1.0358395682147739,2.0036863904773314,0.4502278885269639,0.2027051516074482,5.855315530573316,1.8544619745890856,3.588935092669774,7.652400595805281,8.02719584568557,-0.023321097005365297,0.39379101611385525,0.8953013575204883,-1.0756451516391585,1.970946509159647,0.39448097284598693,0.15561523793751628,2.4700970982386408,3.768369192573717,6.295887703889718,6.541171606026843,0.7560071708762036,45.119015280711764,86.80186325340237,299.1777254136011,-0.8102740355270287,299.9879994491281,97.82785392802741,9570.289004163467,8403.048782141499,6792.471272330167,4758.021532540467,2897.803593812202,1529.2149170392522,1
-0.00344176261686856,0.053889788155889906,0.2150923871362699,-0.13227527848289106,0.347367665619161,0.05399958330762901,0.0029159549973975657,0.8441081882722676,1.1415559970853786,0.5537946378286212,0.992635818943143,0.5981844978269409,-0.0028267317389935624,0.044865196241584956,0.09616920447187427,-0.14353311021414442,0.23970231468601869,0.04495415716171489,0.0020208762461201625,0.788933205968983,0.8776160790484685,0.10874579496778039,0.24557189422758127,0.8210846400396198,9.803078737158446,0.048305993959679265,9.93760096006214,9.692732328947832,0.2448686311143078,9.80319775358941,96.10268619598045,0.4540035349723836,0.4873280820141095,0.7030205336562925,0.7008904841264769,0.29788932433747317,0.003053598945567173,0.3775379743254852,1.2027374717931232,-0.8846011094965459,2.087338581289669,0.377550323168066,0.1425442465243111,5.181069598581153,7.755882693511556,8.717654052793446,8.375196332664686,6.593442764856047,-43.919511855760305,76.33147220729234,0.858563930761757,-250.94831383847682,251.80687776923858,88.06484639730493,7755.4171709809125,7961.298968909194,5953.792538506706,3672.1748624399393,1871.2149748965574,790.5631721223988,0.011204951408746257,0.39823073594436503,1.0380600211978703,-1.1407146187655606,2.178774639963431,0.39838834067635936,0.15871326998686297,5.642486158610803,9.205253639575764,7.654479264023108,7.570389672106207,3.589885538791475,4
0.001382745632807023,0.04890487924282891,0.13210059552463102,-0.1356306281905219,0.2677312237151529,0.04892442334091148,0.002393599199240724,0.833689914765438,0.7220253763026508,0.6090596789172458,0.3932581321927998,1.1494060759279983,0.0004887498404104269,0.05037447539814399,0.1389981812111778,-0.12439110287811657,0.26338928408929435,0.05037684634874156,0.0025378266480447155,0.3743326670387653,0.08755629192574763,0.5307161366651554,0.7461699143597864,0.3034202412544749,9.795930401431685,0.050040451170676965,9.924921524186075,9.664832597644633,0.26008892654144233,9.796058211160593,95.9627564764469,1.124051715045848,0.9069672315004401,0.7315299916468004,0.7109704429233354,0.7471104386664263,-0.006417430704905017,0.3126885191682405,0.8806218619165403,-0.8122631566143531,1.6928850185308935,0.31275436597508804,0.09781529343647932,2.7863256531797154,2.7556949343880426,5.2129939812539785,4.337683340999596,4.8316266091960145,-0.02262872468413338,0.3256820242902316,1.0587165562711451,-0.7051367557873083,1.7638533120584534,0.3264672114112125,0.1065808401266133,2.558039475949677,6.755249902341874,5.11191511570134,0.9784753269700895,1.59115671012074,-0.0009853789006475644,0.31401839506660745,0.8132382897121598,-0.966304906795714,1.7795431965078738,0.3140199411053155,0.0986085234117858,3.889856601526617,4.035696315365669,5.778834035223692,5.24762357029146,4.6337677694052015,0
0.000506765978400809,0.051497003312057366,0.11198446290877102,-0.12710221690029172,0.23908667980906273,0.0514994967148118,0.0026521981618789115,0.2832428048776557,1.0366321008753792,0.7033341845073802,0.3803964168839017,0.5289993003154062,0.002283600663519801,0.04669218823577326,0.11954546962740414,-0.13769000177649382,0.25723547140389796,0.046747997542518446,0.0021853752742353105,1.0295877450019069,0.1307483687836996,1.0453800188826994,0.3815461124838107,0.49175340626814673,9.802401605121736,0.050031954500502476,9.951383501146097,9.657752221908439,0.2936312792376583,9.802529287105665,96.0895804245643,0.20310634047215678,0.9551693896227177,0.8742383226561314,0.7932433761841181,0.8554931181371797,-0.009134474203708047,0.39139239459841296,1.0091206171751705,-1.1519117200328017,2.1610323372079723,0.3914989721167324,0.153271445168458,4.928428457888304,6.000739759698978,8.451610398433916,1.6019981976565938,7.4167032245700755,43.84361840495882,76.38433080575999,250.5180765723575,-1.073021258552575,251.5910978309101,88.0728611292004,7756.828867483418,7964.983320922821,5964.186040725311,3675.440005095318,1862.8923142345388,785.186677378477,-0.015412038475140983,0.3748964432282976,1.0679079958423239,-0.8299460034734883,1.8978539993158123,0.37521310488199555,0.1407848740751874,6.619701269452438,5.978091302322979,7.600511433784598,6.2563892291923064,2.3581845745868946,3
0.001605747259583296,0.04963232140589667,0.13641286227345312,-0.12344457626725057,0.2598574385407037,0.04965828986584101,0.0024659457523998883,0.8186237060786867,0.705257965184531,0.3256348585495689,0.5733788454903844,0.9330121109377829,-0.00018963214233442437,0.045074486075598594,0.10634393587237534,-0.13920943494777488,0.24555337082015022,0.04507488497299508,0.002031745255328738,0.33863519798389813,0.33999618942517396,0.5723881301859693,0.7269469685689188,0.32795349826136516,9.802685708712463,0.0521589265597114,9.952704114661808,9.683023326876674,0.26968078778513416,9.802824473457402,96.09536765741541,0.4418133927149987,0.5799348321187812,0.7219349831225225,0.3860984097137426,0.719595507128625,0.4522898403125359,106.1791407931525,150.24515340014764,-150.1839944856349,300.4291478857825,106.18010409521997,11274.21450567175,84.7458504146845,73.81697227468625,75.71061822422004,82.83110436220646,91.26220982205604,-0.6907883896621959,84.65854900084565,120.26079963590858,-120.76606252095452,241.0268621568631,84.66136726705916,7167.5471075278765,128.71544101691345,124.58304490130449,133.6818178526743,141.60424104972557,136.95284130220017,-0.4110087695873685,127.47017091728002,180.34417985718719,-179.87241535947254,360.2165952166597,127.47083353414325,16248.813401889262,84.1690392624058,84.85972369825558,91.4294868854317,101.52065528782164,118.8983808555863,5
-0.004212086882372183,0.050000040108299455,0.12056006386237393,-0.11672692103078096,0.2372869848931549,0.05017714307068713,0.0025177456867362057,0.6041377786174985,0.8473084193301584,0.3862074783174732,0.10131636487252713,0.4299631853468247,0.0026754163778448924,0.04869772906500622,0.14018704109441862,-0.14639354466722873,0.28658058576164736,0.04877116636788167,0.0023786266688835917,0.5596206577011481,0.7524683555783274,0.467838057013489,0.22942286735834924,0.7850971653758088,9.803066034793192,0.05143317642258418,9.95132213535686,9.656629748624585,0.29469238673227416,9.803200959592372,96.10274905415281,0.5467408543969708,0.29161222972878437,0.3207220130842405,0.6043569977912653,1.4752252516787108,0.034388013957921154,0.4153875621775736,1.1229243023292308,-0.9305397644860716,2.0534640668153026,0.4168085439572919,0.17372936231579772,3.9753609914579675,7.387216240809823,8.98606141797208,2.0886022622916003,6.2860934705693206,-43.869722981819805,76.30408410928648,0.8298548917026163,-250.09701119146746,250.92686608317007,88.01628171116225,7746.8658462586745,7957.541123050887,5956.275067982629,3669.2965990772477,1868.4144930367675,780.4072775159792,0.028435726255213175,0.3447723638616343,0.9957015619773609,-1.366358644744472,2.362060206721833,0.34594302046782294,0.11967657341040056,4.156734384171663,2.647588560298451,3.11761400821922,6.314367484431051,3.287245825781646,4
0.0011505717763875224,0.048530367378153624,0.13079787542247853,-0.14205654051991154,0.27285441594239007,0.04854400450386409,0.0023565203732711774,0.29733888892520377,0.7213501703285714,0.5241336413749541,0.5994298315051008,1.279001488895014,0.0049202307579186665,0.04741544167641443,0.11582073816856596,-0.12614586508235207,0.241966603250918,0.04767004069728311,0.0022724327800806277,0.4552421013716368,0.4518067741354643,0.7688715156016414,0.9401864912882031,0.3468425122166924,9.800281028642523,0.04929132254278213,9.976235382873542,9.66605478836584,0.3101805945077025,9.800404985246708,96.04793787484851,0.24420195972290076,0.7776734946824022,1.2777423200750595,0.8090821911658986,0.8136756654371107,0.3929068515295438,106.22127537527469,150.09225416504367,-151.08133638522165,301.1735905502653,106.22200204356872,11283.113718143919,72.04688914019839,82.94840989211,92.24505799858683,91.55155019166367,100.76661182451541,-0.6260098519131012,84.56557735577314,121.18638428634794,-120.14981003069566,241.3361943170436,84.56789439172496,7151.728761849946,133.00231057157345,134.31340932161726,133.80242268318912,133.33690744960077,148.402938794736,-0.401303042933674,127.46043314769034,180.0539508241951,-180.6544130994804,360.7083639236755,127.46106488778881,16246.32306232911,91.24117019519308,99.64365810562656,102.18293883715425,103.54770970969837,106.84380789802528,5
-0.0015564536250213285,0.057706951590305644,0.12710169898578022,-0.17180311948340113,0.2989048184691814,0.05772793786142651,0.0033325148097327205,0.5224277799373013,0.3926602389300582,0.5552357315705745,1.221024946963728,0.6478014132731792,-5.549103698791455e-05,0.05057271549129965,0.16676340949040722,-0.11332032866136686,0.28008373815177406,0.050572745935129185,0.0025576026314191257,0.2078673607872092,0.36073658955678634,0.33714730095220385,0.671435236969997,1.5993528601564115,9.799006978344881,0.05243953540248235,9.930258027554666,9.655619307492694,0.2746387200619722,9.799147292827314,96.02328766652488,0.655012285874241,1.0471446699182698,0.5307722061954954,0.6189310244923756,0.3980998063671615,-0.03100825347482884,0.2883097612977693,0.7574911190419938,-0.966350249352129,1.723841368394123,0.28997246462920573,0.08408403024313596,2.92913595707509,1.4866206524820447,6.2392356091237975,1.617807701325563,2.7715479426872367,-0.0115142640144666,0.32525209251531834,0.803118159362279,-0.8114113561274776,1.6145295154897568,0.3254558371905289,0.10592150196138805,5.787271972170872,3.171634129408086,2.771303724531948,5.1489457418816365,3.3900389647156306,-0.004325707729412017,0.3114234216074606,0.9417341991844033,-0.7911329007657659,1.7328670999501692,0.311453462451549,0.09700325927305845,4.7178490640144375,6.965861674150358,4.916458195229103,6.639072657404709,2.022257920535041,0
0.0027821285725403476,0.04712039527296928,0.11605342553440992,-0.15325693862085737,0.2693103641552673,0.04720245639874064,0.0022280718900750114,0.7700868678914797,0.9777679925622085,0.25062485096210746,1.3634279308469133,0.13028958394622941,0.0030503013455013186,0.05154009639300922,0.14920122531635377,-0.11084897668605112,0.2600502020024049,0.05163028059674912,0.0026656858744990492,0.6138397662444486,0.2715485963929955,0.9526658109358073,0.7888454753677795,0.7678058941824366,9.795154126155525,0.04914845420921377,9.932500428803811,9.64619019377771,0.286310235026102,9.795277429746069,95.94745992569274,0.4007524717345774,1.111753342074762,0.8298339263377588,0.9343362940547477,0.38793852201486384,0.01996404664597371,0.28880172082681815,0.874767107512023,-0.751556063578323,1.626323171090346,0.289490927510715,0.08380499711101404,4.2388687361459745,7.876692000958117,8.506262629392735,5.6161818069910625,2.980072953188917,0.006346735857171173,0.30354853117024705,1.0205626686629774,-0.7164873113422053,1.7370499800051826,0.30361487419369815,0.09218199183165515,2.9385381065204426,7.916400065758738,2.7868446006384024,5.107401810052997,3.3173893484208254,-0.004588793690753275,0.3062653786241786,0.8317833849316855,-0.876658982712254,1.7084423676439395,0.3062997537892379,0.09381953917134775,2.297494421796987,2.6700494944391084,3.110138612958188,4.3619589771885545,1.3296295367609894,0
0.004512270715319254,0.04538771946817604,0.09636394402990901,-0.10940582778074784,0.20576977181065687,0.0456114641897207,0.002080405665530174,0.41508793022136176,0.5424930014396767,0.9259391736873525,0.374439455015805,0.2723777913809363,-0.005102903261271335,0.04886154762527268,0.12398911979525572,-0.13862971072292668,0.2626188305181824,0.04912728832360569,0.0024134904580306836,0.6830651817775977,0.8319305820636267,0.7887354689468461,0.20710827292960846,1.2290984489979382,9.800974334993073,0.047719963644962574,9.941720926040928,9.667701991335345,0.27401893470558214,9.801090506169361,96.0613751101232,0.5055591127755856,0.6595939869017955,0.5452777435643528,0.9567248929441409,0.2175460975475386,0.015655661602173215,0.4133705243467417,1.08652509591697,-1.3222207468786304,2.4087458427956006,0.413666883057977,0.171120290138902,6.651952965853089,8.375497349801027,3.744276540702855,6.011987962374274,1.3041943802805396,-0.02385327509404167,0.36294696213466365,1.231883954431218,-1.1700263495109116,2.4019103039421292,0.3637299493518412,0.132299476055493,2.758028959276129,4.6186257823359265,7.787208739079211,4.222723287175111,5.004032227565728,-45.12382489879792,86.81754969945365,0.9132241962188892,-299.88457266532725,300.79779686154615,97.84399066531617,9573.446509314477,8406.673778509967,6794.712811354112,4757.497095793777,2895.3710051352655,1518.988036481491,2
-0.003951998682406126,0.048171957208070354,0.12404530363757547,-0.15217246868673528,0.2762177723243108,0.04833379516282475,0.0023361557548419016,0.262921562024842,0.4102937172533389,0.8054846311472137,0.3893936227648935,0.7510614542128503,0.007931526574865365,0.05073866404660091,0.13891217754693294,-0.12969176027323545,0.2686039378201684,0.05135485510681174,0.002637321143041628,1.0115865163829356,0.268287038398045,0.14705133510026197,0.5965421117254718,0.09516770536570254,9.799498518098174,0.05083798896561355,9.934384430406693,9.631374683878692,0.3030097465280015,9.799630386261024,96.0327557073304,1.200311610682929,0.9150587874005534,0.40585085744578164,0.5941175770349207,0.8996423476712914,-0.02501036836922483,0.4074409406093303,0.9887877410018462,-1.1989467732957477,2.1877345142975937,0.40820783751733647,0.16663363861058017,5.120820809153596,12.296794359789429,3.515502670859289,1.8520742455016006,2.7626701407879977,-43.88346362637908,76.41884527512751,1.2958422391644486,-250.87641345712538,252.17225569628982,88.12263212723286,7765.598293031612,7971.614402980775,5961.042249765738,3674.8525009627424,1874.181989198554,784.2214913049492,0.007206168161793102,0.4018469492720839,0.9542706059484547,-0.8824151859622742,1.836685791910729,0.4019115568117653,0.16153289949885685,7.576885954080907,3.475247904699108,10.914284014596436,0.5987563369199101,2.43389747365624,4
0.003442438146587974,0.04954740530768923,0.15160441188554677,-0.11628720500960264,0.2678916168951494,0.04966684762613303,0.0024667957531175158,0.35162661206420415,0.9079276559342956,0.5539658393006986,0.5794558366743632,0.913163098273867,-0.008168385245172445,0.048350259423889375,0.12628273993511266,-0.10179165987183476,0.22807439980694744,0.049035396438399007,0.002404470103870954,0.7183077297923208,0.44694580272662837,0.5883902833703809,0.980087892811769,0.5826513002526128,9.799383857373876,0.04943590309326604,9.919351263763016,9.60905389979608,0.3102973639669351,9.799508553630348,96.03036789267436,1.1055768353826927,0.4313080653558645,0.22803340667697,0.4628020364957995,0.3982178516854152,-0.00905020590868675,0.43009485341685283,1.0663583744271898,-1.105870887169586,2.172229261596776,0.4301900616735047,0.18506348916265378,2.5566066975639368,10.57575156662913,8.685008032956018,4.252503494455307,1.8928349933671236,-43.89444094151518,76.37596775321394,0.9040431263435952,-250.18121440259483,251.08525752893843,88.09092118832757,7760.01039580814,7966.965947305247,5958.704384216566,3676.4755891178806,1864.5991546819398,783.0528127583499,-0.022285282801563184,0.3977406376447701,1.0862149871471407,-1.091944886434111,2.1781598735812517,0.3983644671197645,0.15869424866361392,0.7144794061593742,6.777409712686139,4.19761253535755,5.587120055846636,7.754731999000394,4
0.0014574762771076156,0.04947571662938141,0.16189629496945246,-0.12126787793886554,0.28316417290831797,0.04949717944579448,0.0024499707730891796,0.8812491631116679,0.8532669812022287,1.2882039959132239,0.7603708269203125,0.6779205792949868,0.0064244953331380715,0.04698894201871943,0.12831165766698255,-0.1408664653384812,0.26917812300546373,0.04742609843033779,0.002249234812324089,0.8395400414499918,0.47237078333987126,0.7020377432347885,0.46428557373410256,0.8234752834500024,9.795691678231002,0.05229727014596951,9.92699099755067,9.63076656693713,0.29622443061354,9.795831279653035,95.95831045942882,0.9970142963166296,0.9479781094699653,0.5983600922954379,0.2908607071767984,0.8010176096148752,-0.019169095226460642,0.39893799183553186,1.1965632990334745,-1.134032783874265,2.3305960829077392,0.39939826682344026,0.159518975541568,4.4042783495086955,1.030026034789575,10.023250105405927,3.392310432679539,9.840093480720887,-0.004629395311956522,0.47270784923526055,1.1717690174729423,-1.2596094094283288,2.4313784269012713,0.4727305173453267,0.22347414202958021,7.822124436389838,6.371282145873109,7.807340784742148,2.601814004729189,3.3461605460280937,45.14570467211158,86.80484797108201,299.2852555852698,-0.8397805934463541,300.12503617871613,97.84281415425549,9573.21628162418,8406.519629483735,6789.578614019267,4760.063602281931,2894.736840843045,1523.212840458235,1
0.00021434042186860985,0.0451215312797058,0.14854676018638377,-0.1457694902240958,0.2943162504104796,0.04512204036656494,0.002035998526841916,0.33079590288917354,0.19916099728968947,0.37962307662531164,0.11804596803558969,0.20709843040430606,-0.002065521262631223,0.0515308843248018,0.11950904580413822,-0.15072205527269356,0.2702311010768318,0.051572264031962814,0.0026596984173824856,1.224798462256337,0.4807607013333874,0.7942027414673783,0.49135753639228463,0.8519240814914358,9.801166509581408,0.04687242015975818,9.930495680383544,9.682929830865978,0.24756584951756544,9.80127858864913,96.06506197231185,0.5884005275473783,1.0803554843926344,0.4504932459851027,0.637686761326214,0.9324067963914396,-0.00919887530369361,0.31082746909821524,0.7940727840216343,-0.7847334967842051,1.5788062808058394,0.3109635587216851,0.09669833485285487,2.368538927688815,3.388907283168009,10.855737130316268,6.366089180496339,0.36952511218358036,-0.0016419518899832603,0.27780039470378154,0.7982278652835585,-0.9951954963866535,1.793423361670212,0.27780524707713106,0.07717575530358584,1.7468811001464877,5.934229243297396,2.356420974232351,5.903372751505275,2.9483881035172175,0.023809848228909455,0.3050981137745679,0.7880631871783242,-0.646792433487439,1.4348556206657632,0.30602576346033816,0.09365176790148286,2.5848078161609815,4.219097139945241,5.396128671044412,2.5892701436645957,3.6181783080300165,0
-0.0036954381176254945,0.051599499438525535,0.13542267610592532,-0.14476648668844272,0.280189162794368,0.05173165960210049,0.0026761646051875953,0.9077129360192929,0.37397455374221245,0.3051818170426184,0.566984989185966,0.7182758385025244,-0.00030129872862635714,0.046626142684936395,0.14718238467871322,-0.12732542032998886,0.2745078050087021,0.04662711617288721,0.00217408796259992,0.475324124700621,0.12050623571475236,0.6993680393552479,0.2904148417858192,0.589368656615617,9.80227641703879,0.04836190660119103,9.93159399739894,9.672870910979022,0.25872308641991815,9.802395718906931,96.08696183004493,0.1714856808501017,0.13719694906385674,0.5281737614869,1.264070694142341,0.11078074772267738,0.01842249260423706,0.26136181250535273,0.538106756078081,-0.6669605863669675,1.2050673424450484,0.2620102770309522,0.06864938526983633,1.281725932723673,1.6780547274520257,2.146623587529558,2.865203269947526,2.9283474654539177,0.002422524110191724,0.2880592588238416,0.8998168717125112,-0.746339722586704,1.6461565942992151,0.28806944512947813,0.08298400521720542,7.798877861707179,4.479860862745179,6.977708879350292,1.9736446967641708,3.2394744973126497,-0.013092822715024367,0.3049407602008978,0.7994686458521306,-0.7931644216822896,1.5926330675344202,0.30522170505805857,0.09316028923854848,1.7780522522841793,4.489979303177769,7.490430844151827,5.838724941316088,2.793481452041704,0
0.0055338325036295545,0.04958222760411667,0.18831168015110858,-0.12672473955114025,0.3150364197022488,0.049890085150906045,0.002489020596364656,0.52451971450769,0.75493643535182,0.6816031921705422,0.5062047364292498,0.13087690508175345,-0.0006637687456310565,0.05060389629717419,0.1476555844698534,-0.14107482293945267,0.2887304074093061,0.05060824942045354,0.002561194909402836,0.6255885763297279,0.8032122071859031,0.4139942361690512,0.6107116010999082,1.189873918723035,9.799798930060824,0.05188653612751506,9.978760760798467,9.659105824801035,0.31965493599743233,9.799936289703755,96.03875128225259,0.1310681770123096,1.296453082084382,0.6279979958677756,0.9050551880208826,0.18046079803264695,-0.0034666062232791305,0.3965798174137822,0.9757502222759253,-1.035524442433254,2.0112746647091795,0.3965949683728427,0.15728756893865609,4.368320592666041,8.482073727874198,7.153400595061187,1.2776420335282437,0.4891887230394386,0.02504579769070963,0.38254051041180703,0.9210931130985669,-0.9192432915752891,1.840336404673856,0.38335953632078823,0.14696453408808974,0.406870844581907,1.5835703209231928,5.642580418805791,3.3658959625985427,2.2953527879562916,45.0887244222079,86.77003019505752,299.8076127523704,-0.9420461699656858,300.7496589223361,97.785639078921,9562.031210073,8401.728921368449,6788.184191178241,4758.5270321032485,2895.4733274219657,1516.9069746248142,1
0.005451570433444665,0.05078366181424363,0.1371601835106188,-0.1605609305219233,0.2977211140325421,0.05107543369815155,0.0026086999274542743,0.4467368550968163,0.9188711450846562,0.23097627325392966,1.0247143820219715,0.8379973067510239,0.0031327756238731376,0.05060850558228421,0.13542528253411745,-0.12035142978910032,0.25577671232321775,0.05070537565566028,0.0025710351203816263,0.4050157408730971,0.6368129237767042,0.8006982804269532,1.2278264782405155,1.3003189384788172,9.80225491823266,0.050202143480095364,9.931461910106421,9.678683680191705,0.2527782299147159,9.802383472259507,96.08672173722634,1.0266495599286996,0.28151241695428386,0.7860219117975732,0.28024808647745275,0.6653788764891824,0.010084263908741136,0.30301746484388464,0.930960382834229,-1.0282966584914994,1.9592570413257284,0.30318521794275527,0.09192127637899603,6.062629704018699,4.319330066967687,3.68732730426502,8.05330115377733,3.8382463427300477,-0.00038453719482521353,0.31167086782848663,0.8782106694654543,-0.8019956873479215,1.6802063568133758,0.3116711050479595,0.09713887772181617,3.312022064971814,1.9230955194960722,2.6962253218106764,3.3713147868674107,4.202042608409594,-0.011889875891377324,0.2827201564656465,0.8555885638675208,-0.872658729681548,1.7282472935490687,0.28297006205722897,0.08007205602067202,2.7022785313278885,5.130084663028244,1.5834839170761752,2.5302987134370682,2.787255188221172,0
0.0017163075463536898,0.048647807625100896,0.10980365612186112,-0.1263188527232293,0.2361225088450904,0.04867807410243852,0.0023695548983224952,1.082487408148933,0.6689722214900059,0.2352348066776155,0.38777301023374455,0.5680181704631033,-0.006017454810647954,0.05168826797128311,0.13696822312450088,-0.19700041889810338,0.33396864202260423,0.052037359735764475,0.002707886808269362,1.3571292361594405,0.5367549928003175,0.4011835066039901,0.49891566509343244,0.6825406856673144,9.80052084628507,0.049945325326528164,9.956273211947753,9.640202911142449,0.31607030080530407,9.800648110915432,96.05270339399021,0.39142490334195185,0.5492935925087353,0.4134212037864352,0.8356765940036256,0.9091597360518954,-0.02181702398528694,0.2693538383667263,0.7010617233173866,-0.9049735086021016,1.6060352319194882,0.2702359575971767,0.0730274727784631,6.62587281945406,3.6681243587951253,5.5249128349058685,5.636714056948112,3.6515333623630473,-0.021121553557562,0.2918867069196493,0.7617783963457945,-0.7892964981415908,1.5510748944873853,0.2926499097916865,0.08564396970108222,2.7559977755169087,2.5721021495043197,7.082243432351569,3.0211771652544406,6.578431766753154,-0.031035592332842272,0.31914942847192374,0.7623012379745643,-1.338890558124031,2.101191796098595,0.3206549012340306,0.10281956568540593,2.301313246446455,4.889360231769609,2.9674818687945446,6.47532841855656,6.625999069773539,0
0.0029981661312316766,0.05376550621536076,0.16945540088564326,-0.1367453539776182,0.3062007548632615,0.0538490358200076,0.0028997186587444612,0.8025019196904105,0.15287990830438683,1.021420244861454,0.7473926763250214,1.4458604627130542,0.0035873386514782574,0.05409462200147953,0.14087253070310454,-0.1354010636427272,0.27627359434583176,0.05421344047451095,0.0029390971280833424,0.35612402092127976,0.44519887552861176,1.1591254930917045,1.1159256338761874,1.1351366648378174,9.796423970505089,0.04763244484617727,9.931059449412416,9.643892767327786,0.2871666820846297,9.79653976971914,95.97219145968872,0.45475855449156805,0.6101148714061472,0.7880700192698904,0.6227620751443869,0.205556029677909,-0.022859815984473827,0.411383775774273,1.1245217282748914,-1.233290657671504,2.3578123859463953,0.4120184245360167,0.1697591821571413,3.631673962145787,7.416117683399184,4.865158454334912,6.349395137233345,6.275899963873801,-0.0029352534151481447,0.38558584450490274,1.3534102859234334,-1.1248289873295845,2.478239273253018,0.38559701657970613,0.14868505919517017,1.8540174089666057,5.455746479108907,2.3974770010699653,6.427255017138672,2.5533763695933183,45.14317021128087,86.75575539578752,299.90757724131794,-1.1829373780694505,301.09051461938736,97.79809257351798,9564.466911018393,8401.829807048834,6781.712883036648,4760.552471355651,2897.474948284861,1523.9030227186495,1
0.001085595864667297,0.052098600733479744,0.13482936357549957,-0.13276052824909976,0.26758989182459936,0.05210990996699111,0.002715442716767919,0.7464140207525035,0.4651689509069784,0.5802219544749438,0.8113175067205984,0.2882717792946357,0.0011097135814735312,0.050848466116946704,0.1301066198203604,-0.1290621484822578,0.2591687683026182,0.05086057383356173,0.0025867979706791842,1.1852757673609637,1.2606331421292631,1.1437281975142604,0.7010192588222762,0.7596831340431622,9.799103164107578,0.049325173388711084,9.941171345145492,9.661727580522367,0.2794437646231245,9.799227305943718,96.024855793553,0.2944052689309578,0.5895456996016183,1.1868710081463345,0.3641578573311732,0.9084593189541775,-0.018288133816582373,0.3153999594105451,0.8851921911757394,-0.9592059825393591,1.8443981737150985,0.3159297235694462,0.09981159023466671,2.245986849954896,2.0770539422217875,1.3185263861916257,5.360330475450295,3.183745580417969,0.017046514125874723,0.3192086575077189,0.7444806985766831,-1.2473201632197395,1.9918008617964227,0.3196634959949662,0.10218475067172378,3.699931201733655,5.231341405498238,1.0424708296836493,3.514378933436683,9.54929288761558,0.07173888582992946,0.2870549727635377,0.8952701834880639,-0.6545918520127109,1.5498620355007748,0.29588346545286204,0.087547025128395,0.5381519439628845,7.678657813045608,5.579932906536248,4.604177961490239,2.7098226500360627,0
0.003041448083849898,0.049524311218306964,0.11326317938352062,-0.14924966523565344,0.26251284461917407,0.049617615904983585,0.00246190780809448,0.3026606499777092,0.08455465542801767,0.7440410318604915,1.1045544827199318,0.7763566951822466,0.0021666863299606948,0.04819556400166401,0.1540922872389889,-0.13080292518069656,0.28489521241968546,0.04824424234135024,0.002327506919090931,0.5512925739586217,0.4663469850905908,0.9440412923745172,0.1406869727909439,0.3748100934248493,9.798900244179755,0.04526429720564357,9.925648471415435,9.695516602875268,0.23013186854016787,9.799004788854203,96.0204948519876,0.4925043292062333,1.060719705281411,0.8975044338702236,0.2558824754670731,0.20476087213346977,-0.041026853296652066,0.37112198503119176,0.8708291090122089,-1.0309643862747613,1.9017934952869702,0.37338282025947195,0.13941473046491712,3.9226256710094933,1.542628482030254,5.783477744512531,6.008862145151785,10.467442408271113,43.87862839290912,76.31786249571199,250.71020344006973,-0.836547007460406,251.54675044753014,88.03266533257649,7749.750165557413,7960.506081736459,5955.335665095641,3673.3914326594804,1860.6790254754987,784.3982798659638,0.017142200387297107,0.34670229788639045,1.0646295603359976,-0.9764537603387544,2.041083320674752,0.3471258250171278,0.12049633839382164,2.3147108551272297,4.955076573419756,4.632181503694117,5.658594011625265,0.5843391802712944,3
-0.00702459639994582,0.045607347710432275,0.12026518264359967,-0.14042942500644395,0.2606946076500436,0.04614515272227847,0.0021293751197624037,0.36496439160263344,1.0594738741620886,1.0343870833987716,0.5474555570286971,1.1717946754526782,-0.004092117055835495,0.04876350274151246,0.12710374976274935,-0.16719831380877745,0.2943020635715268,0.048934901876065445,0.0023946246216201535,0.5350150238939395,0.8523948962743976,0.44690562282537744,0.11453772861765425,0.6710160325582951,9.79351774252071,0.04994716547541412,9.921861611602253,9.690922405913446,0.23093920568880755,9.793645107538202,95.91548449240695,1.0887101603824172,0.6318254376403953,0.8076902713674756,0.33708612103454416,0.8678525972014518,0.4159343133667525,106.20437045447623,150.43683608252113,-150.08090397426398,300.5177400567851,106.20518492514695,11279.541304984661,87.09851685678517,80.58409485238185,76.58715258795317,93.46472580661386,103.11318733695694,-0.5689281849809674,84.5813650175777,120.51466674875962,-120.40609993386471,240.92076668262433,84.58327841551416,7154.330987516383,133.84034962998464,125.01787343222213,133.7337608936154,140.31307194522972,139.55285406467917,-0.5003480365567521,127.52001285628997,180.4434566482254,-180.43264216633833,360.87609881456376,127.52099445591713,16261.604027026047,86.35890718441406,88.37233368334508,99.205799180316,97.76907391099905,122.86008931090068,5
0.001269808536913762,0.05475498997317655,0.1731660032435745,-0.11306566793610538,0.2862316711796799,0.05476971189154717,0.0029997213406830836,0.6968185407034795,0.13506882189940325,0.0975893730304508,0.6447889514622882,0.5076893188004342,-0.005110092527843553,0.052345915656035844,0.13503696824360253,-0.11476027625806101,0.24979724450166355,0.05259475193887639,0.0027662079315119415,0.7149812308668583,1.0416605281889049,0.3621557940499743,0.3481570396261408,1.0419268025680226,9.803385211955158,0.0476556467593833,9.931049966585237,9.674671501671208,0.2563784649140288,9.803501041701843,96.10863267464913,0.5233742002901765,0.6554195938972136,0.40318665641178136,0.07070527165736207,1.2795871404427728,0.008140295875774101,0.4134654903137037,1.1391774490498066,-1.0620020472065865,2.201179496256393,0.41354561549760943,0.1710199760972966,0.978615065833065,4.294358711462569,11.685255605991406,1.8845956948228386,7.491888437985369,43.80139351608441,76.33705950921897,249.61325196203245,-1.0964356073197836,250.70968756935224,88.01084437991105,7745.908728464921,7961.959604286882,5955.35711317114,3674.519433222645,1868.7453425023332,782.067233252827,0.0013717417056894375,0.39655050321712965,1.1639272979999649,-0.9675698886390434,2.1314971866390082,0.3965528757644633,0.15725418327706586,7.536416373555681,4.316087518046302,2.5689519688486624,5.890148773671194,3.621533825606475,3
0.0009828677634042048,0.04990247574650308,0.13042616670897142,-0.12821847921760635,0.25864464592657777,0.04991215397746993,0.0024912231146706674,0.3669500051394576,0.12800307789764137,0.3416988132931416,0.41354931797861755,0.41908370683469487,0.004983504382866918,0.049353848833543226,0.12922082635570292,-0.12534404114270156,0.25456486749840446,0.049604815397482224,0.0024606377106182894,0.09787322408818663,0.8928162709972499,0.40983075775433586,0.24981138517310802,0.3378333053137435,9.807029284274911,0.04903976830192305,9.934947388265153,9.700618692261928,0.23432869600322448,9.807151894485004,96.1802282815008,1.5335722225016997,0.6583683363993875,0.8075638870179517,0.5352558997596912,0.17111269793491485,0.3869304177903263,106.20619261907751,150.68538952157246,-150.37941945272695,301.0648089742994,106.20689744921846,11279.905065788807,83.84417031212304,83.63081872053628,81.3488762966275,81.54997819450622,100.9323577702531,-0.5805033483373887,84.59637271294316,120.61919712813737,-120.45237761253814,241.07157474067552,84.59836440691171,7156.8832603246265,121.93739977896621,131.96782183845363,136.28478996195787,130.07232648160937,140.35224374884115,-0.45662031734182645,127.50476584023959,180.05139850651162,-180.5079923080154,360.559390814527,127.50558346240582,16257.673814088537,97.70034664392603,95.14423460872764,104.79764590097477,103.54782746090459,118.25019322102082,5
-0.0003213637189381065,0.05219973469352152,0.15009556550190492,-0.1700873784440585,0.3201829439459634,0.05220072390986436,0.0027249155767138846,0.07901624813040191,0.2447628772364646,0.6353040595493777,0.5924168777571626,0.6758117439912781,-0.000208510797399064,0.05199484325711755,0.12636489189317524,-0.12340017965107519,0.24976507154425043,0.051995261342595966,0.0027035072020848545,0.3348752374541438,0.9057219170108608,0.8892386893093019,0.5008434069241072,1.1937990102077152,9.793888621954457,0.05057173051456114,9.954384810316276,9.682183676999378,0.2722011333168979,9.794019187196653,95.92281183917618,0.5487763937815524,0.770864038847781,0.6195002897150939,1.4570889888234584,1.199164632639754,-0.027812770939608697,0.4075726253830918,1.2987314010873927,-1.122326168547375,2.421057569634768,0.4085204954332221,0.16688899518900524,2.6952370256955507,1.3095244637917829,6.534768464837826,1.769395864395793,7.528182072230301,0.019195206258983067,0.39617139081449454,1.1008756545764038,-1.2138586279691153,2.314734282545519,0.39663613910385914,0.1573202268432159,0.1899646639343178,4.104230704093094,4.106753462538416,9.6175305045167,4.472335005905131,45.16334498678094,86.79433919758438,299.46910127247725,-1.2336399171782297,300.70274118965546,97.84163248403169,9572.985047140324,8399.559720626354,6798.656773143447,4754.966424018653,2891.432230130652,1532.0997286064353,1
0.006910064740900902,0.05420600950761046,0.20505102032230554,-0.152787389925177,0.35783841024748253,0.0546446745938028,0.002986040461462598,0.29333203363135174,0.2891163498538577,1.2701987145954206,0.39926367580109273,0.7825099446969392,-0.00299903092312019,0.04857155132693977,0.10723158849114865,-0.1358463064383012,0.24307789492944987,0.04866405022995286,0.0023681897847833756,0.5817797363355245,1.2576312701203016,1.0426354327832303,0.9294936261212938,1.2691427645271571,9.804008181820171,0.048202720608567805,9.934006149240071,9.68520701876059,0.24879913047948143,9.804126678673166,96.12089993147092,0.29891049398619296,0.7610055862156765,0.8750958696779378,1.4377079806034871,0.5629850687748925,0.4076941772918531,106.19674990275949,150.5904015561045,-150.18739741209836,300.7777989682029,106.19753247816752,11277.915904451445,82.67105379999197,78.15296208477612,81.14101223344609,94.54288981478251,95.0604951595273,-0.6852426050316498,84.65123402501503,120.45596027746183,-120.74034096288133,241.19630124034316,84.6540074620547,7166.300979385611,132.81613458121214,125.59177022421045,133.9894915287008,132.47611485220528,133.10343866104813,-0.4620509662112465,127.48363902509729,180.7602239936305,-180.25926322123524,361.01948721486576,127.48447634977636,16252.291710176687,88.24114444085954,91.2177260637235,95.99773128246433,106.11168313772522,108.38821417482444,5
0.003641908675625136,0.05885689064262499,0.16573819388036798,-0.18360097919523985,0.3493391730756078,0.058969458831835235,0.0034773970749195104,1.0385885255981617,1.3562891654175955,1.1019858378306635,0.891321768621205,1.9362547417027454,-0.0038969850624989777,0.05124571736249827,0.12216538084196278,-0.16114333676253212,0.2833087176044949,0.051393677048586404,0.0026413100405743967,0.8469137322398098,0.6675816539014638,1.3690888191396748,0.6656758459667986,0.21358492010772523,9.79569130972028,0.04882391443199871,9.908223634930863,9.657806981891682,0.25041665303918137,9.795812983614471,95.95795200994984,0.4294711651851063,0.3010585615573163,1.0296533814652984,0.6649897557398068,1.0686292661500794,0.020416622031016365,0.41094084775805306,1.0926553535743235,-1.238672310149152,2.331327663723475,0.4114477109077953,0.1692892188112647,3.3157878609917386,3.8866475571022083,1.4422814178539438,2.5031285246511152,4.453743400860774,-43.87979701275218,76.42154582866598,0.8681162351040586,-249.9785991862802,250.84671542138426,88.12314822294555,7765.689252723229,7970.409487774657,5970.281614419664,3673.160215906912,1857.5841131402692,781.2057151065862,0.022531851171496343,0.4403751493014614,1.0957953423168607,-1.2179431883800522,2.313738530696913,0.44095119507661934,0.19443795643949882,2.338387719941195,5.445912545944765,2.487017664641165,4.663577117948971,1.1231140890389957,4
-0.004805622163604171,0.0488147744167537,0.15917169591375818,-0.14761658345857126,0.30678827937232944,0.04905075132694579,0.0024059762057378744,0.1626892877406951,1.7883909413029802,0.3512309587295016,0.5885684075760682,0.46565941216159445,-0.002764621974831472,0.04695919878286744,0.11982005948620843,-0.14626483180989228,0.2660848912961007,0.04704050897888521,0.00221280948499258,0.6503517363724547,0.9784075869673439,0.41342482735712394,0.9216797050375535,0.6324021019683015,9.790804802577426,0.050482358116959614,9.938052798325879,9.651702212092793,0.28635058623308574,9.790934947728651,95.86240715065425,1.2536199494036606,0.6576052753942081,0.8370783999553608,1.131099826000852,0.39368017110946735,0.009367912205010322,0.2980353940566165,0.8403662175271164,-0.8035224330610469,1.6438886505881634,0.29818258481937443,0.08891285388956344,4.073561646237762,2.863173708665573,8.915279535990352,4.5678064147826625,4.333504074645058,0.018397520652398545,0.30749620078208006,0.8866599302629293,-0.7297428487238099,1.6164027789867392,0.30804607165417436,0.09489238226156871,4.29547061181462,3.835142814599399,9.1422316735357,1.4869577818952613,9.916378185127721,-0.034043644310742735,0.3150205939071462,0.6308652212937268,-0.818812875024015,1.4496780963177418,0.3168547684721937,0.10039694430356748,9.773718722019597,2.619908302613942,6.500754992278308,2.5742861071474743,6.548236262731102,0
-0.0020264750839121093,0.05208868191957842,0.11995945345385106,-0.12622235005350632,0.24618180350735738,0.05212808633917739,0.0027173373853847326,0.2359295732196013,0.8915969683781348,0.8241912694737289,0.28570670853016383,0.5597643305484069,0.0041109775727976835,0.0508129502220234,0.1303913120688783,-0.15007503508077435,0.2804663471496527,0.05097897651846174,0.0025988560468698735,0.8933968053960395,0.3294424314695822,0.9253548422357093,0.5718796612222294,0.6147228902431581,9.795473521025183,0.05141711046769105,9.915048620952716,9.65082492223871,0.2642236987140052,9.79560846606041,95.95394522035438,0.34101275701293426,0.5792790934138895,0.6720742796486012,1.0311753518539184,0.5103520155410275,0.02946857757370296,0.39605420153273063,1.0118315502143524,-0.9386473390296154,1.9504788892439677,0.39714899926343283,0.15772732761594616,5.842644575857192,0.8850269099632009,2.1456412352572403,3.6574976683638987,2.130108083267289,43.90997907666419,76.36484000786189,250.1777619482295,-0.8644240859088546,251.04218603413835,88.0890177714534,7759.675051939432,7965.8013751335775,5959.119992631494,3670.3110282888733,1870.4711398904901,786.8243357280447,0.012665436465251347,0.40583337868110453,1.3195200992898628,-0.879760419432368,2.199280518722231,0.40603096499229724,0.1648611445325761,2.834689862296832,1.7010862927795989,2.6667689980277656,2.0781153098471816,5.374385464108006,3
-0.00445606977586126,0.04833606828216373,0.11587581155984275,-0.16647518987540647,0.2823510014352492,0.048541034752313826,0.002356232054825339,0.9164408351431815,1.0933391003639867,0.40526852950634296,0.28189095301531086,0.30520724129552984,0.003601119882111687,0.05468206930641948,0.12091778767862256,-0.1625166738097853,0.28343446148840784,0.05480051795409788,0.003003096768037404,0.6073881858256248,0.6277650676049581,0.3764752685914196,0.6168592761477073,0.2568534235355269,9.80498851020519,0.04643197752448916,9.957021145505113,9.68866192375214,0.26835922175297355,9.805098449979615,96.13995561379265,0.10368631510691123,0.4977951850281481,0.07905228020972016,0.8667096581421967,1.092416558271963,-0.021774414570714988,0.2993463866031986,0.6609929445773273,-1.0905600682620307,1.751553012839358,0.3001372757627567,0.09008238430228904,1.2287074141860646,3.72807088735216,2.592914333053983,4.013853493591155,5.3019755568094125,-0.009916116311847151,0.3082608171396308,0.8102599408648784,-0.9282867747274168,1.7385467155922951,0.3084202664325141,0.09512306074630299,8.86478170682128,3.0491112316064535,3.195602882906778,0.8720219946651846,1.5676070241044087,-0.0019994427463394327,0.3184755799036509,0.862224809402974,-0.9923699857492165,1.8545947951521904,0.3184818562591323,0.1014306927662626,8.159034930887366,4.2340413171912825,5.592512746931918,2.19801120602799,3.8544481336179954,0
0.0029537112030003816,0.04991532180705621,0.1416462753359977,-0.14907601385229513,0.2907222891882928,0.05000263754016094,0.002500263760972712,0.15219756721375813,0.8257192881882061,0.45696752052983053,0.7391709037182466,0.5826032190809932,-0.005660459806634227,0.051717051461213526,0.1393043741735319,-0.13792662961930235,0.2772310037928343,0.05202589948347198,0.00270669421706433,0.611032160327908,0.603275382731208,0.8942695350523221,1.4343681948870357,1.0410238115445871,9.802437933115062,0.04839685103509868,9.941084334546971,9.6872277209393,0.2538566136076721,9.802557405481654,96.0901316877632,0.8407354355180392,1.2849696467989662,0.9743667422877076,0.40793417769719675,0.8266738146309476,-0.006909260848156485,0.36604262188056474,1.047632068225063,-0.8593014806826395,1.9069335489077024,0.36610782417023807,0.13403493891866597,5.566056542468783,7.28303793316202,10.50885210295464,1.3827627002711989,1.6186768705069068,-43.891103699141716,76.32666673619453,0.8351502208751005,-250.10489991311093,250.94005013398603,88.04651633646226,7752.189038986915,7960.80212941253,5960.950789293941,3665.784370369985,1863.658484501111,783.7646599099844,-0.01748123804759075,0.4001325840536779,1.0945986951702626,-1.0135192425765769,2.1081179377468393,0.400514267542556,0.1604116785051501,0.22998359408436597,2.6467490411627432,2.799647746164709,2.149684209819771,6.279984772346064,4
-0.0013154810813668782,0.047802474661485385,0.130789634331033,-0.12187699675535918,0.2526666310863922,0.0478205716636406,0.0022868070742373863,0.6068860768371681,0.334456447962423,1.1060986141879154,0.7092144979183997,0.7688962792018776,-0.006711022567067506,0.0509169303614475,0.1294786778538232,-0.14953222438969652,0.2790109022435197,0.05135729375004279,0.0026375716213281842,1.3362461241874053,0.6179803925193414,0.49707139030792763,0.24492076343993727,0.9502671019799774,9.79904482984055,0.05290274365769514,9.927119753626938,9.664459450178743,0.2626603034481949,9.799187633549595,96.02407827751132,0.30813747442706485,0.1469761494233966,1.0203113572036264,0.703657634921017,0.49897002318159284,0.026101322198878667,0.37672324125890994,1.1316088973520126,-0.8536984477027268,1.9853073450547396,0.3776263755686943,0.14260167952514854,4.936928666367933,5.1900302949567,7.3537242437153445,4.2065134918952864,3.832274054595487,43.859782710743076,76.36717421412848,249.9603904026507,-1.0765630223331952,251.0369534249839,88.06603111804601,7755.6258368846475,7965.221160245677,5960.168793997799,3673.2043959567072,1864.8397760156065,786.341266439104,0.0015456145049487413,0.40495939515597557,1.0331567075337187,-1.2003300894101356,2.233486796943854,0.404962344730089,0.16399450064929147,7.567026518715679,5.325151565678044,3.269016517170786,6.37674970310539,8.652507302511102,3
0.0008850234466127798,0.04993712248653895,0.12401016153110367,-0.13329563396844799,0.2573057954995517,0.049944964398191814,0.002494499468736648,0.6123828780481337,1.2007869156028506,1.1566686953485763,0.12499359374678345,0.6126791248999245,-0.00033167360098983244,0.047407559173005244,0.13011822025232037,-0.12498195322120707,0.2551001734735274,0.04740871938915443,0.0022475866741195876,1.4217218707602577,0.22294214061219886,0.7288444175153723,0.4488503791422375,1.106289171665885,9.794403875029229,0.053004966143853395,9.938891682972448,9.662141775222203,0.2767499077502453,9.794547299065103,95.9331567936235,0.8950110569098504,0.3859793556253078,0.2095273240785565,0.6547336231604646,0.40015256082691036,0.4384160800889913,106.16648350336037,150.5158244112942,-150.73691645903824,301.25274087033245,106.16738872237826,11271.51442812857,78.60734004270765,82.17119685145295,91.52209709017691,81.72795176361302,107.56503983810538,-0.6700785977363377,84.62459385095374,120.07640412847832,-120.96567058606159,241.04207471453992,84.6272467339333,7161.770889766024,133.08991695062707,126.06596955581401,140.21860140163915,137.87107944028705,139.69545856131526,-0.43313843060317536,127.452317554429,180.37080464854512,-180.40525827108695,360.77606291963207,127.45305354872858,16244.280858895076,97.9297126519867,91.13864258386141,99.68994033715103,105.83816878170104,119.59823127404425,5
0.00017445135816855265,0.05051302118274675,0.1541108234604871,-0.1267515931258943,0.2808624165863814,0.05051332242374272,0.002551595742284989,0.29635496791557736,0.15207376508787707,0.83863534500803,0.2606953361420666,0.6520817507994817,0.004048721903471849,0.0486795641577474,0.12603958209616575,-0.0924528162901288,0.21849239838629456,0.04884764186365498,0.002386092115639898,0.38065158089593204,0.41580427656592656,0.2532902002234881,1.4440786714311116,0.5070672475767278,9.798138886090815,0.04690138936348039,9.922222506742902,9.687259498364813,0.23496300837808803,9.798251138414914,96.00572537144916,1.009650061888963,0.31038037048639916,0.6177647238069144,0.7382849060572101,0.6324990485027115,-0.055458778391161465,0.38822005146618344,0.9229658933383688,-1.2362143329948194,2.1591802263331883,0.39216129903528996,0.1537904844610461,4.028374138702071,3.3877798655849425,1.5324311697163397,9.478199722420449,6.895355854269554,-3.31065156606547e-05,0.3856447342521247,1.1324186310491606,-1.2867842182644917,2.4192028493136526,0.3856447356731753,0.14872186215243327,4.695639611387388,5.104513400454535,3.5309357930826475,4.5082982724934535,6.039806287300057,45.18870109785354,86.78859595713746,300.6327367005589,-0.8996297617726787,301.5323664623316,97.84824523271945,9574.279095122405,8402.552380209054,6791.6689244694835,4759.454801966753,2892.5335127925387,1525.0349625097738,1
0.006517249955105112,0.04504755159338997,0.13382555836864193,-0.1537212872855659,0.28754684565420785,0.04551655140206085,0.0020717564515364477,0.22552338411967737,0.5066207386738756,0.5147395692251264,1.5563734709608474,0.5422369432456238,-0.00046574592004374556,0.04870074737310708,0.12811136697664877,-0.13561576755535695,0.2637271345320057,0.04870297438515674,0.0023719797139612336,0.6690412668818542,0.5072438744759978,0.30095584988103036,0.6707252722924816,0.487804193880132,9.800175609819489,0.049853981077721,9.912282683036773,9.668516762100845,0.2437659209359282,9.80030241384061,96.04592740273009,0.38675063756273154,0.5550915711285302,0.2278199739383573,0.10892583579972195,0.8447760937514786,-0.0032446115485631065,0.41516929495564975,1.3489506812295038,-1.21247727563656,2.561427956866064,0.41518197332985485,0.1723760709780723,4.769234874652545,2.7756710425393396,6.863518633746145,2.427506204967511,3.0503957669625392,43.84946927141186,76.34527510984034,249.70646506443808,-1.0343069618944856,250.74077202633256,88.04190472145467,7751.3769869817015,7963.767446947663,5957.139934474593,3674.7921144640213,1862.984450766302,778.4602370281874,0.044561987021921136,0.39218353855267496,1.3377594783832523,-1.0173882705194492,2.3551477489027013,0.3947071048246274,0.15579369859903938,4.74963737699491,4.36515403358905,8.361306323429325,3.7602609673280463,6.385146628488967,3
-0.0036385363201109893,0.050532782701273024,0.1259580216539854,-0.11589254696484752,0.24185056861883292,0.05066360699838539,0.0025668010740868452,0.522679191698868,1.07418355164797,0.5458606509197139,1.1871513228258053,0.5820750539226867,-0.0020790890519009476,0.05772336282780411,0.16400555127366254,-0.1782277479342722,0.34223329920793477,0.05776079316834259,0.0033363092274360517,0.4461166067238463,0.7966229210379037,0.703400100405052,0.2038787526609924,0.35801593599929227,9.800896803793131,0.05002703454004167,9.945342549686814,9.65704945373193,0.2882930959548844,9.801024480266708,96.06008086278729,1.0969097410293083,0.21194640882004928,0.690482963266575,0.7650596683298135,0.23644153188338313,0.3952767175759993,106.18984485561427,150.6886871524815,-150.1600961610771,300.84878331355856,106.1905805339762,11276.439394142884,82.19205225760537,80.58515170194896,85.6163721146789,89.09095683538848,96.65279707120564,-0.6637853588925698,84.6149609757624,120.07692572470918,-120.3163011429763,240.39322686768548,84.61756455921235,7160.132231932472,126.52633938268536,127.7901541059222,137.37369090177074,143.37704762378604,147.49802173474123,-0.4837798778350876,127.47377787100935,180.3427842561897,-180.40800435784922,360.7507886140389,127.47469587207348,16249.79808767763,83.92698117330215,90.43607973175767,96.72413852762347,101.7758708030205,108.85117992395314,5
-0.002521477777469246,0.05190236073916141,0.15861234065829025,-0.15633906085745708,0.3149514015157473,0.05196357282251014,0.0027002129004803145,0.706523439647783,0.9040560782598156,0.9211030592653382,0.6337255264637057,0.5444311628713288,0.0029780111165469093,0.04640865949197765,0.13959157446614912,-0.13133608699756535,0.2709276614637145,0.046504109775939204,0.0021626322260526044,0.6638700480460364,0.7962308721104544,0.8957134535623524,0.7027751480728682,0.642134461389581,9.793081621259425,0.05201286338076147,9.929675118491371,9.667692903734967,0.2619822147564044,9.79321974524243,95.90715297860619,0.9288753893751935,0.36229633952383394,0.5260146602960672,1.3828033170034768,0.42855608397311395,0.011861147441498646,0.3013187524920809,0.8081367493982529,-0.7380842328607452,1.546220982258998,0.3015521139405474,0.09093367742201287,5.614663238526534,3.079574300277751,3.3796649124667972,3.0377585531879014,2.6349511277823505,0.017553045529477795,0.3155236919103865,1.081677205099134,-0.901395639144213,1.9830728442433467,0.31601156555436455,0.09986330956412043,1.170764164075099,5.5368876026069,3.275937411116411,7.698122665796262,7.048106909271592,-0.010515508369924426,0.3210575107196603,0.9226982266453612,-0.869428602070299,1.7921268287156602,0.3212296703385021,0.10318850110578273,1.2669765958431087,2.899636876474916,5.3662578251984225,1.0816924799448786,2.4464973073862235,0
-0.00421330294640006,0.04844153325573277,0.11761491017163257,-0.14863227578277066,0.2662471859544032,0.04862441841178573,0.0023643340658844074,0.5632712883374594,1.1896762541119446,0.6287411985665603,0.33523340323515094,1.1811769751256833,-0.002912138438735769,0.044845390531648086,0.11972743793109818,-0.11293345906738135,0.23266089699847953,0.044939844261216506,0.002019589602222394,0.8553629863454261,0.7609417164952379,0.3381726954304487,0.5809676235564721,0.4060470126484286,9.793486232836944,0.049594428814794894,9.93398371953562,9.678571073506507,0.2554126460291126,9.79361180566885,95.91483220013625,1.0152780192664128,0.6922801569331668,0.6200598405869824,0.8224946251029934,1.1527586729974983,0.39173727311712525,106.21753564893152,150.5553884807385,-150.15536394216085,300.7107524228993,106.21825802291801,11282.318337423187,83.09409974457827,85.50302056763464,90.15008298605748,86.18753227746296,105.33106814294364,-0.587992609566337,84.61066999234025,120.87222665924183,-120.81841369388411,241.69064035312596,84.61271306288204,7159.311211861609,122.6160625154473,137.850686585753,127.25622830655436,134.6332871227209,147.11244021624455,-0.4244187282820181,127.46449664011085,180.51821423906645,-180.5863218565181,361.10453609558454,127.46520323199483,16247.378034973748,89.70868543001991,86.03258749594296,94.06233689239511,110.69128166359656,115.59448028642369,5
-0.006015558002044999,0.051712170224414024,0.14385985685570976,-0.15314884990354488,0.2970087067592546,0.052060882506875926,0.00271033548739474,0.6840125258714227,0.8384036366248709,0.7118212556434526,0.7629882891663142,0.40846879707478223,0.0015411264063162208,0.048341570679599856,0.12905130378511723,-0.10838764563021797,0.2374389494153352,0.048366129950317444,0.002339282526370994,0.9554635007783344,0.8456789757043316,0.18150402664172055,1.298115987128231,0.5532299896614175,9.804222653758641,0.051536404089050775,9.925708336382783,9.669204913160206,0.25650342322257735,9.804358104711424,96.12543784542058,0.3903798256246595,0.3076586343915664,0.403116206006403,0.7777541580438053,1.104713830948216,-0.03061238224779632,0.4096229175063659,1.0473354396941204,-1.3330068716724515,2.380342311366572,0.41076520360579744,0.16872805249331221,8.751638465352563,3.483885464726474,7.915548919388055,3.542743511388822,4.431192666093738,0.05038575375340018,0.3734411086849508,1.2354976575548835,-0.9192851564087365,2.15478281396362,0.37682487422825944,0.14199698583714354,3.473573979961343,1.4321803856757909,8.205295730295683,2.1467621178874245,8.40741257225362,-45.07696635872739,86.7868630071485,1.1017785565020304,-299.6305303564256,300.73230891292764,97.79515574264096,9563.8924867274,8404.12768359754,6788.598472259761,4759.683530533901,2894.472458627303,1521.5188691967137,2
-0.00013727495088989905,0.05219390795395578,0.1495339702686207,-0.1577511946542033,0.307285164922824,0.052194088476743714,0.0027242228719181506,0.996689010941753,0.9862693745360963,0.5089418445585131,0.2467921393592942,0.4539022582794522,0.0031023991023177737,0.04673347881246983,0.1168755754841448,-0.11615054742813963,0.23302612291228442,0.04683634189500317,0.0021936429221056293,0.9177989908410863,0.802307607144207,0.7051217035905073,0.47172070518072384,0.22449849246056439,9.803330655012099,0.051902252481589035,9.952101996980726,9.67840778024646,0.27369421673426686,9.803468048364955,96.10798577531259,0.5503649793400057,0.5482194663388716,0.7433781977072013,0.7323402124562967,0.46408844995451715,0.02355533651565722,0.40022445314163607,0.9443037459058106,-1.0428418302149802,1.9871455761207908,0.4009170322783599,0.16073446677088746,3.696286058745118,4.831811902246859,3.566254745909534,3.1282532059890094,9.133488703391778,43.83472118563694,76.38594635373518,250.1331592458855,-0.9840236490934797,251.11718289497898,88.06983355143937,7756.295581778237,7965.469807435587,5963.628530326055,3675.6262063448253,1865.75383580046,780.5508899742658,0.009881738338243158,0.3765183475686885,0.8853093954349428,-0.951983658739874,1.837293054174817,0.37664799854564635,0.1418637148084412,5.60717537489311,3.2142555431507307,6.100681690456443,1.8513633728920806,3.7488855688575558,3
0.0036457190777739513,0.04699667439149271,0.16852931237060703,-0.15097915871980427,0.3195084710904113,0.04713786876232348,0.0022219786714540316,0.30086720829229807,0.8487934798898674,0.694803057633736,1.1033549071382998,0.3864362975689558,0.001580819696035479,0.047691914212996775,0.1383917503220621,-0.16591859284894517,0.30431034317100725,0.047718106335134645,0.0022770176722112173,0.6193921927892938,0.2376602536472865,0.41642284205427416,0.867765008296523,1.0121142765180895,9.794326151730077,0.04833550839218498,9.905031337425248,9.654111304771268,0.2509200326539798,9.794445420126412,95.93116108783525,0.4550726363032778,0.6081454643973071,1.0744855157673534,0.5425998002853952,0.8511453004791608,0.385932765808613,106.22606785882563,150.30919926162522,-151.14603236005436,301.45523162167956,106.22676892783453,11284.126436847551,75.7853247224651,71.5147191169518,85.57798915767012,85.66932740205301,100.48010165976542,-0.6768680122664044,84.63139543813747,120.65606163628368,-120.70758869083784,241.36365032712152,84.63410213449674,7162.931244112426,137.41409402913865,125.89188571907111,144.26533493236917,136.85244195826976,145.54391304651784,-0.441527173242427,127.49946828751561,180.59158689147165,-180.91816552859237,361.50975242006405,127.5002327834891,16256.309359843908,84.52490083240477,88.70069630862493,98.91109925887528,113.34430605049732,117.01323567397675,5
-0.005170944464171987,0.053070921011518196,0.12715577041145684,-0.15998912088416,0.2871448912956168,0.05332224042238243,0.002843261323662355,0.7958175539499122,0.5251792938678556,1.7072495178852471,1.5995643888317235,0.29996106212695045,0.001355889981650595,0.045561789962661144,0.1558461957840077,-0.10294680307895197,0.2587929988629597,0.04558196071083373,0.00207771514224399,0.5768688354685209,0.4003354082772398,0.6815923272662191,0.8469548948450731,0.9550473622006925,9.80268064276237,0.04446518473039271,9.947228814500681,9.675277192800834,0.27195162169984677,9.802781489793658,96.09452493664115,1.3511151672680224,0.6258107381037824,0.7885921283790348,0.5172801322022219,0.6071361315694617,0.03105956376480855,0.3830085328457463,1.0664320415981297,-1.2351137096550044,2.3015457512531343,0.3842658360222925,0.14766023273391135,1.8506110250754333,4.420823540609202,5.93559215949715,6.149845621209371,6.179081492610628,0.01831858290605044,0.4264635296037661,1.2212117392473782,-1.5536280815314076,2.774839820778786,0.4268567822605002,0.1822067125617881,6.128560261792532,0.7813071089269006,9.395063280670353,1.0313966930019787,13.782935025028314,-45.12113217729238,86.7745738375855,0.9496708677708157,-299.6411805504925,300.5908514182633,97.80461764996205,9565.74323365527,8399.572978482911,6790.838364680082,4760.984483152307,2893.824160917691,1521.7451556072242,2
-0.002756985427030726,0.049815500125836486,0.12990064818114802,-0.15501776121740482,0.28491840939855284,0.0498917329968811,0.0024891850214320745,0.30987686095146827,0.619486079563549,0.33434939542276226,0.5245087062387411,0.8222194183469616,-0.0018491270661276976,0.04854960930769588,0.1195593030344666,-0.14782769199443055,0.2673869950288972,0.048584810742006566,0.0023604838348365966,0.747666638195534,1.095570355714619,0.7898663094549389,0.15784027580308915,0.7069070157903575,9.797455824601839,0.04925887448582944,9.919039681889636,9.65979701476966,0.2592426671199757,9.797579653758376,95.9925670717401,1.156444697887947,0.3155428572283146,1.2104380374856287,0.338819944667686,1.4415534772586962,0.02567382023889332,0.2879954867306268,0.9036521500083132,-0.6844024780116724,1.5880546280199856,0.28913758908670045,0.08360054542286964,3.077434767317825,3.0920420426500788,5.112395661294121,2.512813821111743,2.89543700654817,0.01905871048923454,0.3088601136853556,1.108362093574918,-0.8209587193857094,1.9293208129606274,0.30944757919758115,0.09575780427124325,6.002531263069102,3.369274748906829,1.2984118332581553,6.28908717074315,1.706283829664719,-0.00020670483436188936,0.2972504512664738,0.9226727865177331,-0.7536014640718063,1.6762742505895394,0.29725052313664796,0.08835787350501087,1.6084681454552419,2.5136323053949425,3.3538592916736225,1.0344082698179753,6.064147265242151,0
0.0029956343624727953,0.045917293976230504,0.11177596971673441,-0.12122567182094608,0.2330016415376805,0.0460149074902167,0.0021173717113332014,0.45617572730506334,0.8207056683517812,0.4867125583077862,0.5209025300982069,0.5948408984929131,0.0016153636589875014,0.05164011492659414,0.12149262794930715,-0.1534925343759245,0.2749851623252316,0.051665373988606995,0.002669310869382628,1.341172694079788,0.44367390043078564,0.27351165473166855,0.9509813279822417,0.4736750298161216,9.800147820565963,0.044533172626583614,9.90233263067743,9.64263907373746,0.2596935569399701,9.800249002367643,96.04488050840799,0.7110348848907526,0.20960708011514748,0.20337026779982934,0.5432192185085197,0.8340194203601548,0.3434762110641199,106.20050267116326,150.44427721470106,-150.01672794056822,300.4610051552693,106.20105810920775,11278.664743515323,78.16444134084384,71.47853619345402,81.8690466796518,101.64694524885704,99.8553364237614,-0.620944336820356,84.66649323830534,120.64118313671729,-120.43797356193315,241.07915669865042,84.66877021158058,7168.800649141434,126.1323353123009,128.3491314706375,130.93294181009813,136.54761990296277,138.88557232366142,-0.4458622022029607,127.50601523251335,179.97066219244854,-180.66649695821292,360.63715915066143,127.5067947741503,16257.98271357728,84.81384511795477,91.88678769107713,98.216117302803,97.32074663333884,115.99587470531291,5
0.0009547603057788213,0.04890017994331146,0.11456129560534872,-0.12772731660459546,0.2422886122099442,0.0489094997493302,0.002392139165729731,0.2896017511392984,0.28087360775203174,0.32755043746615925,0.6198323953244428,0.5555119226150066,0.00192563236166184,0.04698401286417961,0.13821683056929998,-0.09756412303153167,0.23578095360083165,0.047023457176325036,0.0022112055248136742,0.7230159608075164,0.3619445766923642,0.6042347710827093,0.2922729877388386,0.51498319095606,9.799667434671678,0.047600926157518826,9.919779193056732,9.660919105123913,0.25886008793281867,9.799783042411482,96.03574767833565,0.5043937965606969,0.4971943740802742,0.6990515450187454,0.2895112557134679,0.7702338657527554,-0.026177365786104995,0.31269276295489856,0.796142988650371,-1.1178423825056911,1.9139853711560622,0.31378658110866997,0.09846201848386793,8.733361682197664,3.9322953369401477,1.2908898068623487,2.1952023769856006,3.6157457409960365,0.010788692574691268,0.30471980756405903,0.8462446154169099,-0.6867790203003276,1.5330236357172375,0.3049107361332959,0.09297055700934838,2.3300309695215398,4.547623124260222,1.3679365028028074,4.597813598439266,0.5597180219269489,-0.005809131892368904,0.29664679539451033,0.7523216706234,-0.6534242724608532,1.4057459430842534,0.29670366905580287,0.0880330672311754,4.842275374678262,2.8342904630751797,4.615645734982816,6.379016363490001,3.985320270452653,0
-0.002547192906158211,0.053226750440509625,0.15068676714921014,-0.1465503793177736,0.29723714646698374,0.05328766418372524,0.002839575154157474,0.7361287307954376,0.736564476602989,0.6539938598364606,0.5536626422498961,1.646510270096114,-0.005521573601851955,0.04953419290818207,0.1434786534741609,-0.13432892556836043,0.2778075790425213,0.04984098757153257,0.002484124042105664,0.5090807887238079,0.6083297228252381,0.604517853133145,0.4598572494121515,1.021359925270034,9.797002817538528,0.04903615288177215,9.93084495818054,9.682211481806684,0.2486334763738558,9.797125535132603,95.98366875114729,0.10178622172886466,0.21252418376449655,0.5106294381346934,0.7127038039120944,0.31443645190569564,0.30343127529158864,106.27172043211701,150.74981714047667,-150.6031272110858,301.3529443515624,106.27215361580315,11293.770634140861,78.72146997574445,78.42834012739098,87.98020897428891,94.61210745176491,103.54689556740071,-0.6677918915048298,84.67805124248373,120.19480416107515,-119.92293970012648,240.11774386120163,84.68068438690763,7170.818308235062,123.1467041106701,131.05997655508588,123.36720931969178,141.06532980386189,138.5135232007098,-0.48821385597117795,127.46329562234718,180.51325056850723,-181.01590915063878,361.52915971914604,127.46423060482118,16247.130083679032,88.10531634361601,104.58702720206342,98.88206344386036,103.74196934322644,116.08066243499488,5
-0.0030175503601706727,0.05078191856996013,0.12602388496037473,-0.14119121773797647,0.2672151026983512,0.05087149362680663,0.0025879088638222276,0.4645605414947561,0.8143493609925911,0.18780131204704997,0.475357134516199,0.48899599208280836,0.005521018221669573,0.05035110320416893,0.165884487402151,-0.0891342950826044,0.2550187824847554,0.0506528897110607,0.002565715236080879,0.6360513459992363,0.6126281789600129,0.47271652093208927,0.7652865162645914,1.6264923972348693,9.801646425793813,0.04838417496235621,9.949038937435025,9.647988364449516,0.30105057298550975,9.80176584522725,96.07461368466346,0.24370684396593084,0.5823710853564278,0.5406301052570535,0.9529335533835778,0.37293735927544586,-0.019922588015812467,0.31451699287574103,0.7127842845859463,-0.9092669778674152,1.6220512624533616,0.3151473438264183,0.09931784832084672,2.666352038990824,1.9430765204912113,1.5111881493352797,2.873899843341493,4.292002950980628,0.018475591613025664,0.2941112455306233,0.7445720138424264,-0.748149436734321,1.4927214505767474,0.29469097752226125,0.08684277223302589,5.9412835389353305,7.023015801664096,3.347365062562948,2.509491067641384,3.300566389854482,-0.03379461728982431,0.2856792957798803,0.6568984316768837,-0.7423912039217353,1.399289635598619,0.2876712293488072,0.08275473619505401,0.8635799555503898,2.9237882322043576,5.72187565477615,2.6614058246757533,3.245123265024051,0
0.004514261435986434,0.04807857815087946,0.11814541081186891,-0.11935957459467278,0.2375049854065417,0.0482900427968609,0.0023319282333226577,0.09256329202958206,0.23409765195962076,0.7397717219893104,0.35343225794538835,0.13543062584596494,-0.004762064710273533,0.05168381398477195,0.12432116715009872,-0.13740531149435628,0.261726478644455,0.05190273488283002,0.0026938938883173404,0.5927417460540029,0.6980898424095411,0.6787736040138426,0.035560413582528476,0.5890471498128123,9.799573999263071,0.05125730038545077,9.953750793012494,9.669933699776573,0.2838170932359212,9.79970805064496,96.03427787787561,0.5348527592806984,1.4589583365789798,0.5628917081064146,0.29956218747382557,0.7593702483230614,0.01807411351756184,0.4111723724773792,0.9514130942702347,-1.1905896252360433,2.142002719506278,0.41156942727579066,0.16938939346812235,6.90680486952592,5.366171820960265,5.415800885093117,1.8676457879202264,12.200889523468529,-43.91161203959187,76.35186638236837,1.3438012829171035,-249.73817478411732,251.08197606703442,88.07858520654533,7757.8371719866645,7965.069377451523,5956.05081082717,3673.35972485071,1868.1520552015174,778.9645500361373,0.04275720820141921,0.3921762052393778,1.0418285254241875,-0.98286996200334,2.0246984874275276,0.39450013283792196,0.1556303548091381,6.648649500024398,7.583337403671472,4.994511860814093,1.7591696498053815,1.8870515956264313,4
-0.0017854235755654377,0.052118845813524675,0.14350822468108043,-0.15692967766058907,0.3004379023416695,0.05214941827363124,0.002719561826278144,0.18371365277290072,0.12585187618511892,0.5826081737415932,0.9389321987379533,0.9518770451398281,0.000653126099837327,0.04941093417836493,0.1449880439526305,-0.13474386247078776,0.2797319064234183,0.04941525058199139,0.0024418669900810007,0.3389408012391075,0.7560153526043368,0.5176746369038683,1.5115946689573627,0.5473274014246697,9.797690097213824,0.05212882805735388,9.938807156864426,9.668215379984709,0.27059177687971747,9.797828772526923,95.99744865575643,0.45501761472342694,1.5661845191929862,0.8551202418361824,0.46721826396196203,0.4160713657242265,0.008775591184539348,0.3893082878879076,1.1179994844910537,-1.1430292328646698,2.2610287173557237,0.38940718280336345,0.1516379540188521,3.960204025984121,4.150070827161664,5.345860533768295,6.556710483532936,2.179153519142883,43.87047430395956,76.39665342133154,250.4853599645434,-1.550560521975555,252.03592048651893,88.09691918355273,7761.067169633421,7966.998534886752,5962.4881070345145,3676.0736725802294,1869.0151296162542,784.016543604978,-0.02153125617502449,0.37845602379525994,0.9023265586292691,-1.0696727243374873,1.9719992829667565,0.3790680109682072,0.14369255693939287,1.149183719901074,3.8680818472795497,5.988320146329921,1.6916437548227274,5.82717814450408,3
0.0016023542551953803,0.04823817174052893,0.12409412011406383,-0.11918903410178455,0.2432831542158484,0.04826477755079688,0.0023294887520279067,0.7402169812756608,0.5478186884946624,0.5185741778912463,0.5214326385707198,0.3576990510954089,0.00546306273065823,0.05515972408083731,0.18832484897485477,-0.13851329801230905,0.32683814698716385,0.05542959692324319,0.003072440215073211,0.18204835364999553,0.9321106679747948,0.8168790020753666,0.6547359584532467,0.4360876810680551,9.804379976308587,0.05068896987124598,9.925117744268439,9.651149942777208,0.27396780149123146,9.804511007261267,96.12843609150735,0.7684957825669785,0.4665729390698679,0.7192562387406458,0.25509344859998734,0.3864489979319574,-0.022330539188696794,0.3947703326454661,1.1411350288687137,-1.0917654466215685,2.232900475490282,0.395401401764675,0.1563422685174699,0.1573099717533022,3.337711001431105,3.8114450555452137,3.5019339158511325,9.400942585892127,43.85165401852608,76.3764553683645,249.8954677620519,-0.9106842628185503,250.80615202487047,88.07003176334325,7756.330494796289,7967.538189143277,5961.259117946479,3668.934599631706,1868.987684904629,783.259650314656,-0.0033913952776373525,0.3937391926411851,1.1429199547366644,-1.0620525653179478,2.2049725200546124,0.3937537979291901,0.15504205338366145,12.69371471131438,1.3194936111676414,2.0828031771563125,2.9693871660933744,4.973162538682903,3
0.0006985838320271149,0.049959559249268655,0.14617060946826038,-0.12384319858855458,0.27001380805681496,0.04996444315462303,0.0024964455797515557,0.45392335347091184,0.914996201623623,0.45895265298528165,0.5368899528351233,0.11358479813936824,-0.007864669389103181,0.05085114788498242,0.14197486132071319,-0.1503481984359995,0.2923230597567127,0.05145573112705959,0.002647692265820249,1.2943758997399522,0.4679899999360592,0.4436359184446548,0.3652183829499737,0.6428639400359181,9.803462935927458,0.054330190078086815,9.964510455623287,9.662693976044636,0.3018164795786511,9.803613482061465,96.11083730565733,1.3481611177180988,0.9788976662800174,0.4347630628540315,0.4164767670496342,0.7617984069564361,-0.03222642227170908,0.39601991064024233,0.9649659331592565,-1.3390684411461697,2.3040343743054263,0.39732897190607686,0.15787031191594003,0.7539744227681209,10.544811989944673,2.6142638315498234,6.837892136797876,5.416169290696894,43.84933028836991,76.32644789692066,249.68933716325512,-1.0406219355899355,250.72995909884506,88.02551002578683,7748.490415299898,7960.773010552655,5954.173325067201,3674.548368524417,1868.2187670459,783.792648491852,0.03584781293012319,0.4180685428596809,1.296690373023882,-0.9817042851485858,2.2783946581724677,0.41960263609835674,0.17606637222069,3.968855408339025,1.4900309881363785,5.3220225572311755,1.846223826767136,1.0886503862630588,3
0.003343302686965794,0.048570015619870545,0.1565160501463065,-0.11477599712780964,0.27129204727411615,0.04868494726474643,0.002370224090171141,0.5039508528187507,0.12946463570431113,1.3201573109864835,0.42354279295848124,1.1100647946940554,-0.001000945300720561,0.04909615877196634,0.12332070860398939,-0.1469515922485752,0.2702723008525646,0.049106361071221336,0.002411434697657162,0.5545304373590061,0.6047089880024294,0.763510842128893,0.7118074504508232,0.1479314816165933,9.796121462840574,0.04847924894018337,9.921785228813427,9.677382319896322,0.24440290891710426,9.796241419662113,95.96634595230357,0.14023742412633913,0.628898762903419,0.42114009098300775,0.7636211255961851,0.8288807393287642,-0.030741772572376532,0.38518689940516493,0.9149949719714043,-1.180362449586386,2.0953574215577904,0.3864117027915386,0.14931400405425635,4.360027200615675,3.3585393517739073,10.210254213774943,8.739187598547673,3.1501973545227626,-43.85962848404016,76.32231065750724,1.123704841648517,-249.73950535533743,250.86321019698593,88.02705331237138,7748.762114859072,7962.478111234951,5956.4123135152995,3669.6393243122184,1859.0526753167464,785.6525779594946,-0.043602178518408224,0.4005654067004852,1.028994037138964,-1.1128040609665748,2.141798098105539,0.40293150164348807,0.16235379501667624,3.6258388321449244,5.727619129921032,7.646308251808528,1.2373968049381696,3.385266546060113,4
0.002450707715803722,0.052658454449803584,0.14628220947805853,-0.16536936392883125,0.31165157340688976,0.05271545118227045,0.002778918793350339,1.1877605655799175,0.6590774721313812,1.2197865594199935,0.15033352873498768,0.8740719944699058,-0.0022621496729614086,0.04920702442883599,0.14382475634993072,-0.14966240767660127,0.29348716402653197,0.049258994856604024,0.002426448574282942,0.2566798012901861,0.23843599165362464,0.6507210213464671,1.532811146803127,0.44286296803067343,9.810166849948384,0.052420888072511565,9.948674136369872,9.686052695181651,0.2626214411882213,9.810306905155032,96.24212157333251,1.358392473719381,0.6606867011499198,0.907901471795786,0.1083966819582966,0.5507547136666815,-0.003788643460779215,0.30700341534366804,0.9119217854717883,-0.8071816999197624,1.7191034853915506,0.30702679174943287,0.09426545085194964,7.978336954967748,0.6932396845731206,0.434629883184303,4.110391465946632,2.448748466986578,-0.022759033046641966,0.3089052260576275,0.7662750516967589,-0.8402814519670792,1.606556503663838,0.30974249348601185,0.09594041227093209,5.877167916953788,7.039901285400763,2.0668188433246004,0.3559779002729293,1.7818191096048752,0.019726071749846977,0.2951415590428823,0.991836895963199,-0.8809649676689622,1.8728018636321613,0.29580003005568356,0.08749765778094329,0.4818244119056395,6.150525664550544,4.293302465345449,1.2164888509137592,5.885649963002939,0
-0.0013276686069927735,0.049777843306272385,0.15235725838840042,-0.12173418437199635,0.27409144276039676,0.04979554586661141,0.0024795963881538005,0.5227864819317654,0.7388614635688288,0.5373112500204177,0.56542496889706,0.4318711535362624,0.002755234382301237,0.04838578603192704,0.1460508959769322,-0.12931818458557565,0.27536908056250786,0.04846416827336296,0.002348775606428841,0.5963508792826668,0.09387893005698908,1.5340450381759125,1.078471853185933,0.4635754855814725,9.795906026950643,0.05386565603279926,9.93658492067591,9.67968422209001,0.25690069858590014,9.796054123867822,95.96267639774779,0.2698129893452099,0.17279243575917974,1.053185264062326,0.6229221932559258,1.0226498856277262,0.0047986231604906305,0.39810324170596884,1.0958526815860978,-1.0997901087406896,2.1956427903267874,0.39813216127441586,0.1585092178410375,1.2136064416238495,3.332121531272917,9.398208389629485,1.9487130719019452,2.6663449852447036,43.82219490302503,76.39431104309317,250.07151304470358,-1.516650608712337,251.5881636534159,88.07085514440959,7756.475525867578,7971.902266376027,5955.5453049223925,3677.032659014692,1868.82415467349,780.6436682923431,-0.03465296464246694,0.4035398691813087,1.1578231487438815,-1.2728130391409236,2.4306361878848053,0.405025004138485,0.16404525397737982,8.482337602125853,5.504279501619703,3.913413909462251,4.460169938334706,8.31666880913232,3
-0.004483509391897467,0.04996850652647048,0.11839176935601235,-0.13536407537508363,0.25375584473109597,0.05016924855878505,0.0025169535009531563,0.3639823847122758,0.5593440607915485,0.8683099122690653,0.7285197739672015,0.8542119308532518,-0.010410480848641481,0.04703472645911749,0.10607465860255437,-0.11446893974767869,0.22054359835023307,0.04817305890831449,0.002320643604583938,0.7725191615123026,0.28769256991270353,0.8327432950590056,0.7426610782124626,1.052949499213021,9.798069055055619,0.04767168053971429,9.913035523154374,9.686205901636974,0.22682962151739972,9.798185025644493,96.00442979676399,0.9624207982851275,1.1703476339129528,0.8552897852004452,1.1657146070818205,0.5963493222376319,-0.006778038527577314,0.36180068528705234,0.9937292583180506,-0.9769053068136441,1.9706345651316948,0.3618641702081901,0.130945677680462,3.6227990976863085,2.7468161305046848,5.7266741451459025,0.3782668359038653,6.2118494247062195,0.005562786078747879,0.3949709981171538,1.0139841545237172,-1.0965259147142605,2.1105100692379777,0.3950101694167109,0.15603303394261867,4.751767250190328,6.933766875510753,6.814793828881676,6.671683096272486,6.258856888951877,-45.10908755338923,86.83729902922931,1.1884962756262618,-299.74355562659633,300.9320519022226,97.85472028773638,9575.546282591125,8408.260466741647,6790.977456233841,4763.941575711299,2896.980075282487,1529.1757614862913,2
-0.0017036504789950978,0.049746863872430123,0.1279116774591524,-0.19018213498504274,0.31809381244419516,0.04977602726309798,0.0024776528900966733,0.125555026454615,0.1417763469041641,0.7301947109740978,0.7685608492540437,0.9534194025100541,0.003942202972022665,0.049025284171257344,0.13344304813798022,-0.11315311161608693,0.24659615975406715,0.04918352826246974,0.0024190194523451597,0.9931105889894007,0.7732956750418208,0.6113393549865521,0.5237801918317763,0.5654144238165373,9.800698687083376,0.05315743036531627,9.980473960833232,9.693678961248207,0.28679499958502497,9.800842844745592,96.05652046740086,0.25585816157731994,0.7052341646275527,1.7853141504851757,1.3025379654312568,0.24247822691637805,0.3781828899121672,106.20190112629042,150.59628308642627,-151.04861614410288,301.6448992305292,106.20257447508789,11278.98682513659,78.73906762284803,82.73405143757502,93.66796855907985,82.16199700960688,96.64261197401034,-0.6233762204659172,84.68114835862242,120.28677502724967,-120.39400469453287,240.68077972178253,84.68344280464312,7171.285485247263,124.39080963640015,137.25975473987552,130.27838550478216,139.28291054400347,149.69441173110084,-0.45100562823366885,127.47167076559346,180.606409465684,-180.18048626603672,360.78689573172073,127.47246861125956,16249.230253848553,87.92671993685197,91.44931903746601,99.28539831490967,103.83877078946055,117.9624896873694,5
-0.00405356589385893,0.048108475368488585,0.11998615930572838,-0.15189805675994772,0.2718842160656761,0.048278947779920894,0.002330856798736329,0.30713639973124857,0.5692633154489334,0.5320880381581573,0.8646357135194607,0.6599954111289696,-0.0012253649823359162,0.05172631244271043,0.16304527982820483,-0.12435775405656552,0.28740303388477034,0.05174082448377524,0.002677112918260835,1.1973275861263295,0.5758281531011232,0.6248970414944877,0.20936618034611723,0.43458428518292835,9.798863525614195,0.04431761497701566,9.924489799516971,9.694444446133454,0.23004535338351673,9.798963743407233,96.01969044460948,0.2513077559402375,0.5531718919548702,0.4036920693486482,0.4240579824879286,0.3032065360297222,-0.012797583652391791,0.38158215177874644,1.0559793618375222,-1.1124683848137653,2.1684477466512875,0.38179669551141776,0.14576871670343824,4.2367591200346455,0.317809053283603,7.448689566568689,8.340405676035086,1.615760947054059,0.027596811439383986,0.3619120110466461,1.0330877082279097,-0.8949005846550618,1.9279882928829717,0.36296265337007966,0.1317418877414486,3.6874097875942775,4.287497374374548,5.15951020572234,6.176452222944446,6.656311700673738,45.150330463433804,86.78314359421744,299.5045155441144,-0.8249364848285585,300.32945202894297,97.82569372640216,9569.866353051839,8404.96570313041,6782.863726153906,4762.313584931484,2893.556235374191,1529.5122278248664,1
-0.0022769684346388382,0.0464818669107753,0.10841319217295271,-0.14537061934499415,0.2537838115179469,0.04653760347034825,0.0021657485367633693,0.5363496624158189,0.21030081072157097,1.078758761738873,0.29163895219242575,0.783333578982503,0.006900562604603429,0.046613100994166046,0.11575518271727435,-0.12098134991509746,0.23673653263237182,0.047121109373107664,0.0022203989485523753,0.16835870983337325,0.9671517669328256,0.33265142175526324,1.4331683190854045,0.8582913118857689,9.798526509130909,0.04531343586670067,9.926786641548855,9.684262192920535,0.2425244486283198,9.798631284909703,96.01317505761119,0.6608939636508305,0.6489714321056443,0.18930402462450316,0.36814059923123704,0.4081741461731796,0.4569395787986045,106.21186238372619,150.87096958563495,-150.00956992242203,300.880539508057,106.21284529094521,11281.168504798263,89.12751583124249,72.82844641098075,88.41994258304848,90.37219899446721,88.42689937069544,-0.6901417263290536,84.61388928591455,120.1266781258775,-121.16479178598014,241.29146991185763,84.61670376285893,7159.986555691425,126.99744384649058,130.08877617047798,128.6578095589142,130.72848760272788,140.81756609984575,-0.44121289361767113,127.51206269576754,180.36446853560523,-180.57737955011032,360.94184808571555,127.51282602839156,16259.52080174685,88.37863304678768,94.53363910052147,99.61065835137221,105.94859542830709,110.93622198239258,5
0.002933700810164389,0.05469607828293696,0.1440364005427683,-0.1477616335272448,0.29179803407001315,0.05477469835587164,0.0030002675799767277,0.44703474821267447,0.3694902117716826,0.5016774462813585,0.8689943360340948,0.9294661192661313,0.001997062647313686,0.04998294609285312,0.1123638937042753,-0.14251386507565594,0.25487775877993124,0.05002282638294598,0.0025022831593383564,0.6261488844883316,0.6706522876364858,0.33264567084649505,0.43763341813435547,0.4750157068993647,9.802174204075063,0.048086914831037525,9.91281909066684,9.684779889015722,0.2280392016511179,9.802292154308224,96.08493147841259,0.7366167058730962,0.24941116723726472,1.0292027438601152,0.3345136539890938,0.4870228194785079,-0.004230556277152253,0.42855720162210503,1.1124361335454191,-1.0185177442279643,2.1309538777733836,0.42857808234741046,0.18367917266858375,5.27253038782292,4.839938704428304,2.719290983582992,6.27489420349275,4.735628867382836,-43.8716805512236,76.35291813337642,0.9591417185711975,-249.35988675694242,250.31902847551362,88.0595960805561,7754.492461870691,7962.607441888126,5960.054567066718,3672.427339314355,1864.8068208256916,790.0586709940723,0.016465758572842132,0.37581789811035626,0.7105269111823237,-1.4910767489753292,2.201603660157653,0.376178433386957,0.14151021374546524,5.386735111042348,3.057096699226438,9.39301452396042,8.322654318673688,5.047961361291317,4
-0.00044663343801920385,0.046782695932299605,0.13875931996389043,-0.11355975160994175,0.25231907157383215,0.04678482788385524,0.002188820120121959,0.5534594416352399,1.1862829257172618,0.37405553135400565,0.4333267886767437,0.2594448738805308,-7.779572673303148e-05,0.050595103508844594,0.12987372161255847,-0.13830697282903265,0.2681806944415911,0.050595163318698726,0.002559870551245797,0.6571153927042718,0.6238644770838305,0.7382195422721262,0.6019623023474637,0.2483456109553317,9.792679825948904,0.05026829614814794,9.930789091801921,9.670774972977258,0.26001411882466385,9.792808845022162,95.89910507514428,0.179271797324504,0.7073972967789814,0.1759874356273784,0.35217375445961685,0.6651985029754666,0.3555380609588201,106.16346287755321,150.19460719436964,-150.5829624979339,300.77756969230353,106.16405821871359,11270.80725746641,73.16692001369438,82.5878808962733,88.09059684913746,96.3461185046504,107.74538527849509,-0.6135152302554258,84.67083017167447,119.90819975789766,-120.51906887220271,240.42726863010037,84.67305287338053,7169.525882898294,122.27848393866647,131.34271750777927,124.6536553906398,138.04485013580373,136.68313653803443,-0.41415235881570256,127.50683310824425,180.56787109920546,-180.76993319646255,361.337804295668,127.50750570640915,16258.16401146996,88.18220933780387,99.53083912626369,98.22599735384,100.76841697215332,108.59913653208172,5
-0.001318935889893979,0.05021233586971639,0.16758590128286177,-0.17027002109934736,0.33785592238220913,0.05022965523846304,0.002523018265374857,0.3351616753665425,0.709095403496194,1.5075765282697322,0.19741252931571293,0.19193012376631544,-0.004555368024418256,0.04709847566925231,0.1277888113728597,-0.14511334455407515,0.27290215592693484,0.047318260621086274,0.002239017788205044,0.7101750820829199,0.7154899560432644,0.3656464294718565,0.9362714587322163,0.49399271029025904,9.802094635346197,0.049190900966024236,9.945289315210267,9.659436223298759,0.285853091911509,9.80221806455154,96.08347898502056,0.5389455698515532,0.26194742694042566,1.0375654470168674,0.7790096272273181,0.4341554786463967,-0.012477235972719786,0.3868195965908075,0.9390030065548477,-0.998877972452026,1.9378809790068736,0.38702077686371567,0.149785081724194,5.290273729855812,7.434067886297494,4.290683263081225,2.6262961042796547,2.831429866895054,43.84976112844597,76.35733620348141,250.47736756238382,-0.877748061261733,251.35511562364556,88.05250901089227,7753.244343113263,7965.346554878469,5958.431310176094,3670.7145486725026,1869.3709286289022,779.1187594080909,-0.02448007000767082,0.39826319251673353,1.1948328803019408,-0.9415325845995132,2.136365464901454,0.3990148422567777,0.15921284434120117,15.463736005746526,5.974784273682396,3.0770441611438613,2.752179750886158,2.739517279849595,3
0.005155293706044411,0.048659869894249724,0.13236716320306594,-0.10093599833518163,0.23330316153824757,0.04893219789996043,0.002394359991320892,0.2772412370563356,0.1252450090764362,0.4014481830024312,0.4371405072680473,0.7505168505148891,0.0007927528214221985,0.048267733630223325,0.10816226949849655,-0.13643336474221404,0.2445956342407106,0.0482742433066958,0.0023304025668340646,0.40224730215146814,1.0811920017713403,0.1985172570544381,0.7999992522008667,1.4374117103191626,9.798328467668279,0.05026230191359714,9.935083869961238,9.640592309437682,0.2944915605235554,9.798457381614325,96.00976705931225,0.4796977219441111,0.20322597304973025,1.0772388937942323,1.4507824353296477,1.0941068491868078,-0.04003028435946889,0.4252833711371137,0.9814470430032097,-1.1937025089680382,2.175149551971248,0.42716316488158,0.18246836943164793,9.993215480537547,4.996456019925792,4.96894456742478,3.817786870619638,2.1177145636132373,-43.90586892611027,76.30730661889984,0.8781201077450134,-250.1129930702911,250.99111317803613,88.0370965535982,7750.530369587572,7962.6762993667235,5950.784836333066,3674.266386210362,1859.0969526804115,774.6155325688363,-0.02511826874762689,0.3757671182684899,0.8066043410304635,-1.0971899991796181,1.9037943402100816,0.37660570175806324,0.1418318545966833,4.280074254761456,2.0781377087285984,7.122499884164086,7.190978538975428,4.25980903425725,4
0.0029009642506356553,0.05155202519022925,0.14038253916394405,-0.12513044453037112,0.2655129836943152,0.05163358301335961,0.002666026894797498,0.28868444291170725,1.2142529244775202,0.16932063003334086,1.308269228143721,0.4396270085942152,0.0035093326439645488,0.049637608404174666,0.1313144627597614,-0.1504670571341587,0.2817815198939201,0.04976150704804052,0.0024762075836921864,0.7600529900628155,0.3177427033046291,0.6794862178915219,0.055995293493691485,0.8049106884107882,9.797665301091023,0.05059811473265211,9.957947089229434,9.67732222141748,0.2806248678119534,9.797795952224027,95.99680552141751,1.252097715187566,0.6705224718677211,1.3880791435906328,0.859792968604549,1.0523277733671574,-0.04737057595002007,0.3022283487775707,0.6597570445184072,-0.9167126847432602,1.5764697292616674,0.3059182019276616,0.09358594627065354,1.5436855931616213,7.43403909847507,8.009220191569755,5.686071779583917,2.115528757877675,-0.010220909325865488,0.2979980966317711,0.6842998014224576,-0.7515103768444565,1.4358101782669141,0.2981733264120149,0.08890733258360597,1.6046672309590784,2.1277676258643416,2.956005097230518,7.02370426736625,3.716360397957871,0.020599917828035785,0.32371735834471405,0.9396978452425384,-0.8447431483431882,1.7844409935857266,0.32437213922931457,0.10521728470820182,2.1844606418127293,1.862755479630844,5.300447948656363,2.6564599263820443,2.1573127288799676,0
-0.006914590186935985,0.050969391152142794,0.1504343897735877,-0.1367008721134048,0.28713526188699245,0.051436275058303,0.002645690391873403,0.6617418182547098,0.33457088694582043,0.7733492332339826,0.3775314418948534,0.08378142883598065,0.002004368285785432,0.043683535907423535,0.11526759301833987,-0.10867339097701197,0.22394098399535184,0.043729495784884415,0.0019122688016002237,0.5534955491369398,1.2537446248597546,0.37084387886906944,0.6695571555490929,1.1182161319925386,9.80378049751702,0.046042103998419286,9.922613126161009,9.668252659334936,0.25436046682607305,9.803888612118952,96.11623191883565,0.6007667498250141,0.8991833949488515,0.4219061166392343,0.516133659696557,0.5587078871562013,0.3888386070011489,106.21181083338175,150.02279773187777,-150.78024033122003,300.8030380630978,106.21252259488219,11281.09995596836,76.69663705700776,76.73621465780138,85.61170655387518,88.23091788796107,96.3770095148737,-0.6169636837890298,84.66445895652711,120.4272354684126,-120.77443488792338,241.20167035633597,84.66670688404373,7168.451254588578,122.56243230948154,140.62237199373075,120.90993704050763,133.42803614697152,142.28088819910369,-0.35556925815554735,127.4469014779393,180.6817244208383,-181.22912902218704,361.9108534430253,127.44739748549169,16242.839125824916,79.74711749914994,99.82711565807851,91.58885662110485,109.83267010608255,112.74557876519712,5
-0.00028160993936290126,0.051554897703802,0.1504603288248325,-0.22328019317644388,0.3737405220012764,0.05155566682147983,0.002657986781407436,0.7144830170668319,0.9443600005685302,1.0205184960287708,0.17430973398303265,0.42402997160126527,0.002400252854775061,0.05358353517207312,0.1632144755434505,-0.15417323965842777,0.31738771520187825,0.053637267410855796,0.0028769564553036532,0.32215935604022183,0.7548209472050074,0.32514525194304517,0.8242438771939831,1.0535955767163188,9.800063549405708,0.05164511647521962,9.980120751210528,9.631609713353209,0.3485110378573193,9.800199630132346,96.04391279044616,0.5851720404902189,0.48379063250639204,1.058199988650605,0.3557905934806829,0.9258899896699865,0.024862780712063805,0.2963604793346734,0.900795745473506,-0.6814841351935985,1.5822798806671046,0.2974015661966385,0.08844769157621353,1.7156532064150656,2.545836092804767,4.005031965742889,4.217300779047707,3.8380420684803735,0.034870396897870026,0.30817392718926145,1.1183500034289562,-0.6021744672191428,1.7205244706480989,0.3101404745902527,0.09618711397906718,8.92895027775698,6.215536936606859,2.52216715886556,2.5582285084322147,5.371642080690457,0.00600809338567573,0.2946559215177368,0.7311913872030508,-0.7829698092549696,1.5141611964580204,0.2947171682674724,0.08685820927159764,5.351229256796349,5.300233969179716,7.584408612466468,2.822350028276693,5.425714567506865,0
-0.003260162507122888,0.04915887549656006,0.11078496261482709,-0.1556106716566244,0.2663956342714515,0.04926686208456088,0.0024272236996591423,0.5544459738599131,0.4484511883596365,0.9116916811033687,0.21918797427380224,0.752608520849251,-0.00015305101857260403,0.05088797715641474,0.12748500703432122,-0.13270824422876168,0.2601932512630829,0.050888207314524994,0.002589609643686075,0.7995450562027591,0.3059206545154345,0.7246360358977046,0.42024867162236895,0.794920368693391,9.796856994213368,0.047625254637680366,9.93960082293764,9.651116220213074,0.2884846027245658,9.796972753353288,95.98067512994669,0.09329954719338375,0.2670097721610249,0.1141424022266819,0.7621738368732025,0.5752718182351453,0.030235050467140576,0.3910272244505628,1.4193743808079355,-1.2804843457013217,2.699858726509257,0.3921944014621593,0.15381644853826135,4.715004281776429,3.833894011644845,5.2299298712944635,5.396926184599998,9.700478317101894,43.840169497721575,76.35764988220589,250.20380689860926,-0.9736571693041762,251.17746406791343,88.04800484464424,7752.451157122496,7966.313233554531,5953.323712945855,3675.99657659196,1872.1823706306259,776.6013007352935,-0.006565784587508374,0.42992103173506624,1.2841609948614066,-1.1029485298939767,2.3871095247553833,0.42997116537669516,0.18487520305539334,6.095153937897895,1.111769784608442,5.4861679488607304,3.781108576123803,4.41873939040673,3
-0.00384429179705702,0.05258860099717553,0.14119396570692205,-0.1455423600334406,0.2867363257403627,0.05272892502470586,0.0027803395342610514,0.9109220919581102,0.18790625078559473,0.6328327428871809,0.9942291142857583,0.7496095413536678,-0.0038954299906291275,0.04992016193968632,0.1241765295801378,-0.16696527390530488,0.2911418034854427,0.05007191770739762,0.002507196942896399,0.6323442283510687,0.4374654570939688,0.4923374912159349,0.8200616834482699,0.9661453918800775,9.799492293155287,0.046820482296750746,9.944081663214451,9.6205322389831,0.32354942423135036,9.799604143085187,96.03224136117237,0.723012749402629,0.5610351267606324,0.22607144286971248,0.4114377648826374,0.3680792907511354,0.02710155089755735,0.40779622438967844,1.2848640241866467,-0.9722481224004875,2.257112146587134,0.4086957972472066,0.16703225468752983,11.618734773671788,2.2995979873959995,2.949331226093143,4.989668425900773,3.1215228865779294,43.847194663070056,76.35076545001102,249.84883700792548,-1.0277337898685837,250.87657079779407,88.04553290555833,7752.015864623756,7959.765870157089,5967.178116576013,3663.5170182102697,1871.890967599355,785.2168369512718,-0.0043254505798985,0.4064938076137907,1.1041179468946722,-0.9605351699095505,2.0646531168042226,0.406516820256034,0.16525592515107665,4.22374474407888,2.5099129616961835,4.431677323175126,1.5750366393034805,2.79871779940315,3
-0.0010155081620659744,0.04961227781485015,0.1191519780728123,-0.12897978319121847,0.24813176126403078,0.049622669887916096,0.0024624093668050946,0.47140554362350884,0.35050904184727577,0.5578974989100636,0.5550949054070657,1.4230196010729814,-0.0014964134699144707,0.05338123950798707,0.10967371624885068,-0.153410369808004,0.2630840860568547,0.05340220954868835,0.002851795984682021,0.6534186076415462,0.6375793829708213,0.4604310483330376,0.8715918780584653,0.7098640846823943,9.805670222352974,0.050308968700588,9.970210260196431,9.668228383536833,0.30198187665959786,9.805799279093549,96.15369950187154,0.1225240734930392,1.268119611909617,0.4192033566282187,0.6794247499814292,1.0291539385672432,0.03399422547887394,0.4200393127033819,1.0735503698204576,-1.28848043362418,2.362030803444638,0.4214126618674835,0.17758863158223798,4.655400191071479,3.281460306961361,7.272224793955487,4.525980740014952,4.068207762723675,-0.003008757045217236,0.35408651009578074,0.9485879243411621,-0.9513861408417053,1.8999740651828674,0.35409929292610365,0.12538630925076658,2.7062329338920685,0.8526823673887607,2.875861735619794,8.756413359100108,6.16045074185552,-45.16113770453385,86.78967260713802,0.8393855765007525,-299.99116414098097,300.83054971748174,97.83647392471822,9571.975630022069,8405.403324817962,6790.650585105655,4753.865427218344,2900.640272309952,1514.5181281638836,2
0.0017925417546178295,0.05087503103444333,0.15388802326688597,-0.11167813772659961,0.26556616099348557,0.050906600639775784,0.0025914819886976204,0.9259321861643994,0.8171494438226792,0.7586930127725647,0.25027235759093136,0.39539264640475785,0.0036943211834684253,0.05046256446338939,0.13462103433410638,-0.14363012328902597,0.27825115762313235,0.050597612801676246,0.0025601184212283522,0.59318475685984,1.3490769452435902,0.42675937081373566,0.8282603084739778,0.4776092300007407,9.79670871017948,0.04496760305730307,9.920020747598768,9.663163408242733,0.25685733935603494,9.796811911914569,95.97752363743119,0.43401646624861423,0.2469856608683887,1.103308856381096,0.74160700361013,0.5072925694233318,-0.04876849862303194,0.3711074993719435,1.2192782061110399,-1.1813946891766685,2.400672895287708,0.3742982000331309,0.14009914254804168,6.383253645297453,0.9423732092494277,4.630564550395504,4.078573667797305,3.9699730430624722,-0.003922939000274948,0.3971304638716674,1.0724265716630537,-0.935350543672247,2.007777115335301,0.39714983921100305,0.1577279947853256,0.5940769249441148,4.4400196296380425,2.425297801225985,3.255444320068323,10.155741542705563,-45.132200724213945,86.8611543197322,0.9986846268591199,-300.1036206080649,301.102305234924,97.88654489748357,9581.775671967067,8411.242191205529,6793.297411552499,4763.415739203728,2898.085133154652,1525.067998157099,2
-0.002892575072236707,0.049359248452555814,0.11186421924007778,-0.13613930227503854,0.24800352151511632,0.04944393186579784,0.002444702398349659,0.7044471568695155,0.6884190647366805,0.7183459245412989,0.25645120717038716,0.4302826900498497,0.002886763734224328,0.05128401749503587,0.13488628155471083,-0.14986766090355164,0.28475394245826247,0.05136520082009198,0.0026383838552883777,0.9117928508749858,0.8064303936162825,0.26100685561702863,0.48486448282780736,1.6096232991209063,9.80267725967716,0.05472594958365045,9.93224940310637,9.640055116005833,0.2921942871005374,9.802830019282675,96.09547638694956,0.5755208527152804,0.9119431813122089,1.5095841563387764,1.3065971636140437,0.6431830727755975,0.0049686055069033735,0.3161905888446585,0.9579021856248923,-0.8947625737210143,1.8526647593459065,0.3162296246631791,0.10000117551461514,3.5440339613020466,3.727635737932371,5.987875212173565,0.6947121198690777,2.2814081658736596,-0.012080695282712703,0.28979589262301036,0.9397304084573536,-0.6814484295489373,1.6211788380062908,0.29004758675031433,0.08412760257968113,2.3275087740566858,6.9040515213139315,4.644784495436362,2.9690830437036557,3.675785011869043,0.0072812330907346375,0.31467419294337207,0.8052173446102843,-1.089461644177378,1.8946789887876623,0.3147584217457639,0.09907286405988418,2.2762819231122933,1.7883807795768034,4.7845003797703,5.784601347573177,6.335063712865861,0
-0.00012028978496290587,0.04968108358624026,0.11951017070379542,-0.15060725364586758,0.270117424349663,0.04968122921119563,0.002468224535935358,0.6214985177498861,0.38031495594027936,1.1624506047357352,0.4424349977043351,1.3826379105359206,0.006354300176974105,0.05288305452372971,0.13953326090687487,-0.13084562867220303,0.2703788895790779,0.05326344512420186,0.0028369945864988627,0.7997571194947336,0.8142037536624638,0.25361234404711447,0.5933653939632131,0.6990702632765161,9.8041842598412,0.04738008048397223,9.991489108567043,9.683385703596846,0.30810340497019695,9.804298744578555,96.12427387294461,0.4994381585043722,0.33176898261144416,0.38016864646908755,0.46970918182134686,0.7191528389969829,0.0019491319938663588,0.3090080308665539,1.1115729639908725,-0.8342366750832412,1.9458096390741138,0.3090141780817745,0.09548976225555464,2.9034544619147478,4.137342660521738,5.121594556913372,5.380671605086945,4.911890594322396,-0.00352257174597096,0.29462050203243567,0.7666955829492842,-0.7773144547929811,1.5440100377422654,0.29464155974599027,0.08681364872954996,1.4962532969247995,3.7020337099729743,1.1485792986627725,6.377042229076202,4.348290747406934,0.0017842027662040728,0.30492518520309536,0.939470627424127,-0.8500418557397218,1.7895124831638487,0.3049304050937737,0.09298255195065294,4.2846876938966885,4.520754438023845,6.5141522671519585,8.53772612497831,5.656553295368301,0
0.0030486487438633205,0.04800448179530224,0.16146129845597787,-0.12453014380035582,0.28599144225633366,0.048101190542427986,0.0023137245315989637,0.11661294131251798,0.3922432250986714,0.6677761971755619,0.4927593530711526,0.5230978202868833,0.0016153805161669454,0.05028247390296385,0.13750757944117695,-0.14930003409432577,0.2868076135355027,0.05030841516102701,0.0025309366360142527,1.130377124308277,0.2788560994957707,0.6301381538482108,0.4839645486262295,0.6428514718449648,9.79966951077382,0.04775573859283875,9.945204218544154,9.656742428304963,0.2884617902391913,9.799785871689165,96.03580313095856,0.6599824525047012,0.11220173060115786,1.4877163950427557,0.6020673005232775,0.26106996493440193,-0.017592045759508915,0.35357289776696826,0.919602345632546,-0.8778759100114192,1.797478255643965,0.35401027401663876,0.12532327410933566,2.782075250160686,3.4517785904618825,2.262179855965491,2.698287740283319,6.577569016643946,43.87486941586704,76.38403092824436,249.88410981677598,-0.9767821569189804,250.86089197369495,88.08816235514495,7759.524347106374,7965.149957233682,5966.343895445468,3674.699028689901,1856.336514869131,785.3448789458488,-0.07559831404375834,0.39807441865244186,0.9208816327781666,-1.2522145721149276,2.173096204893094,0.40518927413214956,0.16417834787173824,7.0225166324639225,5.503532054344931,2.531957405437757,8.803183390041376,1.1977382440987538,3
-0.00404999759465841,0.04820625339835113,0.17149622281347243,-0.11145476331804911,0.28295098613152153,0.04837608238812624,0.002340245347222778,0.7480378735325207,0.696178298394315,0.4729950482006677,0.826411949515699,0.5631212744140447,0.0058667122625578536,0.045406045998438005,0.11991943584032703,-0.11100995859133769,0.23092939443166471,0.04578348311327912,0.0020961273259839145,0.802689756303678,0.08463785827243087,1.302876143589077,0.33413262884045103,0.5271780002807605,9.800004540547484,0.04758725721188722,9.93469248587828,9.694583731882279,0.24010875399600096,9.800120077927629,96.04235354180024,0.9964975814606806,0.8192318049767906,0.812217881095866,0.4288899419348959,0.621386829549227,0.005222357415747292,0.3824729441246531,1.020621970868625,-1.0880684661876532,2.1086904370562785,0.38250859598753834,0.14631282600435783,5.273899390949299,2.021969957453331,2.550110600349378,3.771695282031479,3.3535882684220315,-43.822796087085386,76.30711198200336,1.5644425240169935,-249.78897443741928,251.35341696143627,87.99552713589632,7743.212795924267,7962.235532096768,5948.719190349028,3675.818028692468,1861.1787630776514,782.0136510364644,-0.024097789615624164,0.3940619095897609,1.5061847269919086,-1.1827927893555328,2.6889775163474416,0.39479803957705734,0.15586549205388775,4.334622407889689,9.194179691894755,3.9576883997246184,5.1531534326718385,5.964033549225526,4
0.006628839549618393,0.05305281183512961,0.14039277470159264,-0.14012096621274614,0.2805137409143388,0.05346533790586433,0.0028585423573882535,0.45160633441362424,1.050006986994805,0.9681262716676878,0.20810556929279064,1.1380913276918294,0.006792588910056966,0.04721837239019716,0.13186967736563457,-0.14548806000476228,0.2773577373703968,0.047704443768692685,0.002275713955280362,0.7139649412692639,0.41095551100348654,0.5699224609166428,0.7731663658927456,0.7311596284746336,9.79946586145483,0.04811979992773731,9.959636404038116,9.661948552224832,0.2976878518132846,9.799584005709821,96.03184668496375,0.16202268097301248,1.173732847180757,0.6698512484956123,0.415111729386514,0.5119154179457057,0.006043562602906516,0.401963629497467,1.1238041925394169,-0.9447486740332558,2.0685528665726727,0.40200905970849976,0.1616112840877121,3.0864796739931104,6.853931264389613,7.200540336180992,10.941113373729,2.9334807977998554,-0.005908323510063289,0.4193029958720625,0.8482353795975968,-1.1256057819444805,1.9738411615420772,0.4193446203708668,0.1758499106339864,3.8235288556499927,3.7680971555368092,8.91831853867112,4.654769251554063,7.375854029941974,-45.116102616254985,86.79638001299618,0.9740384218940601,-300.41368360763187,301.38772202952595,97.82164534826067,9569.07429864089,8401.659487751538,6791.048325836608,4760.135940081683,2896.9608289641583,1529.7241334458279,2
0.006751039093033491,0.04817442191994873,0.12217363174169774,-0.11309120833566406,0.23526484007736181,0.04864515860963868,0.002366351456156904,0.5789952745039023,0.6915461501200353,0.3172425476326955,1.233475825263692,0.349869645120929,-0.007751055115376657,0.05112724920550062,0.1435737688680002,-0.16233191905550406,0.30590568792350425,0.051711453921959784,0.00267407446672297,0.49519410504760586,0.5445142718060301,1.5644920809858187,0.5459532020312329,0.9713622927096718,9.798907765779301,0.05195438292222814,9.953276294918796,9.676124818531049,0.27715147638774695,9.799045497402016,96.02129266015473,0.5446764558830388,1.1106641610051282,0.9327765425949222,0.9652578439589893,0.5365638744024924,0.02464954029668083,0.30871626936264207,0.7840462664803346,-0.7837099129542653,1.5677561794345998,0.3096987807628972,0.09591333480602506,1.3380025529961743,5.813729255688163,3.565595792488354,5.348400325776657,7.2252556755836395,-0.002073329308060331,0.31501928364452586,0.8322934377840286,-0.8025162084705953,1.634809646254624,0.3150261064774313,0.09924144776232989,4.258743736136365,3.0987501266161996,7.121338391788151,1.9604623574588007,2.094542507498877,0.03247555566910618,0.3155528712341803,0.8644793425346128,-0.9795903840048207,1.8440697265394335,0.31721960257864334,0.10062827626015242,3.784461298661832,3.4759619190078475,4.230078261741931,6.89248674617495,7.070857468009493,0
0.0011723521364173084,0.05277304448467642,0.12295138531907238,-0.179640320686704,0.30259170600577634,0.05278606476820751,0.0027863686337133986,0.8009308883252051,0.7874627819876826,0.08391253603937536,0.6452410765146602,1.1246311721293722,-0.0011482532304260868,0.0455965365724235,0.15455548848613188,-0.13717342970076812,0.2917289181869,0.04561099245666046,0.0020803626328815376,0.1277596297398191,0.34309050539564384,0.37804524645518994,0.7371130442270031,0.7082824906032306,9.802908502416189,0.0486298671344164,9.972988828445429,9.658127696769768,0.3148611316756611,9.80302912220101,96.09937997072113,0.9609608626496488,0.36671433786833796,0.391184771336294,1.1307314720030754,0.392384802943746,0.3553000141894009,106.17702888829923,150.74298655672303,-150.0665344175825,300.80952097430554,106.17762335655668,11273.687701646812,80.18753825220057,83.98636748930635,88.05701995613619,99.61504427872612,95.74289488419431,-0.5770416567963,84.67506933231017,120.49174797090531,-120.0978373644934,240.5895853353987,84.6770355143897,7170.200343505214,125.21285641874003,122.22068246458544,131.90109012753584,140.2447280830658,153.93457184405688,-0.44960263797303923,127.46125819210852,180.21986881342588,-180.86682241113363,361.0866912245595,127.46205114639974,16246.574482447424,93.55279349314928,90.36699810137284,96.75448321098476,107.7612553628203,114.06099736534594,5
0.002537848472854331,0.04942429614875642,0.16739641885506584,-0.1214014318588568,0.2887978507139226,0.049489410227554216,0.002449201724671148,0.3006298906112375,0.4205163265759649,0.3825681126085951,0.6163849082439802,1.058106704288141,0.00028914763880684923,0.05031814801327115,0.15833895106804413,-0.1216790451789529,0.280017996246997,0.05031897878377989,0.0025319996258424907,0.8158293128561782,0.4594171869802843,0.7557725420144605,1.098502431993068,0.5312350804222329,9.803525544486375,0.04850168821201753,9.930913669754075,9.670291453898356,0.26062221585571876,9.803645521700398,96.11146551515627,1.0640595703500704,0.8888744510785748,0.4360635809340773,1.1200088190498418,0.317155317678989,0.42344255858895363,106.13843521537059,150.14011409710176,-150.5003640147445,300.6404781118463,106.13927988057883,11265.546733567846,74.15759736695706,77.52893459313121,80.38193022693045,98.31620417010886,99.38962218424373,-0.6087874012714554,84.61406190619574,120.80347732233444,-120.42311686815887,241.2265941904933,84.61625195177031,7159.910094365472,116.45493437156587,128.53332370347593,128.93645221474046,140.58629353341914,133.59457498648717,-0.3997442286678674,127.4193055572792,180.8039676905243,-180.1299002446792,360.93386793520347,127.4199326014091,16235.839224147638,93.27878934261801,93.69583191107553,97.55865300380685,110.22220873796506,113.60704247587246,5
0.003361359209748397,0.05058790752158567,0.1342426488480529,-0.13358006542145437,0.26782271426950727,0.05069945880529164,0.0025704351231494644,1.6680370914612301,0.517345644559931,0.6012297507843549,0.9578008821848478,0.44515811330460214,0.0040116255241038215,0.052000539736147475,0.16175897213409615,-0.16772475658544508,0.32948372871954124,0.05215505030384204,0.002720149272196294,1.1395681337670633,0.8110139838762459,1.0031882897069053,0.6840768611403633,0.20979904903557528,9.807512382892494,0.053025952955155796,9.941916754066838,9.640126237782617,0.30179051628422116,9.807655728678307,96.19011089227641,0.37488430366603465,0.7879610832418347,0.14211941702218714,0.49251493461044327,0.5217033282008482,-0.012858320346499252,0.40577663768266126,1.2331615146777717,-1.1470364606137617,2.3801979752915337,0.40598031490600495,0.16482001609117894,5.090454904405196,3.1538852683158716,6.965116330539754,5.481856853108972,6.88522192254239,43.805631489500485,76.4069831214847,249.651199836102,-1.0740747547649314,250.72527459086692,88.07360796470623,7756.960419920764,7963.30162510555,5969.807343730631,3677.120154797323,1867.0644282500562,787.5056645634875,-0.03452344109455351,0.42350136472718,1.5512867511267716,-1.1255990403930272,2.6768857915197986,0.4249061942485577,0.18054527391079303,2.4988880203627644,7.3018429270072795,2.676563713698039,7.008038226637149,2.9199646505774943,3
0.003686257672730868,0.05567622879539851,0.16102458658376467,-0.1611010563876778,0.32212564297144247,0.05579812674729619,0.00311343094850733,0.6442162851990423,0.7042907300455679,0.7522135266332755,1.106285234802485,0.6311945595222171,0.0055883140277686386,0.051715240131047065,0.12213725944391918,-0.13729255201606935,0.25942981145998856,0.05201629855617196,0.002705695315484817,1.254518022499963,0.15098009262600787,0.9600149679773493,1.0724323336377246,0.5997807579943615,9.804130964155133,0.05254350308119205,9.97507583882907,9.626498004544509,0.348577834284562,9.80427176194242,96.12374478202153,0.4275900719826761,1.0790682350491183,0.17899951327204022,0.3454956610245553,0.5366762178588518,-0.016269775981097034,0.4294671187171863,1.315008281810838,-1.2338607134895536,2.5488689953003916,0.42977518735929465,0.18470671166971683,4.6185294179384435,11.737741157580382,6.102759343410214,4.386112873486525,5.017522816630126,43.90268200937658,76.3859889541308,250.15452985101808,-1.0431257716285292,251.1976556226466,88.10371613114302,7762.26479611703,7964.602350021868,5966.200321353767,3676.1247766138263,1861.3382405951234,777.249255044955,0.017107323228163038,0.3542526810479956,0.8671763976993013,-0.8921056351620035,1.7592820328613048,0.35466550796169305,0.12578762253772574,6.304311676354416,5.4170843406289055,3.075146183621346,6.487366031445741,5.944158790483731,3
-0.0009167100875414645,0.05207241734291673,0.14004314653712654,-0.14751654966143982,0.28755969619856636,0.05208048583989493,0.0027123770053194963,0.4288913412592775,1.05927875593145,0.5370719054683937,1.23522767194085,0.5101518206123028,5.4645369940764657e-05,0.04837880171224434,0.13617329054346963,-0.14522211207712193,0.2813954026205916,0.04837883257406189,0.002340511441229112,0.20011041105401198,1.000886751368771,0.5250896217643699,0.6378893257410742,0.5532906030416596,9.802033233543305,0.0497196372135663,9.934294670542956,9.610869224491234,0.3234254460517221,9.80215933117862,96.0823275538121,0.7219003489821905,0.7826454433976925,0.9639702330588614,0.32681004199661423,0.04908448185682172,0.04202293314347005,0.3702549270733695,0.9776004738367965,-0.8507101770032182,1.8283106508400147,0.37263204093594354,0.1388546379320867,2.400818597807552,5.483488765185744,2.7946417651031843,5.503543540305728,7.512014539059888,-0.02438990953988638,0.40069350930811926,1.1443029557803175,-1.0368014614968735,2.181104417277191,0.4014351206471847,0.1611501560890197,3.613883887079264,3.4250923475457884,5.16631357841822,3.8036077637522014,5.950987582270749,45.12034821259002,86.78362479741564,300.2983462799242,-1.1209803228290836,301.4193266027533,97.81228632336527,9567.243355803988,8406.401989472939,6783.706664999321,4754.934205867248,2902.415503311024,1525.1109754523238,1
0.005512313890955545,0.04786271365764968,0.14085001191992272,-0.13901960391651744,0.27986961583644016,0.04817909259322539,0.002321224963106586,0.5936697564563326,0.7514760517397013,0.8279863825033839,0.4530360901102974,0.8019424699749229,0.0016082133745904156,0.04821225930576661,0.15968513631699022,-0.1235488482520839,0.2832339845690741,0.04823907438606892,0.0023270082976246903,0.8400236025050827,0.3149115960837528,0.7063286433282276,0.6736270168365447,0.7970113063919695,9.79758968164931,0.047930954220813476,9.929620656558175,9.662511930825664,0.2671087257325109,9.797706922863815,95.99506094633354,0.9759457901858111,0.7045824511119124,0.9976120054970544,0.29301445667222126,0.2026812876812197,0.008092565950741535,0.4417714863602756,1.1290578839359688,-1.1440543189717445,2.273112202907713,0.4418456017486586,0.19522753578463423,6.319831326718991,6.70499895284483,7.818366312350293,1.2292295594799396,2.857554796262148,0.025292943892586902,0.4036064041497252,1.3324640220163078,-1.049065084202746,2.3815291062190536,0.4043981484643876,0.16353786248142488,4.17395645799699,5.1511003621872336,6.549144592141037,5.540583780793664,5.372635029553733,45.06852158218366,86.86391021494437,299.7561636562551,-1.2086329694822358,300.96479662573734,97.8596471250212,9576.51053543367,8409.791116477541,6799.015673187343,4764.657694712705,2887.772960852831,1526.6580384431595,1
0.0032463408753025304,0.049743904375681665,0.11915740412550575,-0.17195687996107656,0.2911142840865823,0.04984972168042287,0.0024849947516156217,0.9153173852662332,0.46174602884313504,0.3420587800087921,0.45909837025482236,0.7206671115641132,0.0029164036747710855,0.050708849222432864,0.15910244642631757,-0.10959412055428185,0.2686965669805994,0.05079264513546866,0.0025798927998576483,0.6824322801933869,0.7980998194828087,0.3080385676549945,0.3035667023936584,0.6530249310356876,9.800645105042664,0.05022396640161445,9.904852999345854,9.61883795755588,0.28601504178997494,9.800773791992029,96.05516692179782,0.7023008398466517,0.3119549689026219,0.7937294431444657,0.6094746815933956,0.7628960941698325,-0.01892859956484257,0.4173641693726384,1.1237666162746434,-1.1517751568805943,2.2755417731552376,0.41779318060207565,0.1745511417575986,7.5152949806319755,3.2760518131309904,3.809306520617363,2.844609122208802,6.786169725600401,0.02391508856869253,0.4063251344903452,0.8805956462470482,-1.372443232762132,2.25303887900918,0.4070283115212571,0.16567204637984553,5.6076568137037555,3.0115002129965176,8.168879440334132,10.814315270624235,1.092785251718628,-45.06104693095328,86.80842293356702,1.2074219444562995,-299.52771248159047,300.7351344260468,97.8069539589421,9566.20024272662,8406.553794918333,6791.291674875368,4758.742322797251,2890.9259151962747,1528.4631539591758,2
0.003076948682408488,0.05262389968714617,0.15588405646040238,-0.15223282696215812,0.3081168834225605,0.052713778383616156,0.002778742431476998,0.419526808892856,0.737679786327867,0.8848841900959513,0.7898252891335031,0.47910318397336804,-0.004094080194539637,0.05231903875654149,0.13961044339549808,-0.13869074699669584,0.2783011903921939,0.052478979687564535,0.002754043309047811,0.0648102843311781,0.04545120975594019,0.3413994981986959,0.7586459168057339,0.7365732620147796,9.801302429107315,0.05236466226468127,9.936095607395325,9.615581735428579,0.32051387196674597,9.801442310429573,96.06827136467902,0.915429191701425,0.638533293147202,0.9388326380986353,0.3818726928971937,0.9981216473182614,0.028099155849981808,0.3011217871063117,0.8595636069257887,-0.8550090327951546,1.7145726397209433,0.3024299807055849,0.09146389322958047,3.3488229255141344,0.9752304433172446,3.569031794228792,2.2249196879873154,8.21763919048005,-0.009060300406855251,0.31302330729956684,0.8978431710181923,-0.972454147598736,1.8702973186169283,0.31315440274123807,0.09806567995622155,6.425809056129299,5.3043554973813345,3.7600398738059573,2.3232228156805537,6.805154423527162,0.012074461103596237,0.3311085862358849,1.0132148757247936,-1.1509966645378107,2.1642115402626043,0.33132867139755456,0.10977868849006871,5.594643467585434,0.8635538328496224,3.5061403543158054,3.3874132202881864,1.1351941377072372,0
0.0007164381957456912,0.043381556209060944,0.1357205791484521,-0.1559728732788893,0.2916934524273414,0.043387471726389376,0.0018824727028082374,0.5089509899117549,0.31106601312397536,0.4598560247466446,0.2112207332272437,0.32700109429260205,-0.0041884010822749295,0.05793827032875824,0.14646748268158816,-0.17465716795033115,0.3211246506319193,0.05808946438308989,0.0033743858723142687,1.0040041070533672,1.5323170678255806,0.32366820160741117,0.5398555148407687,0.7452950704768435,9.797785760167084,0.04973441780333087,9.924719956623946,9.659922931650803,0.2647970249731433,9.797911987482186,95.99907931444713,0.5484896834647169,0.5208251164870294,1.0089698259280384,0.45131668833800087,0.4577919189278322,-0.012701198786358286,0.40390891272312124,1.1921101737628153,-1.3198060796023814,2.5119162533651966,0.4041085624281977,0.16330373022778455,5.978325871897131,3.852410994037003,5.393023379151014,5.715703603862983,8.30921264918192,43.84366385439349,76.38580877990779,249.94492741184243,-0.9604975475651064,250.90542495940753,88.07416558297722,7757.058643137688,7972.249797164961,5955.974709890309,3675.901153986827,1862.1443267343393,779.497846651337,0.01226690680568033,0.3863282427063547,1.530502069033141,-1.2876806263585026,2.8181826953916436,0.38652294642771123,0.14939998811515934,4.06267746126332,6.557579091898653,4.005404681368457,6.248989151572456,2.5037910239416017,3
-0.0014393869851724956,0.047474578573379014,0.1141604653788916,-0.10257595665021305,0.21673642202910465,0.047496394027473514,0.002255907445613022,0.8862730550924689,1.3704848807797219,0.4213035877366648,0.3871473194052342,0.25750979834333676,-0.0004575863448212989,0.051722681208754694,0.136411071730689,-0.12789038302444078,0.2643014547551298,0.05172470528369815,0.0026754451366854315,0.6890370941146522,0.1522972509589441,0.10099434130027869,0.633429154750712,0.49716579765656155,9.804637641795216,0.049417880588856565,9.940525733091336,9.643548745939006,0.29697698715233045,9.804762180380997,96.13336141382952,0.4879953695797905,0.73786009554394,0.23850655063495704,0.45101988163394274,0.22739649261333794,0.03535163439030577,0.38852841760046614,1.223974507575537,-1.0606783430901172,2.2846528506656543,0.3901333994125446,0.15220406933718805,8.165876814984765,0.9634216035297131,6.574980316117163,2.6879272185759553,2.7524721550467364,43.88409449454021,76.39706002572126,249.7622968984703,-1.1133716159701954,250.87566851444052,88.10405512903134,7762.324530179392,7965.616452799659,5961.8749314242095,3681.500442445167,1870.2928016906162,776.563618711746,-0.031242996050560235,0.3783745326750726,1.061172022617197,-1.167200591919373,2.2283726145365703,0.3796622338069654,0.14414341177929488,3.9268092976422877,1.4887479606510707,3.3694716908741142,6.629079872845391,2.9483914552639567,3
-0.005058086522136606,0.05082347243088318,0.12112621503487955,-0.1251216834148178,0.24624789844969736,0.05107454932936915,0.002608609589198162,0.26763050522572324,0.35968173333295456,0.56351292711916,1.0058603049381702,1.3438330770647409,-0.00013326542547504886,0.050656954403329624,0.16263676042884065,-0.14081470042055713,0.3034514608493978,0.050657129696565356,0.0025661447890946436,1.2701113062704894,0.66841905446197,0.10548366663204775,0.9277041097004103,0.8912754714131814,9.801558466760438,0.05010359932524928,9.926745405194215,9.63568187015615,0.2910635350380648,9.801686525694882,96.0730587479886,0.16257083637549602,0.5163059730415045,0.6309746426476143,0.5917051166059003,0.245188680124017,0.41774482752092296,106.27488746474411,150.58619530452847,-150.8071290471499,301.3933243516784,106.27570849627372,11294.526216384946,79.2384393050901,86.20939476461385,76.3503985483338,94.04449095370309,99.95254096025414,-0.6303299438235647,84.60359576274963,120.0041207465619,-120.9296666152268,240.9337873617887,84.6059438327168,7158.16573182483,133.8877851692067,131.39611440335364,132.55967699563334,131.86600966710566,137.93354005357608,-0.444793756856063,127.5252450993759,181.08492633448358,-180.40379447507115,361.4887208095547,127.52602079239372,16262.885979142035,80.52399810392774,90.40517446656047,99.91224067588281,106.02262824666661,116.32500255101901,5
0.005191463560289254,0.05114006980570741,0.14113190424383243,-0.13238172341467355,0.27351362765850595,0.051402899078071836,0.002642258033630438,0.568323465717394,0.33403863200008593,0.6068802987708104,0.7884714069935376,0.1499206088263273,-0.0040219724671472475,0.052025317189183955,0.17320808364085696,-0.12999287910682852,0.3032009627476855,0.052180550889787375,0.00272280989116169,0.8226862295533225,1.417179839582942,0.5049923476716941,1.1834378290920755,0.7725646069936382,9.804047131075388,0.0519436484462037,9.947677714954732,9.64599322219068,0.3016844927640516,9.804184733620714,96.12203829096147,0.1817800487594568,0.40939425612423974,0.8692753722541054,1.4237853720415308,0.44122744618359505,0.43135139311727955,106.23334400463891,150.48528778998872,-150.20052296708653,300.6858107570753,106.23421973371995,11285.709442432293,78.31752615002524,71.23600902924287,99.15400614320103,95.9087917078544,95.51967265723884,-0.6452123419599297,84.63651702623281,120.12749048903098,-120.37632275522948,240.50381324426047,84.63897632472887,7163.756313298014,133.72730875556238,134.75879328561794,126.94799782152076,143.02484671960613,146.85186562469698,-0.4623832737751593,127.46151197862335,180.19738110667572,-180.29860254672496,360.4959836534007,127.4623506537072,16246.650834168613,81.80252160622747,92.44306303511804,95.12368148358195,99.22006057648312,113.12307485917047,5
0.0013335200612821197,0.046521231212427766,0.13080168311346121,-0.11858870988743936,0.24939039300090057,0.046540339806172504,0.002166003229274005,1.0689286292669598,0.5865937355642723,0.5683780988506514,0.1475069117289916,0.2897813745439362,-0.0021444665980783883,0.05135626340935585,0.14880792490928857,-0.14296860247046628,0.29177652737975485,0.05140101680279697,0.002642064528361416,1.052625190512817,0.6717748674143055,1.0686425633598233,0.6087889232390895,0.819570291095393,9.791865178821656,0.04686429331859496,9.912135565673053,9.664877612036344,0.24725795363670855,9.791977325454155,95.88281994220833,0.38868570452976203,0.33618817872851925,0.1267907580719769,0.3386641679233009,1.4196657842565847,0.36901883543950675,106.18577652369098,150.12750843684583,-150.9524016768697,301.0799101137155,106.18641773240188,11275.555310840151,81.61204123596814,78.6515816040677,89.59296360266785,87.14320878053225,101.92896700125699,-0.6374219244529209,84.58214338031496,120.31241086342447,-120.11971231736446,240.43212318078895,84.58454519306662,7154.545285517929,137.47513349403346,130.3836506983261,135.84458205181005,138.57573175946905,138.90542810527648,-0.4609436414093335,127.53822910041669,180.80471201736597,-180.92193529988384,361.7266473172498,127.53906205986827,16266.212351110931,80.33583501226917,102.09854438397362,91.85869529920697,100.89238547260791,126.28382439839304,5
0.0013854687848618024,0.05100230912806249,0.14758341685151324,-0.11697536128901165,0.26455877814052486,0.05102112366606867,0.0026031550601482724,1.252054262818832,0.23717040524525154,0.26183966870745323,0.006426424418006818,0.4128737157860367,-0.0029397703119277974,0.04535489537055906,0.12962586325183864,-0.13173258620025635,0.26135844945209497,0.04545006912603382,0.002065708783561252,0.24908917710198317,0.5530806338792381,1.0200428623862487,1.0246054880210915,0.32064308023424404,9.803423485267754,0.05305812052909621,9.922110003501473,9.658752613995446,0.2633573895060266,9.803567064882731,96.10992719565341,0.42243672155290507,1.1595673733184135,0.6341060767936584,1.1447896606843215,0.8547872158710487,-0.02827926714820146,0.39666255774056086,1.109427472591433,-1.2502700645688005,2.3596975371602333,0.3976693370926694,0.1581409016637231,4.99486513290015,3.96280951409474,3.054549290989493,5.774830103618172,5.806651659078058,43.88333377123052,76.3535825788314,250.22746686147113,-1.0832145476745878,251.31068140914573,88.06597842242854,7755.61655549965,7963.807448123902,5960.334460597124,3670.748218916133,1868.7324225260381,774.4050963193055,0.013652197094188584,0.39117456163595016,1.3694047705990902,-1.122102634370474,2.491507404969564,0.3914127235496776,0.15320392015657633,2.775810481925521,8.178625021576616,4.449584872055266,4.656819137955267,6.306723392643323,3
0.0014662217940425207,0.047600130582174924,0.10221700433494592,-0.13938816172895016,0.2416051660638961,0.04762270716569387,0.00226792223778943,0.8907771052027919,0.41428102215572815,0.9356906941735652,0.3254425665264147,0.9687651365345389,-0.007324139776312973,0.0502248201078438,0.17948072393785486,-0.13397541662176313,0.313456140559618,0.050756039821170454,0.0025761755783282408,0.8063607185540077,0.7085485030620079,0.9682809966621497,0.05202100608912963,0.28457077085057303,9.80209614615737,0.045472778168530424,9.933265746670196,9.614004077537212,0.3192616691329846,9.802201621680076,96.08315663206751,0.40818306818759625,0.7219846050454862,1.5408693345442368,0.6998845610139848,0.48790292220145326,-0.008152442301966578,0.3908630790774012,1.125879751750907,-1.0088201267601302,2.134699878511037,0.3909480897783664,0.15284040890135364,6.97600547920183,3.804232911174169,3.3322351556402263,3.1198418378297244,7.65302283046901,-0.006559781942825928,0.43571003472369313,1.2022654580955194,-1.1665679186732807,2.3688333767688,0.4357594119443197,0.18988626509805934,10.869725510857945,4.9805467791488764,5.721616415959849,12.683034992972138,4.6743928329143545,-45.11961885054523,86.81721924932262,0.923212778756453,-299.7581493477292,300.6813621264857,97.84175776938714,9573.00956340343,8409.376266588864,6789.995148499814,4756.9886236775965,2893.678975480928,1532.0912338523044,2
-0.0012323928436774852,0.052583144944142714,0.1376721112189168,-0.15641511030299415,0.2940872215219109,0.052597584776659365,0.0027665059243378687,0.7335991896448847,0.24284739125166768,0.6705722450527362,0.10438828854734528,0.3008026730284898,-0.0013510900316313704,0.052941277783376504,0.1414094814553408,-0.1676830005151311,0.3090924819704719,0.05295851525118702,0.0028046043376102085,0.20914387056482203,0.44074811382987916,0.5928632677587418,1.2491820204998723,0.13880673855310224,9.799761822881441,0.051960075261323,9.910310899182258,9.651361120283164,0.258949778899094,9.799899572680618,96.03803163462575,0.6165010296060299,0.42420480641485114,0.36110193784388267,1.255692844858961,0.3468080136654309,0.033054875444149444,0.3883732943539262,1.168091812867443,-0.9358074706184794,2.103899283485922,0.38977742438210766,0.15192644055794965,8.78840836337472,7.4353704355467185,6.207785259577554,3.783118680261909,4.16325282111069,-0.014133654080141066,0.46701322244354976,1.0292636201956622,-1.2223362085457068,2.251599828741369,0.4672270434325967,0.21830111011476558,0.6386565123710741,5.161392019741638,2.800942302619175,2.1460702246219476,7.58759656142174,45.139258710864794,86.7974845731968,299.9646649833817,-0.8970263864269195,300.8616913698086,97.83330723838748,9571.35600520072,8395.614203826532,6797.201057162966,4768.06219900376,2887.934756527026,1525.738352664854,1
-0.005965489775411996,0.05153458717250766,0.11973048156721207,-0.11762328458165881,0.23735376614887088,0.051878711850828915,0.0026914007433013363,1.4493850634727423,0.6798286488828856,1.323309963238334,0.4083644322677588,0.8587560338097241,0.004938915336664846,0.049714992281834694,0.16798028975884702,-0.09585193918490459,0.2638322289437516,0.04995971719581313,0.0024959733422856263,1.6644380838025346,0.4475364121945698,0.5456912743859593,0.242938392839652,0.8032742934672177,9.79992440896783,0.04988625477696627,9.966799545170916,9.646861472409894,0.3199380727610226,9.800051380472407,96.04100705989913,0.16520579377879874,0.36603755616459144,0.7501444899647163,0.9460568349567099,0.43162671280436415,0.040306967176717806,0.4100227420199182,1.2156876706926951,-1.4649396088082307,2.680627279500926,0.41199915118421954,0.16974330057651738,1.5115154098292873,10.662870330010445,3.1267223432583373,4.451256641258787,6.11351360117254,0.012917398874571866,0.4077820638033352,1.010510034264796,-0.9295173420048576,1.9400273762696534,0.4079866060955826,0.1664530707533921,4.955449207220422,4.858042589473059,3.8657678631367536,2.8246390905024596,2.2254717556509767,-45.11764334705558,86.8066854053364,0.984356065564045,-300.44028384680064,301.4246399123647,97.83149989779955,9571.002372253153,8408.013854964376,6786.199545824289,4755.455891919358,2898.5961320335055,1537.9762254988968,2
0.00044842092779459787,0.05367114992882932,0.13700787778428078,-0.1304619455013623,0.26746982328564306,0.053673023168174155,0.0028807934160113595,0.7960978037881062,0.4946806867348336,0.25339767562425397,0.9364685689451332,1.1556135226780424,0.003460768564037474,0.047997616320375684,0.12946730288221095,-0.11178825557179117,0.24125555845400212,0.04812222035080908,0.002315748091491824,1.1129879626694652,0.37234533417439775,0.5728181182827209,0.5274808809078494,0.5705080391669946,9.796653087198846,0.04999060001051168,9.904711186954783,9.665255619303966,0.23945556765081655,9.796780632994295,95.97691077101211,0.2589270536934598,0.664828816266558,0.4797143649916185,0.9159668268191999,0.5185603179811424,0.006675690306040141,0.40282880969722856,1.221324194728099,-1.1909512906669841,2.4122754853950834,0.40288412076321417,0.16231561476314815,8.675341162583168,1.813133267332649,7.949992017047332,8.814751021208023,5.292340304348051,-0.0032832983251972502,0.41064748034737175,0.9847990338650963,-1.3654910318173084,2.3502900656824046,0.4106606058091491,0.16864213316353735,7.634975073028174,2.622030565375317,2.419090825648906,3.7985635421839556,3.255813466547468,-45.08022737634846,86.81605194672404,1.2111053547304018,-300.07259357076816,301.2836989254986,97.82256271392383,9569.253775919562,8403.763115171902,6791.414191872789,4762.201971336626,2895.767025590309,1531.6052085663516,2
-0.0006906505965092391,0.04794067333091417,0.1207924893541817,-0.16016728046023432,0.280959769814416,0.047945647953363646,0.0022987851576678838,0.13591705121293624,0.63887536358063,0.4387540650249768,0.5570357079121391,0.5415442509027988,-0.005751407759306704,0.04940783889534122,0.12362357702266752,-0.13930738438902673,0.26293096141169425,0.049741463946307476,0.0024742132355218068,1.2686535520904167,0.5263158095581011,0.2471913646815473,0.6965851656296038,0.37921884399151845,9.799261231749108,0.044968407735915435,9.917781448454424,9.654131856934848,0.26364959151957557,9.799364410294952,96.02754284575535,0.5394444533726287,0.2808418494201917,0.46861088683195884,0.16949181947562755,0.7066480679248424,-0.008435370592816937,0.31553017200956884,0.7873880037488231,-0.9241796181521782,1.7115676219010014,0.31564290729466155,0.09963044492542629,6.930583679360767,3.4198392884978293,2.969999307098899,4.330542862001483,7.522757878141549,-0.058802782630857725,0.31372657457416236,0.759157406736082,-0.865725073105246,1.624882479841328,0.31918980378321826,0.10188213083916936,4.712339204992096,5.072216916915894,2.1369620651053864,4.936942246793462,5.178468792385892,-0.0194749001416428,0.31438856922677794,0.8692616970365804,-0.8781179527525707,1.747379649789151,0.31499118114002417,0.09921944419598751,3.901430950442557,3.45642571037466,2.5437580170820513,3.240287811370213,0.42436859102244623,0
-0.0014123025754222088,0.05096735742531986,0.16745741336587394,-0.13217563656337325,0.2996330499292472,0.05098692108261541,0.0025996661214848517,1.192177907376036,2.079194059603803,1.6633762491655602,0.6728100639787222,0.5825794044867608,-0.0006573304209463604,0.05157460434636202,0.14745638439164951,-0.12256725347600672,0.27002363786765626,0.051578793091406144,0.0026603718967660862,0.6157583433690976,0.45427801143324087,0.3355653162871629,0.5529955859515373,0.16103619487775328,9.795685995276799,0.048134486122233956,9.914410253803467,9.694714149586243,0.21969610421722408,9.79580425727343,95.95778104681624,0.7742703421213464,0.5849436855326309,0.8674259237323467,0.4966162200279011,0.49136106555262893,0.00048069661559530853,0.3643062406480052,0.9821956057242535,-1.1690339948064157,2.151229600530669,0.36430655778385124,0.13271926804431852,5.260088535853305,1.8306206209361364,8.396877226712244,3.9704073951890773,2.5753030061346722,0.035179657644567916,0.39022573489674717,0.9533894876345919,-0.8953833607667865,1.8487728484013783,0.39180828537397655,0.15351373248769543,6.455283745498741,2.890059475703032,5.366559228017174,6.24754604016135,7.0984330936681,-45.17274419256904,86.81307490176593,1.288581882167893,-300.4889780032146,301.77755988538246,97.8625913809097,9577.086791786904,8404.638780270789,6790.592149760687,4760.230725852357,2899.0845481138217,1526.941477289159,2
-0.0022923568989269157,0.04892140926933536,0.10649451916765579,-0.14087994142753887,0.24737446059519466,0.048975087391957446,0.0023985591850498693,0.35070567478200254,0.8095751981349998,0.4119096752967664,0.8858764167309074,0.6999331810914554,-0.005903101528127929,0.045691498299246354,0.09879360090925812,-0.11322033938027427,0.2120139402895324,0.04607124509367442,0.0021225596244814193,1.250778443339285,0.419915266180491,0.5463873253660321,0.346543922947662,0.10548286830603622,9.80482950457678,0.05063819258964781,9.954131565525733,9.670111048576128,0.28402051694960484,9.804960267148871,96.13724584036808,0.7356650739010703,0.7174458841615827,1.0585668908443135,1.1565900820859014,0.9297413699332858,-0.034921691189102405,0.3822830015700287,0.994343838949249,-1.1074018731851056,2.101745712134355,0.3838747423377808,0.1473598178048976,4.553008627890191,4.880242257937089,1.3601726728447343,0.6511263284103492,3.7632210610122767,0.03247643214033245,0.4144576966104135,1.019425228509009,-0.8930474300387152,1.9124726585477243,0.41572815748295805,0.17282990092417516,2.7119595677948314,7.965500084152303,5.172879145781995,7.059153752256421,6.865250798680869,45.116113748425306,86.77611795025925,300.27038398268564,-0.7915796592303441,301.061963641916,97.80367256027841,9565.558366278156,8398.121708881816,6789.219824581626,4762.002649649129,2899.3108304155953,1524.8269138325902,1
-0.0036095722728128623,0.0486619983240903,0.129739251599945,-0.17309297494266618,0.3028322265426112,0.04879568723654199,0.002381019092886427,0.3707428015697802,0.455162021894438,0.8911078759570971,0.47238692325593573,1.0057629801694488,0.0021241945519589103,0.049067823416473956,0.11646415131441219,-0.16097143221860322,0.2774355835330154,0.04911378113447224,0.0024121634973248416,0.8817830087321836,1.2585404873278867,0.9140901214432915,0.23304700891381228,0.9826002204674418,9.798378361076859,0.04460249034447311,9.951826335355257,9.67611411237489,0.275712222980367,9.79847987643819,96.01020788896417,0.48230327759081776,0.36778928364067104,0.5166623513191039,0.4865099645607831,1.228371443849542,0.018898595702196666,0.4089053257920695,1.2431218433132405,-0.8861185616972842,2.129240405010525,0.40934181606651626,0.16756072238063363,6.384415281044395,9.051048256933818,10.16788094989486,7.697642153533561,2.1683086246337764,0.010710773589919032,0.4184902708369508,1.2179440217324986,-0.9434910389230325,2.1614350606555313,0.41862731331827713,0.17524882745607895,5.532114616071483,5.027062454410771,9.21756289459395,3.832415318600278,2.5574160886583854,-45.08308477122173,86.78829863709987,1.016699015549321,-300.40515033822084,301.42184935377014,97.79925006262367,9564.693312811596,8405.067940887468,6789.41553854753,4757.414423153709,2889.238792743443,1528.4073655161249,2
6.633562176049302e-05,0.048223006328259425,0.11483818519780922,-0.1200757242033107,0.23491390940111992,0.04822305195391581,0.0023254627397500637,0.4156427667961783,0.7209806194563484,0.42122264674228227,0.8188467409838678,0.6938123439057594,0.00198377066289701,0.05106469268045174,0.1230199960758788,-0.11638635756132808,0.23940635363720686,0.051103211098637934,0.0026115381845919516,0.11451386808971076,0.12039383491945167,1.5570468905598316,0.2597767842048773,0.3494724447149816,9.797882878466435,0.0447996826175947,9.91384328363221,9.65867994214765,0.2551633414845593,9.797985298606461,96.00051591170835,0.3861238380730796,0.7172824737845768,0.3363556771125681,0.25837539420947203,0.5549388096151342,0.4039492720659399,106.28091745522937,151.05339774084848,-150.13924936734594,301.1926471081944,106.28168511149832,11295.796590139684,78.36708217627539,86.25971817858948,88.88249053539074,89.11198510966807,108.15875672258619,-0.6658357089996753,84.66476695715356,120.49383349176122,-120.86280514230558,241.3566386340668,84.6673851084377,7168.566101100499,123.7667602927704,123.00639348208502,135.21021187591344,132.22449434310235,144.2691432965274,-0.42577854622105266,127.49783278750233,180.78834996302518,-180.67614997807885,361.464499941104,127.49854372846903,16255.878652880328,88.65862634450073,84.6797118641946,98.438166181182,104.83439567033558,118.08322174021002,5
-0.004695934220528044,0.052591552249749554,0.13258713570071584,-0.14726513445938785,0.2798522701601037,0.052800787553233176,0.0027879231662416635,0.5656744144439666,0.06459167510838856,0.536051660964436,0.31809480989224886,0.7841107267442731,0.00040789154921473116,0.05138445552339582,0.11804536441513291,-0.14904494350919628,0.2670903079243292,0.05138607442636345,0.002640528644951764,0.9852759262038437,0.571074718683404,0.8992445942519219,0.7025388682030319,0.864865381142021,9.801714478448469,0.054740305444389854,9.93606988784163,9.64000459256572,0.2960652952759091,9.801867333221077,96.07660321806648,0.11624868493021351,0.9672196754523064,0.5198950560751071,1.1491864249888255,1.0014208979775883,0.016800279864325564,0.4105325291739468,1.3190441081832964,-1.064786923701427,2.383831031884723,0.4108761454665836,0.16881920691347713,9.652382611601235,7.0143354486740215,9.228977782341737,4.047508333422817,6.549440439574643,-0.029376779940062513,0.3653412761039151,1.0701986159430896,-0.9462677467608205,2.01646636270391,0.3665204540334468,0.134337243224884,11.627627528271972,5.7766107104682405,3.1610117635508734,5.381284194429826,3.125632491304566,45.12017978691853,86.78955692419207,299.3650212349523,-0.7238512361154047,300.0888724710677,97.81747193166171,9568.257815101428,8402.278415773326,6793.00235468518,4761.158267343272,2886.311987818537,1524.8653489165756,1
-0.005604566946784739,0.052671634672975066,0.12426966096708346,-0.17849843381958586,0.30276809478666933,0.052968974596308185,0.0028057122697843417,1.2822586368797928,0.5212906294729304,1.1695817375070228,0.4170003599594261,1.712164719471595,-0.003627227990621314,0.049949600666820686,0.15078769115310836,-0.13255459841516987,0.2833422895682782,0.05008112807905589,0.0025081193896708,0.23089698686778137,0.2809418810385632,0.8127941019686363,0.8724968829027772,0.5421769142987267,9.799539445873569,0.04816498496129269,9.933018847089844,9.675637390714773,0.2573814563750716,9.799657811220163,96.03329321700836,0.5224202485585161,0.9860142430917819,0.05758358742002516,0.7610131205910129,0.1863450752788151,-0.03150812860486825,0.39019662818726014,0.8644926438681368,-1.092495620380347,1.956988264248484,0.39146669183582894,0.15324617081688785,6.5037332446790685,1.6828898729627007,2.016732021910354,4.23416427945225,4.31905512572501,43.855322621620964,76.35809295032459,249.90126266989026,-0.8366753492700968,250.73793801916037,88.0559349575988,7753.847681256869,7961.907346213513,5959.346570597516,3678.451733376267,1868.610793956541,774.3402657086857,0.04056425986142255,0.4065991945660644,1.1201133261480474,-0.9747467408452135,2.094860066993261,0.40861762590455797,0.1669683641998773,8.112479442677037,3.5518632761444926,1.282057832661118,8.413990905531003,0.8374630546555737,3
-0.0002994861525695478,0.05136805508437472,0.12289214219981195,-0.17029362634442435,0.2931857685442363,0.05136892810938278,0.0026387667751069364,0.6816623262173535,0.18588374459223458,0.07447525481612664,0.6005692320137315,0.14245344859797038,0.0008052817099165704,0.05024213995148984,0.15137591878290974,-0.11891543125885946,0.2702913500417692,0.05024859307022852,0.0025249211055374176,0.7117989873265224,0.3513836927693637,0.6571233422248295,1.4228292629142973,0.10629051133126784,9.799132447941307,0.048063593129915094,9.94789014638934,9.682786572207178,0.265103574182163,9.79925032037047,96.02530684128077,0.4838435239736306,0.8303426594628261,0.9144882084227691,0.6573470216203862,0.14585299710151792,0.00324351837952775,0.4055359361429741,1.0730305649610716,-1.516968882363334,2.5899994473244057,0.4055489069333522,0.16446991591483676,3.687687758272702,3.980728438090727,8.46916730484462,5.006380586537633,5.493770721053329,-0.018861015187808552,0.381604893166458,1.112353265753364,-1.1410358504698053,2.253389116223169,0.3820707164681672,0.1459780323824986,2.6762678352704827,2.1741374109656757,5.153918828908355,7.534767576104772,8.79723625749806,-45.12240308296088,86.83357588279932,0.9920766768255059,-299.7552936568516,300.7473703336771,97.85755545983697,9576.101160575068,8411.81409674394,6787.850458462884,4761.343571855588,2896.912055298843,1526.5491738018732,2
0.0034978094657592803,0.04697299916942369,0.11271911970179696,-0.12083668250727977,0.23355580220907673,0.04710305002894648,0.0022186973220294347,0.12494694662991643,0.40983477896910603,0.6033375841054321,0.1273557857261576,0.058093106125785735,-0.0032988109865906947,0.051265892812193035,0.13658295002203222,-0.1226413677343987,0.2592243177564309,0.051371917618057795,0.002639073919756517,0.40314960871098937,0.4380403503539717,0.2167699323814629,0.25065591203881943,1.2077357993997906,9.80243119731635,0.04983416541322662,9.941626984058697,9.681011088916245,0.2606158951424522,9.802557871400877,96.0901408221633,0.6435935995925642,0.49940763647315656,1.1025412895629796,0.571636538914606,0.7193949400614547,0.014512448772125666,0.2777519334366848,0.8540956346262694,-0.6798833066928485,1.5339789413191178,0.2781308104061472,0.07735674769718019,1.8894422782029612,3.175919644871176,2.059777232923963,2.0175028377239346,5.583435133342604,-0.01364163453417868,0.3017691705442803,0.7514004435250414,-0.9200402192518298,1.6714406627768712,0.3020773518219249,0.091250726483747,2.8458518558260866,4.4287232083796395,2.5323543403571707,3.125265200767311,1.925557379993104,-0.013641344212944282,0.29000033298615885,0.9840898769067353,-0.7906329257109411,1.7747228026176765,0.2903209937362764,0.08428627940401905,1.7625090873920801,3.6566533336343965,1.3150768403017667,3.0141944407239167,5.037343719016728,0
0.005445247892024603,0.05041315891861837,0.14751737769001225,-0.12945687070238543,0.2769742483923977,0.05070638339262098,0.0025711373167594687,0.6079349471856028,0.49864493821593414,0.6558680481960595,0.3623072784842184,0.5109469951349194,-0.0062248868006892335,0.05231801034387084,0.1587297458218967,-0.13170194264775456,0.2904316884696513,0.05268703276920016,0.0027759234220227713,0.26259613908277596,0.8117349542236886,0.5515605037084647,0.6103099029354323,0.651081395339874,9.805312266521922,0.04756115370487302,9.968761398027755,9.661452031844018,0.3073093661837376,9.805427614711506,96.14641070734699,0.5142794221411645,0.5995748487385263,0.2966809732488104,0.7553804282803812,0.49040189500617903,0.3921125917755211,106.16819982797479,150.98597196443262,-150.65955084511276,301.64552280954535,106.16892392313964,11271.840406997413,84.69834811480207,73.63494751099155,82.48598437073929,96.9461586050363,104.00908631863865,-0.6515489226407526,84.62621104669574,120.81025169916543,-120.73857842301726,241.5488301221827,84.62871919223689,7162.020112118484,128.08163050414822,131.13533518941023,138.05025825930565,151.16191598899798,146.08601859889646,-0.4123335577871353,127.55087853147077,180.3560424659248,-180.40481119023593,360.76085365616075,127.55154500480538,16269.396633112892,89.2533928918707,93.10669713784202,98.81888594017354,105.92225730823529,104.97278684636707,5
0.00577536052143258,0.04717712554123389,0.1260009206163626,-0.11177297727724488,0.23777389789360748,0.047529316884275384,0.002259035963485865,1.1601496225657761,0.49035981910142945,0.22172316596176742,1.0114010333024828,0.5493582071306197,-0.0013244689188755669,0.048636692118740915,0.14370458296969998,-0.1104460979705738,0.25415068094027377,0.04865472267077742,0.0023672820381702617,0.2368370330149963,1.0134472051830377,0.8059343167166878,0.3756064400232541,0.5390840718475368,9.792353126254381,0.04975876085446157,9.90989885973616,9.661771090374414,0.24812776936174608,9.79247954726206,95.89265568354574,0.8427130317982495,0.35689094393512216,0.6489193854657661,0.4224455532568664,0.15931991742998997,0.40994785126179834,106.17200117159308,150.45975657211775,-150.87209571597188,301.33185228808964,106.17279260724716,11272.661890021516,77.14763258471496,80.87491615879306,84.5399682710631,95.59963486937117,101.32743832496774,-0.7522401190477332,84.57623202945888,119.8536045160764,-121.27218956869513,241.12579408477154,84.57957726010204,7153.704889497571,118.81170440505811,127.39203051322731,132.71688909038002,143.357425459499,144.95005110988032,-0.4977209898132435,127.45304164698734,180.86022056386958,-180.29862407303636,361.15884463690594,127.45401347643941,16244.525551252398,92.26232133626112,94.21490255331075,107.43161396807004,106.19093137611225,111.58797002780912,5
-0.0009968795462856866,0.04843933230310224,0.13216540895455223,-0.1392093299920609,0.2713747389466131,0.048449589088042505,0.002347362682800167,0.4047300507666264,0.6700947068513474,0.7440537621565023,0.7345730611241474,0.7118362367051726,0.005638111204532278,0.04902231470492514,0.14439579387837517,-0.1452637491620353,0.28965954304041047,0.04934547230479604,0.0024349756369833925,0.35108555023881294,0.8620067356367017,0.7474464713510918,0.48603097688344415,0.832982059470541,9.800253917416812,0.05240890220561924,9.92700512977024,9.663663797362885,0.26334133240735547,9.800394050183593,96.04772353887398,0.5212727344214947,0.2782780106799103,0.7415521449851525,0.520119693650984,0.5104878513284846,-0.040066484772641714,0.406398524471851,1.1603450182929258,-1.0289680805249402,2.189313098817866,0.40836880867046393,0.166765083894934,11.341645312809158,2.2926296764979406,7.443551599181473,4.265439794746354,7.16261694020915,0.031075781976634156,0.4065056395013732,1.0116399141070551,-1.0535396085026538,2.065179522609709,0.40769172075464044,0.16621253917187973,4.285007086088812,3.5137839409505696,2.8547069143432937,1.8744277504146107,3.518668637709084,45.10884495692961,86.75885456164738,300.249896428172,-0.8544057940048986,301.1043022221769,97.785002624111,9561.906738197396,8399.585256782375,6791.573599545263,4756.7405493573415,2888.306307298555,1522.6901681736529,1
-0.0005108708333786473,0.046896719458018654,0.14759569017612498,-0.11766283474219673,0.2652585249183217,0.04689950196891756,0.0021995632849325024,0.14206718879028177,0.5246519492992014,0.3917359817314355,0.5699907372336311,0.34670314514751344,-0.0008781729808251957,0.04867435547012449,0.11782932066535692,-0.1317085136741715,0.24953783433952842,0.0486822767361623,0.0023699640682162894,0.11074474468838791,0.8042825405170693,0.6953098927633959,0.5669494891863437,0.8268240125355232,9.805590729859743,0.0482173056027343,9.923084825488603,9.67478822565474,0.24829659983386243,9.805709279295963,96.15193447007094,0.4378158897819335,0.5013578679188195,1.227226234197105,0.9029137178327832,0.3459783278115414,-0.02246919202439919,0.3098254728421783,0.8001944979348544,-0.6553066062094058,1.4555011041442603,0.31063916078322884,0.0964966882121087,3.0321212669136615,3.3065825166538168,7.328986424041935,4.686357302056116,2.6034043923148533,-0.0023538422302268147,0.3187799494893126,0.9017233277956808,-0.8377825482996804,1.739505876095361,0.31878863964961723,0.1016261967696535,9.097284335814047,4.95019529785309,3.7040336455328267,0.8671449368631954,4.400997756327763,0.022937766309353905,0.28574185207461494,0.7813964720146607,-0.7462269705690542,1.5276234425837147,0.28666103179590635,0.08217454715029364,5.864053004675619,2.9547520838533576,3.101296888889223,2.18676924778679,2.3684053299087644,0
0.002368329782548062,0.04769577711208495,0.13368499338713075,-0.11952866766531606,0.2532136610524468,0.04775454052008657,0.0022804961402845903,0.8600808872149296,0.5973779479264554,0.8089085636360649,0.6044714377312834,0.8889984085766669,0.005744378612334102,0.04823108021177429,0.12772789564850295,-0.1087689810610456,0.23649687670954855,0.04857195676557047,0.002359234984036447,0.5060626379046433,0.8667575035241698,0.1984470209965559,1.0059375623921663,0.7621512192054501,9.800584429742933,0.04777728133119367,9.931997485121947,9.655703784676627,0.2762937004453203,9.800700884790384,96.05373783313102,0.5775074598981373,0.41970668197844957,0.3926185951605673,0.24795684792518968,0.6055158339560419,0.040249209755569365,0.42823295597050876,1.2750642370943062,-0.8545025818236178,2.129566818917924,0.43012028952978665,0.18500346346518748,13.890411937257293,3.0685700499613264,1.4013302192590225,6.683525890956663,10.31085809218335,43.865170159058295,76.36453881869627,249.7548073320083,-0.9741286639955136,250.72893599600383,88.06642914343301,7755.695942075308,7968.18930446509,5960.857976492156,3668.642479536719,1859.5383164954224,781.0219864279358,-0.0008611595288934293,0.40382482268632247,0.9058205069564882,-1.1934581518121439,2.099278658768632,0.4038257408999258,0.163075229013374,7.297753075523917,3.865987815690195,2.3611246706740676,3.607826111763753,5.070091236476875,3
-0.002128482534272361,0.050733848383327985,0.1399733315264491,-0.13486604528799873,0.2748393768144478,0.050778477819655186,0.0025784538096812137,0.8706125310445173,0.8586804162588948,0.7409335723609622,0.39897034400964987,0.17028373046039358,0.0022987871759324336,0.049182017564866086,0.11273750883317286,-0.1315681827461219,0.24430569157929477,0.0492357113712296,0.0024241552742310275,0.9679771584810911,0.7779354647495725,0.5348496016748846,1.0748795331946654,1.264076419188874,9.79901761809371,0.04704146272912809,9.985693848388129,9.676522252624368,0.3091715957637611,9.799130531783247,96.02295917892661,1.1519924897451828,0.6183067921048421,0.7130170178162105,0.7383771269207683,0.766945555471371,0.3951441029607611,106.25480657819176,151.163230183192,-150.47066439165232,301.63389457484436,106.25554131352891,11290.240059831049,88.69078651379526,76.08355584527189,80.52017548735738,97.83081816016887,105.43171006301083,-0.6518507146573432,84.60126294937,120.39805072819044,-120.0310841553575,240.42913488354793,84.60377415921022,7157.798601982646,125.0947026642408,131.6280697759042,127.05699952706712,133.45206779042817,138.79621796300577,-0.44018725880498066,127.54546628385904,181.06106299365075,-180.7771517828123,361.838214776463,127.54622587277852,16268.039734389838,91.92932751525274,93.12937418511818,102.65787546253868,106.39517060617374,105.81028997627153,5
8.598572508810077e-05,0.0494010384763837,0.1504043084646886,-0.13886856723306967,0.2892728756977583,0.04940111330820452,0.002440469996090062,1.0893178334943336,0.3547613067207749,0.4878394147856944,0.8178299002206123,0.8950766446863023,-0.0018923069317621328,0.05240401052479521,0.1264792503317361,-0.13241322290554688,0.258892473237283,0.05243816496223759,0.0027497611446068424,0.5023234118212059,0.4580218061011089,0.16235218286847872,0.8392047483140526,0.762037172837698,9.799511098959321,0.048493077650197856,9.917862205567495,9.661701772455913,0.25616043311158165,9.799631082709537,96.0327693572069,0.864363820954848,0.9814272095898007,0.5302888256045326,0.8931020001271396,0.5195640665445139,-0.003251930437410424,0.41325949098689096,1.387092167387902,-1.2408681172007185,2.6279602845886205,0.41327228547570666,0.170793981942314,5.994449074180462,3.6844703411519064,0.9058927108678239,4.54315240320132,1.467605668737431,0.0629294833687681,0.3983629257862576,0.9904723238568593,-0.9846031763766844,1.9750755002335438,0.40330279011934383,0.1626531405180475,9.995728702603891,6.04850908994626,6.003750701790525,2.189058603548404,5.3981993471713325,-45.16792440279962,86.75045515070379,1.0207123532515636,-299.6728547074524,300.69356706070397,97.80482024783487,9565.78286371129,8397.734581124621,6788.367551811345,4759.015570652286,2893.2689986926916,1522.5629524612673,2
-0.00644469553442971,0.0467392989706736,0.10464284620427311,-0.11511068397776224,0.21975353018203536,0.047181523595593106,0.002226096168801509,0.3836211368246689,0.5921927703898109,0.720172854768446,1.2207938012397261,0.314114315166273,-0.0004975543196281737,0.04917977527655435,0.16772866945831888,-0.13289816302266208,0.300626832480981,0.04918229210349358,0.002418897856553367,0.9047404230583027,0.8044440696968536,0.6694423782749943,0.2976716188793315,0.3686079161052678,9.803054462326276,0.04976852669978131,9.943103894656142,9.642045599322739,0.30105829533340334,9.80318079490453,96.10235369758502,0.3399867577148198,0.249562348070464,0.8926481980468681,0.18200806707669712,0.7515209943192676,-0.014747590600538575,0.321412218172806,0.8554222935854835,-1.0282725305265867,1.8836948241120703,0.3217503774967242,0.10352330541928452,1.479551912187309,6.910053437252843,7.009628268839154,1.0440756574032892,9.627454695377354,0.01075743381046364,0.2825969029682736,0.7699096718426242,-0.7472255214902462,1.5171351933328703,0.2828015769925025,0.07997673194944634,1.2651373066725722,5.265657902266386,5.7074312890666326,3.9477440968595325,5.0959804875040415,-0.005329873033988611,0.31596276398906814,0.780550256351448,-0.7025392331607264,1.4830894895121745,0.31600771473837475,0.09986087577417002,7.343186795941075,4.126073331117893,0.5865612626299288,2.535573681794864,1.6085709534343753,0
-0.000498952465224078,0.05035696291348992,0.14444231130998295,-0.1158290547851584,0.26027136609514134,0.05035943474100114,0.0025360726674331525,0.2777585405501304,1.0471028314414008,0.1382769291667189,0.819211521157946,0.6931896943844664,-0.0005879527087556481,0.05285529325859295,0.1317504919489134,-0.14478141384239804,0.2765319057913114,0.05285856329715739,0.0027940277138395943,0.822331224553615,0.5320798566952625,0.9327507894126761,0.4151917789418924,0.5914158589497217,9.792837046549147,0.04508070295910524,9.915428595649942,9.678891701062653,0.23653689458728877,9.792940809074908,95.90168969004473,1.277805101705466,0.3901994439888122,0.11189323649779725,0.8282074410227971,0.6529018982721191,-0.031817130734831445,0.4074908668216219,1.0588579131507283,-1.2959177330167104,2.3547756461674387,0.4087311296576689,0.16706113635123415,9.324212603976372,6.3903229512172395,2.458831959971446,5.766030752904969,6.878455996722037,-43.84984751808863,76.35311575327722,1.0760703801336051,-249.85209109957395,250.92816147970757,88.04889217129863,7752.607412592974,7965.419828964158,5956.040641896271,3677.1651034535425,1862.008452551524,776.590313685916,0.032692281338681795,0.3964431074661601,0.8931742556997317,-1.1447493511340692,2.037923606833801,0.3977887915924139,0.15823592271655293,8.37550485133088,3.4548683141668244,4.876269240539665,7.264828757728577,3.7139713007290105,4
0.0013045677996724775,0.050021672311182076,0.12719085486857545,-0.16116991021484944,0.2883607650834249,0.050038681017301224,0.002503869597951222,0.6581929010557714,0.7523690098915161,0.8849106238767193,0.5803732356905494,0.20038754951965182,-0.003835640408216283,0.05198655928548511,0.14488962326745797,-0.1216104773363022,0.26650010060376017,0.052127866671142414,0.0027173144836844,0.396821235493246,0.8897563060075288,0.7673802407038124,0.6595205986744701,0.8255531136964084,9.801572216001473,0.044870188045940874,9.913573872506717,9.673205845525509,0.24036802698120852,9.801674920097447,96.0728312392673,0.36773692988795426,0.3683279817964478,0.6852686934429864,1.449701413291137,0.2894527192682736,0.024209197014800638,0.39732554130983105,0.9287071940446734,-1.0514570434528525,1.980164237497526,0.3980623958593071,0.1584536709972517,4.62818784335757,4.283333244896169,4.641764182345491,4.451237888420622,1.268629074518533,43.848519955018,76.34079861213351,250.35619407433674,-0.918369632657248,251.274563706994,88.03755014187945,7750.6102349839375,7960.962951750547,5958.8880105038115,3672.846994762397,1868.1811787688796,780.8198541860183,0.014959122128448426,0.3801015013685737,0.959167411344709,-0.9616538971486559,1.9208213084933647,0.38039575007812276,0.14470092667749762,5.703396916240939,3.0895553039798678,4.235254487223057,2.6750294353628754,7.456694302800323,3
0.0002938170823155384,0.0543287125482669,0.15118713714710288,-0.14204731296359782,0.2932344501107007,0.05432950704387142,0.002951695335630074,0.157697621783516,0.6996124803001811,1.0371805077962073,0.6947830100399909,0.1640136074735033,0.0029849461887902413,0.04961325305882246,0.12580776515029574,-0.13745635831183883,0.26326412346213457,0.04970296553354466,0.002470384782828729,1.7140436149289568,0.5906846980816166,0.8152665927756303,0.6916151798933938,0.33181949637997643,9.803513850591155,0.049702706210146295,9.918751879180142,9.660644018495132,0.25810786068501024,9.803639843330497,96.11135417773723,0.7196992978316461,0.6966904333266624,0.573113474581918,0.435604056986669,0.2040566004165072,0.4055903721442894,106.17873903587879,150.6488865771802,-150.8986241540662,301.5475107312464,106.17951368695952,11274.089126799225,86.75239211923405,82.81344443995772,78.15904048629406,93.67798135352841,100.04964179034485,-0.6406372938841923,84.64562614074983,119.90678379594347,-120.35465129209543,240.2614350880389,84.64805042587754,7165.292440901906,125.86199696770544,146.17659672605907,136.32337429267508,135.2022253074867,144.8735362148925,-0.47313798920487926,127.4890882314353,180.587372586922,-180.43793918555457,361.0253117724766,127.48996618416496,16253.691477639524,90.94494036893144,91.07550158093929,103.79173542825497,109.405947859054,114.39661762168606,5
-0.003954997265784605,0.04659350178338618,0.11044711111236308,-0.1370268598188855,0.24747397093124857,0.04676105657286601,0.0021865964118107754,0.48673791552585577,1.3974479321739208,0.2899786529704239,0.6081192669792931,0.915319943861937,0.002737527331530396,0.04730871618894839,0.11715432368286367,-0.11510635132442926,0.23226067500729292,0.047387853753228196,0.0022456086833373434,0.44107520788170973,0.10319411184513295,0.3465566613803438,0.46969403516561437,0.9770366081546487,9.80146602802626,0.05584859669246241,9.92848277664816,9.654876298732493,0.27360647791566706,9.801625138940246,96.07185536430538,0.44685032508732125,0.5769052599648733,1.2214415146666475,0.7287618553106483,0.5940904304313516,-0.04219292257571706,0.39156200066146585,0.8872623301363186,-1.050791400500107,1.9380537306364256,0.3938286976306961,0.15510104307749026,5.807498457808218,9.505590568499535,6.311349919313101,6.419899724037478,5.335387740882524,-43.89393904771985,76.33228105714028,1.0166347077734823,-250.08349628937432,251.1001309971478,88.05279675576013,7753.2950165112015,7966.435436737986,5950.6178853952315,3670.5800286009026,1869.962213269403,779.0139072054337,0.01286769691670103,0.4354579773895383,1.1189356530937664,-1.2051047809645843,2.3240404340583507,0.43564805485176644,0.1897892276961277,9.217402809313349,3.8097693829022026,2.00153975166046,0.798243698888343,4.390935575890074,4
-0.00018048601635436368,0.05414399261749805,0.17630130972647187,-0.12736177167428112,0.303663081400753,0.05414429343675825,0.0029316045117657825,0.55453901686057,0.6666356671215385,1.0198772406317331,1.0690423567458216,0.7195076133405289,0.001220885825353422,0.04540955644285312,0.11314196200044771,-0.1467288541065019,0.2598708161069496,0.045425965906463805,0.002063518378535212,0.3034860288853036,0.7964209294402638,0.36172740567019407,0.45724145333544564,0.2783140008449041,9.795325530405544,0.053151649360399525,9.941596549834857,9.653396908668991,0.2881996411658658,9.795469735772981,95.95122734444438,1.3161955355735455,0.6603286254363498,0.23610853083925037,0.7084614483997512,0.7461296594008531,0.013874295243014508,0.3767438235429695,0.8670225946284893,-0.8660307874424785,1.7330533820709677,0.3769992104053621,0.14212840464626647,3.4597329865147786,5.0396208230372945,2.8188895684490336,3.136546177656169,4.195220707085819,-0.012990679754767847,0.3932400884948676,0.914401530948307,-0.996863207307698,1.9112647382560048,0.393454603429598,0.1548065249599422,4.294468402382119,3.855904630773231,8.828909815902302,3.529952554518387,6.693097939655323,-45.117958926064496,86.83886296275018,1.1029165701122252,-300.30139862432236,301.40431519443456,97.86019792702929,9576.618338317347,8412.154753647934,6788.918795870329,4762.269701934009,2895.768549678103,1525.575218039329,2
0.004983485001602479,0.05070569688935447,0.14520394697606664,-0.1660744199349997,0.31127836691106636,0.05095000313833443,0.002595902819796288,0.9914154167332904,0.9363915807193492,0.3701582643546747,0.0705061992412124,0.46693596371371976,0.002772368714160796,0.04628605374641554,0.10976988258734677,-0.11762486236343445,0.2273947449507812,0.046369006887179785,0.002150084799703326,0.9879986448136443,0.5167836481656276,0.506746042991812,0.6869461992421908,0.596092845559661,9.799339159433726,0.0484582497999,9.913215803763496,9.652989808531265,0.260225995232231,9.799458973003814,96.02939616358498,0.8509401411624508,0.8264630267931516,0.4761162232281557,0.6636419883504555,0.7250547444734179,-0.037368056310978254,0.3965518796592795,1.0641016367429244,-0.9297628876439019,1.9938645243868263,0.3983086302024702,0.15864976489376814,7.405014565208485,6.141410622449598,5.310307035609373,2.7083142649789798,3.3811608607939396,43.84595208434874,76.41637936702102,249.89309531360547,-0.9664373500590017,250.85953266366448,88.10181921928447,7761.930549747482,7970.558943560774,5962.884867374047,3678.492312633276,1861.6673463656732,789.9628587826747,0.038880192418348045,0.41741067432654505,1.1178253590887106,-0.9523699228651223,2.0701952819538327,0.4192175335124102,0.1757433404042288,6.074082497163041,7.92981737544406,4.8780578025889,3.374055057089249,2.010156284906095,3
-0.0035974585520339485,0.053192447504264384,0.11821103695100273,-0.1828650334791324,0.3010760704301351,0.05331395858053991,0.002842378179527525,1.2311847949371242,0.7610783291097776,0.499870519436618,0.29469906890154624,0.5201000103586592,-0.0005908463719108991,0.04761370526534448,0.10531756146920745,-0.13878973198876723,0.2441072934579747,0.04761737107957865,0.0022674140285302933,0.6063077292503011,0.5173634336158865,0.2112941762829434,0.8304017609242547,0.6082787083433817,9.79900001809438,0.04556126756208138,9.897484075476797,9.690141116792567,0.20734295868422947,9.799105937977991,96.02247718371552,0.7830750962717423,0.32340700044506504,0.41846705634414744,0.2525439590206449,1.1117695819931468,0.02718173539271991,0.39002520158194715,1.064082254353036,-1.1258225588456243,2.1899048131986603,0.3909712324557887,0.15285850460799835,3.9060415408598343,1.1784516338955993,5.47513708513103,4.735632335915241,8.25029016757691,0.0027253682172114946,0.4004772304779589,1.1521502362929954,-1.3410517973093752,2.493202033602371,0.4004865038465286,0.1603894397632156,6.459203194990228,3.598618547027611,8.742006264200338,1.413185917296631,5.365049076547388,45.13043735013729,86.77419618617853,299.825381989262,-0.9274858510229342,300.7528678402849,97.80857579564314,9566.517499172069,8396.409298269546,6797.187478866766,4755.0237076915855,2891.8061953516026,1528.5800989806733,1
0.002380669914966529,0.045849374708480585,0.13953965858164125,-0.13017845653468835,0.2697181151163296,0.04591113972014511,0.0021078327504026858,0.5538738614559314,0.6301904889941866,0.6655768967313002,0.3289926236240158,0.8822873724490832,0.005346577974480175,0.04984453228748846,0.12940140405972586,-0.10535189770733706,0.23475330176706294,0.05013046274467927,0.002513063294995676,1.2938952728659927,0.6236055411062461,0.37510219426589847,0.3794042658772116,0.6807638377819495,9.799163439698136,0.04688525433567117,9.952599594906804,9.661129427011884,0.29147016789491964,9.799275603073461,96.02580234499074,0.24564515532831896,1.4536269881656647,0.3853144998885029,0.3437221604756946,0.17157866594539806,0.04217398724012012,0.40531190679911233,1.041914866187285,-1.0235075456529208,2.065422411840206,0.40750016808936673,0.16605638699286213,6.758185973804272,7.840076149463552,4.2574467499083015,2.2657870798595416,3.816855232415174,-43.87316383059797,76.30500365093428,0.9503032525791707,-250.26405481738684,251.214358069966,88.01879394013295,7747.308086675586,7959.814753916433,5951.679528616573,3670.4595809180396,1866.0224283860862,793.488647034577,-0.02622753411779222,0.3865664817591667,1.29197967659052,-1.183486631679268,2.4754663082697883,0.38745519530077294,0.15012152836556011,2.2567893339474563,4.561748834121799,1.4692148613652172,3.6822056693986385,2.3037930812837155,4
-0.0032782589590795307,0.046977146375905936,0.12104147560889789,-0.12035112743468353,0.2413926030435814,0.047091392668151974,0.002217599263426077,0.5847210050142931,0.2673221933721162,0.3816949665246288,0.789943881192603,0.2805948609150295,-0.003794279690332989,0.05015158474691369,0.14729312767257416,-0.1253191567540985,0.2726122844266726,0.050294910388580465,0.0025295780109953394,1.0363587513710755,0.37857970648723765,0.7161236548132556,0.8689498229503266,0.5408415665588546,9.801280849507316,0.049867517255781244,9.934395247949476,9.620821056624287,0.3135741913251895,9.80140770808949,96.06759306019609,0.2945727681578979,0.9074091709910372,0.6582455851193533,1.5021322553685266,0.2976007795089985,-0.006126071837026776,0.412296198133854,1.1096096656348509,-0.966839375642159,2.07644904127701,0.4123417075094182,0.1700256837517826,9.584406483652845,2.686475778486945,3.847142519358511,12.291634842011398,3.2427947244342015,-43.86918442835988,76.33582198792803,0.8698537725658779,-249.92286158298225,250.79271535554813,88.0435293532812,7751.663060982089,7964.870937383961,5950.477893574401,3676.9794126678476,1867.808159973023,780.1076907177442,-0.04623127740828007,0.43124334957855115,1.5437505679344183,-1.0991106072607373,2.6428611751951556,0.43371437325333106,0.1881081575665298,10.921784194332243,5.066410994846375,4.573654996848842,5.1767326405409495,4.075606352736934,4
0.0013667311252316921,0.04818517067094171,0.12981535124766083,-0.11051180890986917,0.24032716015753,0.048204549853270676,0.002323678626556458,0.3129684598915375,0.630500300868058,0.921100872586612,0.9545878588063814,0.8137188982396429,-0.002091666872699741,0.051515749698492874,0.13713278882232852,-0.12385685646618297,0.2609896452885115,0.051558195636621326,0.002658247537304118,1.1004780269341972,0.24390537941655338,0.3108184456523512,0.6376991250902166,0.21048194025848097,9.799331695198143,0.05374029065278634,9.937359511888321,9.64179969750427,0.29555981438405077,9.799479052039162,96.02978969135437,0.23905396699971443,1.0384691484580297,0.29055570006534875,0.5918842329160422,0.44614546991917287,0.3456548309648329,106.2141854361802,150.81936253351998,-151.14403047509956,301.9633930086195,106.21474787021549,11281.572665133446,81.6538368409122,87.57459199361949,86.0336796160356,92.52191165022475,90.20894591611837,-0.6625062179885799,84.61408244266215,120.44231083493648,-119.96690768794886,240.40921852288534,84.61667602844312,7159.981862102501,128.8292119413283,130.10033532515294,131.3263728373324,128.4704421301351,137.92622861250206,-0.40673944152264624,127.44795145969547,180.39179918116145,-180.27651171888039,360.66831090004183,127.44860049543965,16243.14576824618,92.91618258487978,96.54622745738028,100.61493755158666,101.29692494909851,120.04620676432519,5
-0.0013624587575746198,0.046920921233134474,0.14413842779634337,-0.1295207928548317,0.2736592206511751,0.04694069815450236,0.0022034291432321013,0.3468440296899209,0.5345346131551124,0.586892970280788,0.41779891726453544,0.7543209469456748,-0.005002783632833403,0.0493526048898231,0.11075973377106259,-0.1469120943311305,0.2576718281021931,0.04960551837737346,0.0024607074534879364,1.1131662270611926,0.8680056415914084,0.7215318456638805,0.5225606934375028,0.37843127976783203,9.798130457641987,0.05352263944179652,9.937773520770266,9.645507490634005,0.2922660301362612,9.798276641221372,96.00622513790438,0.519103825277319,0.5905934403003408,0.9631908626169097,0.40091618441566157,0.7876139385772976,0.01584596426713085,0.43159953050659294,1.1673867658962391,-1.1669389865763744,2.3343257524726138,0.4318903209346867,0.1865292493170667,3.286951495424224,1.5660218646198534,5.08351141653272,5.692367018119448,8.106066328925793,43.85955215027623,76.3605362404565,249.7377139846748,-0.7506080741367883,250.48832205881158,88.0601601733319,7754.591809752868,7960.405319067523,5963.1107698835085,3675.8878345940225,1868.1900756912376,780.3713943236419,-0.029343010828488395,0.4152597411009955,1.0317986151169072,-0.9384260483946634,1.9702246635115706,0.41629516555413737,0.17330166486374662,3.7981683160811937,1.8584852037800912,0.47642961257422883,3.5107452864799993,3.8182935901852946,3
0.0034830221304243555,0.04806660115537409,0.14328519634768042,-0.11296816852672241,0.2562533648744028,0.04819263003604218,0.0023225295897908354,1.0047729302282562,0.5015880122866575,0.5994573352500918,0.8575213046870481,0.6748828176745492,0.000696915696370807,0.05000555460538359,0.1828483414736583,-0.13247279022873018,0.3153211317023885,0.050010410744962375,0.0025010411828798483,0.3381767843891693,1.5193744853258278,0.34181587485391673,0.531383880301786,0.8973832618172144,9.796982297465402,0.042355457334847094,9.931867988979928,9.687717820412335,0.24415016856759308,9.797073855065936,95.98265612161651,0.6691799203815492,0.3188750650612067,0.6139349950049575,0.3074191353330925,0.9937623153815333,-0.012100903021863141,0.3946422497345281,1.1025075713756975,-1.2165066301785816,2.319014201554279,0.3948277309529742,0.15588893712947416,3.426759231338514,4.852428834372246,5.931359766174189,4.445422195299925,4.290783667262953,-0.004347393658381557,0.3650726710515946,0.8789711927422021,-0.8072356592360999,1.686206851978302,0.36509855516061235,0.1332969549803667,3.534686144114927,2.6690746753947163,7.9557111739862245,3.035363669787477,1.8663073457652455,45.13329144418101,86.81307667964263,299.9927680686378,-0.9803334533880489,300.97310152202584,97.84438808215263,9573.524279170893,8398.68324173753,6795.884638006437,4763.713038401983,2895.69313982792,1533.1651335977183,1
0.004396722265948627,0.045821791451944066,0.12497077973208293,-0.11462217086217052,0.23959295059425345,0.04603224672497903,0.0021189677385493426,0.11968559660595224,0.4016592437456793,0.7979552675827428,0.418816247171197,0.2708825918324742,0.0007110416631864958,0.047366973027167615,0.11394686409797182,-0.11556487966425336,0.22951174376222516,0.04737230957007703,0.0022441357140032116,1.0560023407546355,0.9244247568725347,0.32284704617725946,0.9684382297055283,1.0924999138381715,9.796286808136875,0.04836543853197348,9.915913409829772,9.689232376947391,0.2266810328823805,9.796406200383942,95.96957444292093,0.4553207027849727,0.8084547428612676,0.24469087610613277,0.6743585920016772,0.7220708449683904,0.00021423135367266256,0.42617442522411075,0.983094631078032,-1.385174032303247,2.3682686633812793,0.42617447906951694,0.1816246866101741,7.983878360824563,13.606297901502344,2.6513685271136027,7.876429035851132,8.60058914988526,0.033371905508061836,0.3963327357575197,0.9634393451795371,-0.9679827625669559,1.931422107746493,0.3977352404681774,0.1581933215102789,5.645599554015278,4.514568748068921,5.198669946726629,4.816766873672958,3.3452985422204256,-45.079462942310855,86.81254021189669,1.2175503655740545,-299.77610023344,300.993650599014,97.81909382737788,9568.575117209357,8401.16427081235,6793.901175995069,4758.464796000206,2902.4486574019056,1530.1120423102925,2
-0.0008619374015457843,0.048996003062759245,0.14335121490068656,-0.16681377177341553,0.3101649866741021,0.04900358407514798,0.0024013512522100965,0.4100850792705094,0.7049122335628302,0.5448727239218506,0.249818977900525,0.2792349375801956,3.4311239536906346e-05,0.049265340148947255,0.13098012082606925,-0.11879008257175475,0.249770203397824,0.04926535209711419,0.002427074917252633,0.5266597213792616,1.2109936142575657,0.7063349354525471,0.5013715314292255,0.5839392500854212,9.801344094826764,0.04934678663215443,9.906869929277114,9.65158607203242,0.25528385724469516,9.801468317070988,96.06878117054637,0.519481845039046,0.8674730414132698,1.5096136453854099,0.37775748541044263,1.5831669693050678,-0.0002690348694657896,0.36156610822023494,1.0368350427835784,-0.9108157742282175,1.9476508170117959,0.3615662083122365,0.13073012299328762,1.5163348181373082,2.050600479396852,5.520294771810432,5.992358669893256,5.24199098043757,-0.020092615743633538,0.4221497098678515,1.0253919889775467,-1.2215923729359481,2.246984361913495,0.42262760291884927,0.17861409074893253,6.103691135128058,3.4005705609721217,5.745410591107057,6.588040427555289,4.09343544652801,-45.123572954490534,86.76259690834303,0.8170302269990785,-300.1208734681851,300.93790369518416,97.79511776391931,9563.885058458845,8396.614465715158,6790.13104036098,4760.33112173558,2893.9440518517176,1524.9013807349702,2
-0.0016437802046923744,0.05172376651749828,0.12002843754611225,-0.12915894883159718,0.24918738637770943,0.05174987957587935,0.002678050036118015,1.5527718201430396,0.745042418195763,0.30848575283066115,0.582140750572373,0.5404100956558966,-0.004059584047481979,0.04745331102080093,0.1114406212072989,-0.14429445182540104,0.25573507303269993,0.04762664117356416,0.002268296949475437,0.3364430247853471,0.3683124061356445,0.4330879408768064,0.7652244373758451,0.44295407535272524,9.798387447394262,0.05246090983048109,9.945076218464038,9.665892110814523,0.27918410764951496,9.798527885162837,96.0111487163137,0.6498067474189938,0.7319051710709089,0.4675996770957785,1.051360535746969,0.475764757901653,0.012787948089520914,0.37642476051682305,1.0370255422886678,-1.1595267839911145,2.1965523262797824,0.3766419147499225,0.14185913194648786,2.6868744860530938,6.1516318711746605,3.1269368395654236,3.7056545530900844,1.3381844930006364,43.88067920328213,76.33800813998234,250.05674969192384,-0.8225623511926428,250.87931204311647,88.05115271318921,7753.005494121367,7962.309851752893,5958.389303643775,3671.7997929590847,1861.3226401286547,787.5464120360409,0.02122112250842159,0.4001462805015871,1.381024375588358,-1.1974473702312642,2.5784717458196225,0.4007085996578715,0.16056738183977232,3.331005094374781,5.018663631173764,6.880274446845505,4.155556735925234,6.161991257795246,3
0.0001177819946433789,0.052525379486266684,0.15900277309283184,-0.13581912188535616,0.294821894978188,0.05252551154224571,0.0027589293627745875,0.1942185977728597,0.45887540355216955,0.28155602187233825,0.6379269495287699,0.44949789031377146,-0.002231020370424089,0.049123966929462984,0.10680583169960473,-0.1288864873318745,0.23569231903147922,0.04917460298548652,0.0024181415787802195,0.4145364055209593,0.9872730779762959,0.48806763646816825,1.2362954378165851,1.4574261181634103,9.79877237039359,0.04576802210660446,9.909049399158858,9.70120838419884,0.20784101496001917,9.798879256253564,96.01803467863638,0.5602847145360673,0.7981143525121234,0.3764457479708438,0.733992712255899,0.8616232876035683,-0.02844890867034051,0.4262084704690369,0.9101330565624531,-1.4724159231571816,2.3825489797196346,0.42715688067042684,0.18246300070408927,14.967406626828769,2.6637405224085784,10.780909104470549,0.9362066808343954,2.783057006641381,0.0019467191396476502,0.40588944936195964,0.9577790808403158,-1.3671053231799424,2.324884404020258,0.40589411774348677,0.1647500348187635,3.7460709785923063,5.5692299839871175,5.804519943548024,10.342040369185687,1.746204268551023,45.081075634193375,86.80035112536468,299.23136865409634,-0.82560221799561,300.05697087209194,97.8090197058659,9566.604335822462,8405.757846076991,6789.969488509617,4760.579541424598,2891.2081729645893,1524.8561793593854,1
-0.0051397864264067115,0.05113882916083095,0.14316204995481338,-0.12237804866199241,0.2655400986168058,0.051396471206199834,0.002641597252449729,0.3554462676184771,0.4742693481979501,0.9709833295642156,1.4502917127012414,0.6222788555795392,0.001211275275622369,0.04786577171297048,0.09971962858044872,-0.1341254678153134,0.23384509639576212,0.047881095324475806,0.002292599289471539,0.723681623194287,0.1380263496995057,0.18534547448819483,0.8035367081840599,0.15009796376164358,9.800137452486391,0.04972759487161472,9.935689136108943,9.632275463960708,0.3034136721482348,9.800263614889047,96.04516692131816,0.1236047455209233,0.9066470629557589,0.857133688140084,0.25603510192978524,0.6086013732363516,-0.006203755501474431,0.39359084335115496,1.1813584424475794,-1.2485318411113413,2.4298902835589207,0.3936397319278066,0.15495223855219545,1.1644830497926988,2.2084566384656985,2.742809919857931,1.878858205469586,3.1944592133287557,-0.006100303500830003,0.40285239719243876,0.953018362979865,-1.0329608157992243,1.9859791787790892,0.40289858230886927,0.16232726762649669,4.710152245422701,4.335954119783084,2.903404462476968,7.490860213005121,9.734042264873482,-45.094812178989315,86.79009600562577,1.0302999023889086,-299.7361022808089,300.7664021831978,97.80625159019263,9566.062850124059,8402.740892878768,6792.125573885888,4756.421915817152,2893.04165339878,1529.4821847668816,2
0.0038703520136230364,0.05284789519592524,0.13890917293749525,-0.12530935564641418,0.26421852858390943,0.052989429619017925,0.0028078796513488543,0.7899057918492796,0.30596805110045905,0.181367097432759,0.7168619072005399,0.20048124628394678,-0.005012163791724389,0.046356751182743385,0.10703718400138405,-0.12817864552249938,0.23521582952388342,0.046626925333908234,0.0021740701660938532,0.7201685399251154,0.914983202207648,0.7070415830237203,0.4014219942406411,0.6079252204315031,9.795662910685607,0.04730314737552487,9.909069025612055,9.656733072224075,0.25233595338798054,9.79577712320637,95.95724944753329,0.3522401634959697,0.9326826333884348,0.19698285832759319,0.22379368963818758,1.001660668727574,0.2906136694483209,106.18629716587569,150.47952081526043,-150.52350070481694,301.00302152007737,106.18669484499708,11275.61416210453,78.20365757654795,84.44598251346314,88.48333969192251,88.09139281636116,93.98027306004465,-0.6575198404346619,84.69138772493285,120.53621058038664,-120.38246717038002,240.91867775076668,84.693940084964,7173.0634871154725,133.40186865357762,129.2696386109552,135.09867697196316,132.48123902427903,147.3200499183761,-0.4381973230961418,127.43712464757647,180.7398255532883,-179.97432890507105,360.71415445835936,127.43787802429823,16240.412755335914,99.23223511510399,96.38314334364736,94.14388326473718,112.99340568829042,108.77809817916109,5
0.0011894518380285363,0.050445006576422036,0.1260221602521175,-0.13623951609045248,0.26226167634256997,0.050459027776704655,0.002546113484170252,0.9913175447613303,0.511529200103789,1.0298140500376567,0.3855187807089603,0.6345519274932608,0.00412060774141943,0.04868895924963273,0.13290677943524287,-0.12494867537209134,0.2578554548073342,0.04886301424360804,0.0023875941609710423,0.8751334350961929,0.614996238705371,0.8818445190903783,0.5518204337559396,0.1390821028111609,9.799337753198337,0.05193373876582845,9.94279800868813,9.685636960083167,0.2571610486049618,9.799475369349139,96.02971751448044,1.3600537293023558,1.0667245232445866,0.5636581594795351,0.49334224194887616,0.34867132856781874,-0.015381055008398384,0.43184789233111576,1.3206945814609103,-1.069427687947691,2.390122269408601,0.4321217177647964,0.18672917896399838,0.7852959947425214,6.070561980100166,7.894663309981599,8.42191425963204,5.084441285281166,0.003815693937208631,0.38910067192905234,1.104095581622166,-1.0911365722806474,2.1952321539028135,0.3891193806736725,0.15141389241586245,5.8596670912020965,6.5217620001248005,8.135880356320909,6.541744178647373,8.579002398045583,-45.149767757701355,86.80829999867731,0.879360248370591,-300.1736856066127,301.0530458549833,97.84775151854399,9574.182477234728,8405.250225460359,6789.8003735395705,4756.470307867576,2903.536912902458,1525.2583014816496,2
0.0023856203183851175,0.048717137006039225,0.10123742137798114,-0.14975070765397763,0.2509881290319588,0.04877551252799594,0.0023790506223686884,0.40841200383034304,0.2024406435050479,0.8827019800329525,0.837931791710591,0.5391962189301504,-0.001266922559906456,0.05019253913066594,0.14915647241056695,-0.1351343162779335,0.28429078868850044,0.0502085259408821,0.0025208960771562305,0.35155401030006517,0.9734563855528529,0.2686214983340521,0.7093938838090587,0.5969728959593283,9.80024724236319,0.049066404585971994,9.935779307118489,9.607910202038582,0.3278691050799072,9.800370070742545,96.04725352350626,0.7217476900508821,0.28109253852682664,0.4166336855147219,0.29461068049351524,0.8670634051073469,0.031363996925022036,0.42994161386118374,1.2920331456238912,-1.0212572164715366,2.3132903620954277,0.4310840888187269,0.18583349163267202,3.7253893930366835,4.846646422551913,6.518560545569038,6.9586174558921625,1.8103153316725977,-0.05157632383186654,0.39341449258913636,1.0437195149443852,-1.0031297155797685,2.0468492305241535,0.39678089691815704,0.15743508015917718,4.2447715247992,4.50850777725061,8.026934270562231,2.7437283674379054,5.388908717023425,-45.120946636997616,86.82124788263701,1.425852356309067,-300.5125686973288,301.93842105363785,97.84594477706824,9573.828909317088,8407.345173195006,6793.121745765561,4754.178080994613,2898.5632047148297,1532.793281390962,2
-0.003024800786356101,0.04995726534998448,0.15564914563743074,-0.11252535774491897,0.2681745033823497,0.05004875404089397,0.0025048777810459007,0.9561414369636294,0.6463066944009577,0.5418947584998925,0.5879616896471659,0.09155313441324872,0.004312610034428144,0.04805962342256323,0.12887733368076448,-0.11468843063008771,0.2435657643108522,0.04825273058416113,0.002328326008827639,0.8257266955804153,0.552930435817525,0.5747385443393312,0.263843974502441,0.9045194719575499,9.797316687148756,0.047144871637395676,9.923223405676138,9.687429688352717,0.23579371732342125,9.797430117495361,95.98963690720517,1.0322002204912502,0.20768094515481117,0.44278934774332346,0.42646270792241836,0.6953545328083324,-0.0324300137417479,0.3810132507121539,0.9646204848334945,-1.4367029455758027,2.401323430409297,0.3823909034084527,0.1462228030095326,6.38283474213531,9.213488164977132,5.1980181630871645,7.335450658424111,6.14475340854253,0.008306387943628977,0.3983056460359,1.1201086900372004,-0.9843676363253824,2.1044763263625827,0.39839224860022787,0.15871638374474575,3.7393962178617786,3.857313531362576,4.3318697468920275,2.236570053739754,6.827656782158651,-45.12791081168302,86.84169323486188,0.7629870311095807,-300.4017515084919,301.16473853960144,97.86729800155449,9578.008018125072,8402.41491890277,6797.4341067112455,4770.145636711874,2895.765913288177,1522.2540960353415,2
0.004102806659910558,0.04932186774807513,0.14198114574039564,-0.14557749596603245,0.2875586417064281,0.04949221818273272,0.0024494796606472193,0.12554413617304735,0.21511996251535,0.5421443576905126,0.6692065660527696,0.35073119998866803,-0.00021999367511223812,0.049769420411643076,0.14651601427462552,-0.12451408541881644,0.27103009969344194,0.04976990662366129,0.002477043605327964,0.3120590303121639,0.20120352039853104,1.1287077852660838,1.129096906071679,0.943120545485371,9.80188227020293,0.04722934353336994,9.91804410859065,9.60718123353797,0.3108628750526794,9.801996054366127,96.07912664980911,0.6317900754973572,0.40398343248210494,0.8231262336854915,0.5938507976069181,0.35405567111940495,0.0009634121677927964,0.31447087754609954,0.7176895151009274,-1.000467813187749,1.7181573282886764,0.31447235329615064,0.09889286098761899,7.507963448905827,3.0582680198439247,7.264454959799889,2.588769540050795,1.7929329253354898,-0.011412472378136475,0.3180208982174332,1.080849640743262,-0.8682555172714751,1.9491051580147372,0.31822560586603443,0.1012675362288047,4.172602238208134,3.921594374088314,1.3146768705848493,8.796373833330968,3.363346379370612,-0.01161090147184832,0.3113557450191997,0.7039203971980196,-0.9597793935636534,1.6636997907616728,0.311572163373832,0.09707721298944985,3.3009123985928803,0.6990194735796527,2.9729231506730884,4.6373942471989675,4.423232868799842,0
0.0027529862326281206,0.050670005781493076,0.1805675031407835,-0.11220907710840611,0.2927765802491896,0.05074473784633814,0.0025750284190935824,0.06995915368638957,0.9372030262178445,0.372565012625286,0.2124105327005025,0.6168132948030737,0.004637979937115902,0.04484227933432904,0.11722096938818981,-0.12095645690378781,0.23817742629197763,0.045081491477047236,0.002032340873795083,0.691883217201251,0.5101441493909317,0.6414955593233788,0.8976742615262443,0.49031885057679664,9.795533682013382,0.0477954647167208,9.897362836933215,9.689117673964013,0.20824516296920237,9.795650285810847,95.95476452190614,0.6894273287324348,0.24698129231812896,0.20650493000977851,0.12325318486297411,0.9530028737795921,-0.07250810350655504,0.29622066444619793,0.7695462175799074,-0.9886683539901925,1.7582145715700999,0.3049657474521758,0.09300410711906429,1.886940476023684,6.372432704033173,4.450434652928518,2.475236304392424,2.530973063415516,0.028382566414337545,0.31299747556520663,0.8800817118513817,-1.0965259545312318,1.9766076663826135,0.31428170450482223,0.09877298978645639,7.543171221879749,2.6413983341183855,5.743412808240328,0.7413866918541983,0.7346813878330035,-0.031001362660542674,0.3054474254069252,0.7174357988556278,-0.864604008950409,1.5820398078060367,0.3070166350127133,0.09425921417452962,5.138393469973879,5.763721911488045,4.446836964811894,4.527372122161826,4.197180580594871,0
-0.0014911242812507247,0.04915917031718106,0.12326064843560353,-0.10874035390219967,0.23200100233780319,0.049181779938263226,0.002418847477895751,0.4730184715723196,0.7326175208869727,0.3207447775995206,0.6808683015850454,0.23936467817301485,-0.0024754657383935256,0.05130630598506702,0.12025823813441297,-0.1735683692882551,0.2938266074226681,0.05136599034823805,0.0026384649644552844,1.4440794336373484,0.8229182860038355,0.7734248484159552,0.7518995706878755,1.2926375938122265,9.800160310205152,0.04772414456039526,9.915953880077595,9.647743174647914,0.26821070542968073,9.800276511389583,96.04541969969438,0.24454919942819953,0.5384539740899817,0.31289635568570384,0.8570434847594546,0.789813187975377,0.03254924631873451,0.41743656546828767,1.0839424428183742,-1.483373791868871,2.567316234687245,0.4187036417633332,0.17531273962587765,3.280125867690637,2.995912034762845,4.810500433638443,4.353436389731678,6.128734506528718,43.821628576315746,76.37360312717607,250.89728753270734,-0.9344192045956626,251.831706737303,88.05261146444194,7753.262385707971,7963.575640683608,5962.722176383833,3677.346945699401,1862.5737014393112,778.2004390052657,-0.004269930446824122,0.3911370470613692,0.8913552579037454,-1.19512037955685,2.0864756374605955,0.39116035316722536,0.15300642188990848,4.374075885577507,8.406718249964133,2.4117162030512773,7.121179192229925,2.8702762586976935,3
0.0003675071745438266,0.052731327509355705,0.15708777522501485,-0.14849539710204107,0.3055831723270559,0.05273260815114567,0.0027807279624222753,0.7111717217931997,0.4685128580308729,0.7316751681816568,0.7328317359312543,0.3050439080372741,0.0014941161217964993,0.04775672706460754,0.13837357422255878,-0.10761100049765858,0.24598457472021734,0.04778009379342856,0.0022829373629088307,0.5223364215749793,0.7145046860056001,0.13656989568995476,0.3400649357829601,0.5311130912293847,9.795891928162389,0.051894672713390204,9.932463479230046,9.659416397731617,0.2730470814984294,9.796029385689543,95.96219172529305,0.6051267441171148,1.1701608295964132,0.4762728324664561,0.8274704029877497,1.2049886435082513,-0.06256407962550407,0.3781763432207045,1.0224024311973217,-1.1640678299512879,2.1864702611486093,0.3833165932113695,0.14693161063117052,6.002558973053167,13.327500567604352,4.009051437991077,8.012116822180058,3.5308851684840556,-43.84857679874309,76.35404490447512,1.0714841551968488,-250.164768465336,251.23625262053287,88.04906507481994,7752.637860549875,7966.260094412092,5952.022350261692,3678.946987298291,1868.8146214886478,776.3928852864145,0.015805303565596396,0.4331031432919162,1.1161230659625554,-1.1192583995979555,2.235381465560511,0.43339144009790814,0.1878281403501387,0.5756036509673628,9.515105630763383,3.0643697080712915,8.722811229872933,9.208145307999368,4
-0.0011505824907481275,0.048208903622228766,0.12422255391647055,-0.1406584088518977,0.26488096276836826,0.04822263191205305,0.0023254222285253577,0.39961361370625675,0.6493865865328605,0.23809112727633414,0.4305288035654246,0.7821107331234213,-0.0002065937909119492,0.047813693802138534,0.11260301791768718,-0.12079077453651708,0.23339379245420427,0.047814140126108136,0.002286191995999104,0.5323242532888135,0.7835610398815419,0.5107657253253828,1.1272734899332197,1.2733081630296292,9.801162630843134,0.0485342145724984,9.923695315584371,9.661337596418072,0.2623577191662996,9.801282797992314,96.06514448622006,0.40914538739925055,0.5520503808054739,0.5299813590624008,0.5707577375054661,1.1610743265053125,-0.03540842387782102,0.3560480277996767,0.8073707517474209,-1.0722232410814951,1.879593992828916,0.3578043523792728,0.12802395458155083,5.87053992692696,1.2048724611551649,1.666641593232271,2.0103701355808985,5.255580728989424,-0.01696784906335502,0.41092561414095663,0.8214546347418512,-1.422311902970819,2.2437665377126703,0.41127578126964776,0.16914776825895914,3.6568590155449203,6.547807496895512,6.873646594038436,10.544451845672434,3.537769126401655,-45.10060126083795,86.810500787959,1.3478422709565951,-299.48936061184105,300.83720288279767,97.82702735515032,9570.12728114533,8404.620571125295,6792.682839037197,4761.707131173235,2890.092614126929,1530.8078148304476,2
0.0020137725033450428,0.04491451747043685,0.1064756300488557,-0.14986743177189932,0.256343061820755,0.04495963922561441,0.0020213691592974063,1.0141590799154439,0.44246499746256335,0.9224524680449874,0.12881516759880643,0.8591646497777413,-0.0024904881729975255,0.05011046365211318,0.11834575728611184,-0.15120011314251647,0.2695458704286283,0.050172314066321444,0.0025172610987695965,0.7315401706208357,0.7528271442380513,0.5665396434341168,0.9655503145167498,0.47706740815264165,9.797589040916208,0.046276456802590314,9.93718485781531,9.647146248082667,0.29003860973264395,9.797698327930677,95.99489252513557,0.14190644119215828,0.7649503607412506,0.8268729557575876,0.600916684620928,0.2790864535074527,0.3524381876922075,106.17742914419173,150.83939025345103,-150.23022718357288,301.0696174370239,106.17801407233986,11273.770672346001,75.51162927009823,82.72528773124078,88.71009900823462,98.02712952272427,104.11056384081233,-0.6704207670765586,84.61820814467362,119.87786034027133,-121.0950127278842,240.97287306815554,84.62086393803973,7160.690613620234,124.06244375401096,118.86199616929683,130.6328560251646,141.73721298966308,146.757753626727,-0.4192850176977677,127.49108131351011,180.91831370285294,-179.83419038804456,360.7525040908975,127.49177077134867,16254.151614414113,89.338393648257,98.78657153757482,92.62860990978214,101.83436746048906,113.92993784238236,5
0.002693924337685231,0.05136461920857386,0.14236044198392647,-0.1356805932885979,0.2780410352725244,0.051435214928869176,0.002645581334778967,0.7465866250351914,0.874525608598445,1.0526600855063686,0.2174056444266575,1.2146533320715351,-0.004921570094505034,0.04782878907141354,0.11949750905440684,-0.1332577641023138,0.25275527315672064,0.048081336464712514,0.002311814916232893,0.5017158675419313,0.4826821862161262,0.31320643669320825,0.4288709784384391,0.6361934903190584,9.799537107386334,0.05100816836727134,9.927430779369633,9.647081023880755,0.28034975548887786,9.799669859351484,96.03352935228192,0.1965886607604725,0.5163378558654379,0.652146633031997,0.9643640839250535,0.9095377758410287,-0.025504769174957392,0.363604795824157,0.8565218188436395,-1.1264124470541552,1.9829342658977946,0.3644982041066797,0.13285894079699476,8.179829479206997,4.705283993195772,10.564639676809497,4.363689252769006,4.451814070126054,0.028692429046022903,0.4061827915556339,1.0759842338553876,-1.047112715311022,2.12309694916641,0.40719493567637677,0.1658077156404886,9.742728659075102,2.729122436378539,6.607276718078069,9.181814085083857,2.632246380556605,-45.124609955187495,86.83420562110034,0.940141249629988,-300.0072888119894,300.94743006161934,97.85913186542861,9576.409689455344,8403.849166700818,6795.065481969763,4766.041306540433,2891.4771470126693,1531.235071811727,2
-0.0024222070348944085,0.05048036961132137,0.13498783504024223,-0.15682985486023973,0.29181768990048196,0.050538448759489145,0.0025541348030155096,0.07452737733794329,0.310520725972262,0.19969066395210255,1.0218276269130218,0.2673932434390794,-0.006778084549363411,0.04894071659078925,0.1303877598145513,-0.15658028506480492,0.28696804487935623,0.049407855352952466,0.0024411361705782737,0.7158622107495435,0.35403699832947366,0.6578550548819003,0.5005024252076211,0.32117014040493963,9.799968293714839,0.04765532152599136,9.923184754982131,9.668409635097662,0.254775119884469,9.800084162265438,96.04164958748588,0.855683541369959,1.1693984042007899,0.5045332494822498,0.4975395146621904,0.6277206292749574,0.013311870641418264,0.39933445395675327,1.030230618358857,-0.9047159258081381,1.934946544166995,0.39955626889952833,0.15964521201691217,4.283934806310301,7.78602770617939,8.369445241699422,12.830483764204052,3.2021887691516264,0.017073182826812902,0.383295367411274,0.973113696961131,-0.9197376837915545,1.8928513807526857,0.3836754256540042,0.14720683225078132,1.7273287207473487,2.8985535267740317,7.557200456859462,5.785991186574954,5.451822948815186,-45.13546535897882,86.79864614018437,1.084982231448162,-300.03412340247763,301.1191056339258,97.83258764307791,9571.215204940521,8406.940149853388,6789.76137376033,4759.157883976036,2889.4184180555408,1528.27468489361,2
0.003771074546508748,0.045371094035387124,0.12622546383037475,-0.11680348025106316,0.2430289440814379,0.04552754306135207,0.002072757177203267,0.7201979370425662,0.37110870759274006,0.18645074501473663,0.055486826868772016,0.45587178199742406,0.002155055228841544,0.04970819022844136,0.147262314496755,-0.12150611878636781,0.26876843328312283,0.049754883567608425,0.0024755484388262706,0.48841810620813564,0.6694972893385334,1.0322711645707034,0.6874167421789227,0.6422286023172267,9.796007560803059,0.045467120960243385,9.948475475387283,9.68634138987266,0.26213408551462436,9.796113075623367,95.9638313903991,0.5051818337967818,0.7147808250597064,0.9018074965916809,0.2811321190278207,0.6858370844081837,0.02686656523058784,0.30720458010423984,0.9852354603863651,-0.8348881297029661,1.8201235900893313,0.30837714954956014,0.09509646636431178,1.8527151129113437,1.9073287066993967,1.938893840555856,3.908140683536375,2.9215217204183466,-0.025371457083217468,0.3022573327727823,0.8527781184031378,-0.773487855042159,1.6262659734452969,0.3033203027320162,0.09200320604944195,2.2200881997324675,2.9411641260778745,3.880504097816842,3.104638656402349,1.6977768921710314,0.03569769187311951,0.3057548751044944,0.9122060862478322,-0.7411989848638202,1.6534050711116524,0.30783172165199796,0.09476036885523315,5.7744654766773,6.3382605803264935,1.8366904207814378,4.7257133069855835,3.0348449636769086,0
-0.0035796733043825008,0.049762750959480406,0.13722648223012318,-0.14825480373324643,0.28548128596336964,0.0498913363623523,0.002489145444021377,0.33020667735656206,0.22529405832402316,0.3653931169177686,0.2612697643721543,0.6327983079511976,-0.0033236428609796378,0.051275039753503185,0.15316049068636847,-0.16693092668204354,0.320091417368412,0.051382645938007836,0.002640176303590673,1.2397309916206718,0.277185193878749,1.015464835404797,0.4683546586370146,0.9556860317753287,9.804233993265662,0.05535721345992854,9.948220058529472,9.638697158539566,0.309522899989906,9.804390272515063,96.12606861578799,0.2688473469140542,0.8966951745475565,1.0153502457487245,0.5711284893243596,0.9740819902918086,-0.005229542627574627,0.4011528303610859,1.0690706928083908,-1.0126335959810133,2.081704288789404,0.4011869158170588,0.1609509414228038,6.0313852222385105,9.029496235733099,5.036164976610357,7.313520787832671,6.334755517997386,43.89611688729905,76.35117101407259,249.9309518303892,-0.8151070184842578,250.74605884887347,88.07025827714813,7756.370393003579,7961.449394344984,5960.306336739515,3672.7158211281267,1870.2286675751882,780.7329442180026,0.043596092413203585,0.38912893451127145,1.1170645754027058,-0.7991841292059926,1.9162487046086984,0.3915634647762453,0.15332194694757792,2.5086559784335902,1.8606648615588206,4.816254256091406,4.242399201308171,6.8630116598803745,3
-0.0016508498881981793,0.056102197933622366,0.17537336480385893,-0.13022696315010193,0.30560032795396086,0.056126481435563966,0.0031501819183367063,1.1730366918297452,1.5257521221619685,0.7716478394319077,0.21052836962445215,0.19712875431130494,0.0020944887181935067,0.05504412418946414,0.15096441321987644,-0.16934497704225748,0.3203093902621339,0.05508395856123442,0.003034242490775791,0.6395362353787188,0.4590238361021042,0.9486155274620746,0.3622249747806555,0.5357794494524069,9.788464709544897,0.04967599677649593,9.914291459235075,9.667928718389991,0.24636274084508436,9.788590760403745,95.81650907466157,0.5155324575555371,0.4979159693239583,0.39981708667305926,0.0654492781832805,0.3460317542480632,0.36834773292079687,106.25820642845449,150.62341466288643,-150.43754557911072,301.0609602419971,106.25884487158889,11290.942113444393,71.93993665215093,79.73761813776666,89.91798165135826,93.67864521196634,95.02771011237044,-0.588049210273183,84.66073397103084,120.44471164157167,-120.49613198068586,240.94084362225755,84.66277622655282,7167.785678387357,117.66146374076136,134.58208717276466,135.03602618312317,134.03655484297576,144.12993128932155,-0.43378120337359577,127.44217251045764,180.07866860963122,-180.3681496704227,360.4468182800539,127.44291074954953,16241.695500317646,94.56775270822658,94.06709571831031,101.35811669931503,95.3191132028091,114.22895827575924,5
-0.0019225501122647499,0.049953444151677,0.13993720472520307,-0.12581826418141132,0.2657554689066144,0.0499904268990462,0.0024990427815488824,0.7891566162771212,0.3182172834921804,0.3424508921189701,1.152936614849947,0.9328919931377464,-0.0017065140656375773,0.04564214838241768,0.13850140440106465,-0.1469195479368961,0.2854209523379607,0.045674039663892795,0.002086117899218852,0.29228482837343206,0.35005067375674526,0.2807625325117481,0.62381905785524,0.7592941525705339,9.798333249777915,0.049228761320306125,9.931441257947451,9.664960740030198,0.2664805179172536,9.798456916507035,96.00975794464458,0.46719423401504667,0.7173829250222965,0.18436935454102216,0.622222240472263,0.8886858261493948,0.06012224069582429,0.42448591639603006,1.1815707418163839,-0.8847388299948004,2.066309571811184,0.4287224942137561,0.1838029770448641,6.120295692764558,13.003541812011479,8.251938275533767,3.4340667892818715,9.156541581039413,-0.02963391013967186,0.4090339013106612,1.2993605712707839,-1.183428136822438,2.4827887080932216,0.4101059631992516,0.16818690105158587,6.228723531992495,8.022254467054623,3.4122355829328592,2.294772903491044,9.098517924986188,45.12574572772597,86.82745416037154,300.6855317438645,-1.0517105713800297,301.73724231524454,97.8536648442704,9575.3397234548,8405.950660787608,6795.790768045997,4763.0995579328755,2889.136741342703,1523.057464156716,1
0.0011626482446474462,0.05076291715866325,0.15564551005219207,-0.1312408528187056,0.28688636287089764,0.050776229767461954,0.002578225509398089,0.3406710462329353,0.4353305039185806,0.8466295364663582,0.10100115094086537,0.6536601548452521,-0.00017759686800136203,0.04818815953143239,0.14590867775300462,-0.10523747528595073,0.2511461530389554,0.048188486795855114,0.002322130259674303,0.4377952815553333,0.6958083398753072,0.5231771616979998,0.4274899205967784,0.5859009223628655,9.797939901637815,0.04982962857283321,9.946782895116389,9.687528377289963,0.2592545178264256,9.798066610714082,96.00210930799014,0.968807467939821,0.6047598318227727,0.6646479963399099,0.5338547538888697,0.09802216154587813,-0.008961710723991552,0.2887133506250365,0.7502701493802845,-0.8217420618412418,1.5720122112215262,0.28885240363936,0.08343571108823575,3.1427874126750996,4.190787066375452,3.82215350302776,3.637024712982518,0.4870873975068071,-0.019509203834730267,0.2990724553550095,0.9294898302213772,-0.849909087042822,1.7793989172641993,0.2997080956302969,0.08982494258633916,4.1761604773337835,0.5910294801407557,2.2137534488723984,0.9770443546985,1.1462475881475707,-0.02820931450459465,0.33167393386506633,0.8781810277419989,-0.8698541639605445,1.7480351917025434,0.33287139232794927,0.11080336383034753,11.092454223592858,1.8078671943023137,0.9438307310911234,1.2593121241817522,1.0074970860311079,0
0.0004587802580225192,0.048496032802488105,0.13799798685742712,-0.13887723231920418,0.27687521917663127,0.04849820282139487,0.0023520756769051534,1.2846989640183852,0.3232044790182704,0.8596911112909945,0.46068773516925576,0.8261174648031828,0.00403478121477886,0.048079631239369036,0.14823426162850514,-0.13732786658210558,0.2855621282106107,0.048248631064153974,0.0023279303995648436,0.10533649113548717,0.2448342139917658,0.24106828634087663,0.5785905433557,1.0074667636075656,9.799671682156358,0.05079572934725177,9.94239387294555,9.665351064235711,0.27704280870983844,9.799803328851919,96.03614528417717,0.27580876207436245,0.34242972871912475,0.44409821906748786,0.7171725367080718,0.9245351275650595,-0.031144522960947052,0.4041231350180597,0.9057185941467941,-0.935020225395928,1.8407388195427221,0.40532146447886264,0.1642854895672899,2.5009963731150004,3.531799839649486,4.633700747507433,2.603549762806323,8.988491321081831,-43.884354830521445,76.33998912815905,1.227661821975592,-250.0173240024333,251.2449858244089,88.0547019697333,7753.630538978553,7965.86534631286,5957.546997791535,3669.7249569742207,1855.9625079556565,784.248681882324,-0.03181419592495532,0.4079740953477306,1.0669533876370216,-1.259449807723806,2.326403195360828,0.4092126654163463,0.16745500553715062,10.495843532279588,6.181141474675938,2.7056922547816873,3.1185548485295986,4.166714380610745,4
0.001648556463743279,0.0517646425229108,0.1356237061550661,-0.14126764661678917,0.2768913527718553,0.05179088678463514,0.002682295953938895,0.8568043479236462,0.3083473889414904,0.7221419872780624,0.17186143318244312,0.40013691377830396,0.0012415853728080684,0.04941745504533654,0.11065575562240466,-0.1648944070967756,0.27555016271918026,0.04943304964692982,0.0024436263973958284,0.3669092770844421,0.9747118674164886,1.062773444672502,0.34201904770597,0.03126911920267923,9.791318017510571,0.05438706179425621,9.929556138706623,9.637314334881172,0.2922418038254513,9.791469066106359,95.87286647251774,0.8042650535325341,0.2340855858819498,0.4701377953769218,0.9428709031455526,1.195416558594932,-0.005240787734399879,0.40417220736650716,1.0619144694613023,-1.0338194853210008,2.095733954782303,0.4042061838512517,0.16338263906359188,3.4589926931134545,1.895601459936255,3.4639706037813744,5.895189075984148,1.6875078777363313,43.864240288865865,76.3157822875775,250.17229789056913,-1.0261517078867384,251.19844959845585,88.02369114212543,7748.170202284292,7956.674604929964,5960.329268511923,3671.1482205808516,1862.9397788671763,784.9904580488683,-0.03696257117403338,0.41407407023039505,1.274043244929312,-1.0645270458034108,2.338570290732723,0.41572053991228486,0.17282356730496162,4.721202105416157,10.376058960170798,1.3736498057230075,4.887808839052453,1.980591764223213,3
0.0005268344046212184,0.049197840424934865,0.18258458042464223,-0.11433928433125723,0.2969238647558995,0.04920066114359896,0.0024207050569672486,0.24293566237660114,1.0877661414053834,1.0871314651546977,0.42699244231900685,0.3165038596799843,-0.0003389909720373485,0.05116851272185018,0.1266720555234855,-0.1377342474640362,0.2644063029875217,0.05116963561571713,0.0026183316090452667,0.31228734445250617,0.1690030831368789,1.0171072981143654,0.5395357411661872,0.47243783646616244,9.801098513531366,0.04981630489984002,9.914409538630666,9.672788953778618,0.24162058485204874,9.801225114044705,96.06401373618064,0.8306152813982779,0.7931797015019643,0.7854105317806959,1.3033833059210145,1.0524799150702973,0.018194020324236518,0.397838030835526,1.1738471399158095,-1.3519237579943626,2.525770897910172,0.39825384010031545,0.15860612115464764,6.8207019657186585,5.91174057412921,1.4642453835444162,5.760858785119685,5.748719900845923,0.02932728387521518,0.36642030066769543,0.8738700464195299,-0.8646806507529761,1.738550697172506,0.36759206509512926,0.13512392632090175,10.480513487816443,4.8727348196320825,2.0338693646220345,4.265849791321562,6.99933542759513,-45.13056164224599,86.8122707429216,1.148027027971552,-299.8163825531528,300.96440958112436,97.84241383820661,9573.137945686885,8410.56832391233,6784.24963408288,4760.010925537794,2900.8907024085397,1518.5417476895534,2
-0.002384192268464121,0.04826784502960491,0.11993817984584361,-0.11664028975961903,0.23657846960546264,0.0483266927957517,0.002335469236574959,0.5466739497356016,0.31372400085068675,0.5511404995877817,0.13408205605947487,0.9150801975769952,-0.0040834132233793854,0.048675970905625275,0.12807929995749096,-0.14734279818832494,0.27542209814581586,0.04884694880090411,0.0023860244071581475,0.3875559606567657,0.27327283778165223,0.06895669880706841,0.2742392513296647,0.8297935387262971,9.806644469307134,0.051608195375958406,9.934714476773113,9.68101145538611,0.2537030213870022,9.806780264348852,96.17293915322215,1.0524644002484629,0.25637604312200646,0.11723883482682225,0.5174355778170553,0.24904833122669912,0.026572150053406327,0.3574352572340277,1.0129937168539607,-0.9692895770449366,1.9822832938988972,0.3584215985015639,0.1284660422724163,3.8003539811528015,8.484325449332703,2.315358597228961,1.6196862088405628,3.9974725905741404,43.825252850045544,76.3901909542409,249.74765824977175,-1.17017048329959,250.91782873307133,88.06880299740546,7756.114061395812,7970.816783591574,5960.71003135948,3672.103689603199,1865.221810075985,775.8887150288516,-0.011835790669886555,0.39658006075824254,0.9110400703234405,-1.1015516407669161,2.012591711090357,0.3967566389259198,0.1574158305317927,5.019127342871525,4.813776196359131,6.463638618689593,4.46604456833053,4.823408187752949,3
9.845793401693782e-06,0.05440056111829572,0.15964300575346693,-0.129366414161269,0.28900941991473594,0.054400562009275934,0.0029594211469250757,1.116240524845632,0.887579588058021,0.07696802672003862,0.24235791681921245,0.4610209097096176,-0.005611837625034825,0.05218202604364153,0.1525658199949941,-0.14222169020503364,0.29478751020002775,0.052482916873484074,0.0027544565635490396,0.6336355196820662,0.3348418840467455,0.9982520582664784,0.35169479640069157,0.16533505791250283,9.793596264689226,0.04690609638896924,9.926507835189138,9.673583526551678,0.2529243086374606,9.793708591622135,95.91672797761322,0.4600749002590399,1.1879655247373293,0.5248204416621703,0.7861592312362992,0.9429615569345868,-0.025949295185266213,0.4015185986908488,0.9576094243281545,-1.1179443484989755,2.07555377282713,0.4023562488830949,0.161890551015275,7.789792007867598,6.230246134445374,3.5929144821490455,5.030414522761998,0.23296996697903619,43.89900253016218,76.33368674422732,249.8787808285692,-1.3475991559472043,251.2263799845164,88.05653953630595,7753.954155109012,7962.294415882804,5959.3269744643685,3668.278154311584,1867.1348110204422,776.7004349210184,0.012993075747154675,0.39701874370555923,1.0141074830611838,-0.940160313253379,1.954267796314563,0.39723129643938154,0.15779270287091182,7.867962896072993,5.972346052924347,5.9481412889530905,5.160430700887645,4.622063802479473,3
0.002645490125132207,0.04540817696405694,0.14526498663813533,-0.10239524093733916,0.2476602275754745,0.04548517509256487,0.0020689011532012834,0.3583261183018416,0.45931397732511,0.673126565840255,0.5610020505164734,0.2007875681282218,-0.003121949506754683,0.050020557950404256,0.16071094794007929,-0.1262923873917547,0.287003335331834,0.05011788888603027,0.0025118027863924764,0.7023128060113958,0.8283581399572946,0.9710503461930347,0.21561196527897775,0.9697935922582042,9.797687279825789,0.0483565804706474,9.926900703234958,9.687081275924251,0.2398194273107066,9.797806611284738,95.99701439213491,0.27229715065926224,0.23838461365275568,1.4282316588626291,0.07434454945998363,0.5482622601600575,0.42334627616579723,106.19197490997225,150.41224169651588,-150.64516613653615,301.057407833052,106.19281876544063,11276.91475734972,86.42378554056117,80.1042269522789,84.72543697823714,93.81470040321142,106.36843618974014,-0.5816412796867354,84.66474893667916,120.33032774814316,-120.30845435818792,240.63878210633106,84.66674683185335,7168.458019089149,127.36667306704335,133.54553579558464,126.08196794080874,127.78096262846394,143.21250945704395,-0.43019180695366943,127.50614180173388,180.58443001795683,-180.35739696029418,360.941826978251,127.50686750977235,16258.00126215464,92.60067646025563,95.01580785002567,100.40824432506064,116.60870408625296,118.07233700588985,5
0.001400716800502342,0.044005447219103065,0.12867253270555642,-0.11812925040768263,0.24680178311323905,0.0440277343558407,0.0019384413925084755,0.9579176740920669,0.49286772083547986,0.3317170727629045,0.3403390653685375,0.4419151354910582,0.0018164388242759082,0.05330872487353032,0.1390909271390894,-0.14999276218082333,0.28908368931991274,0.05333966251903068,0.0028451195976440867,0.1850261006013549,0.3604254448048087,0.7737033801355067,0.21746562704263003,0.17232582964331547,9.799982956210888,0.05007197000651685,9.918942306509244,9.643629551051868,0.2753127554573762,9.800110874077099,96.04217314420421,0.8370979779133098,0.22595462756254484,0.5465274926893787,0.31836206106496684,0.6933841634121736,0.41288884816275756,106.21436529142822,150.2121134160748,-150.55117365944656,300.76328707552136,106.21516780319978,11281.661871461887,79.6210838432843,74.2077632827481,86.80252104248932,95.75072447381818,96.34637565402352,-0.6625080282506317,84.70136689327539,120.22823688206357,-120.91659382703956,241.14483070910313,84.70395782061631,7174.760470476746,133.4078399496055,129.55241033689063,142.36905486488703,134.24618523461336,133.793483000209,-0.4336334635165406,127.51949691157705,180.436296222134,-180.8787007323941,361.31499695452806,127.52023420054712,16261.410130562388,87.79475964191728,91.82457147543845,100.65322183550893,112.04442163052474,118.4485872473447,5
0.0006876986828777766,0.04855903901402659,0.1207965544366531,-0.10533600044673824,0.22613255488339135,0.04856390840371261,0.002358453199444188,0.8630995626546062,1.069608184204821,0.47521307665274615,0.9158187000067984,0.7118414028033294,-0.0024600857077792626,0.04818121237078337,0.13137049120751818,-0.1532630733763404,0.2846335645838586,0.048243976278994134,0.0023274812472081487,0.1938412084314602,0.3150236788251338,0.8132079860612031,0.5202468317416127,0.49130645336571677,9.801497653121578,0.05079476423927496,9.940533678687137,9.674095793841326,0.26643788484581066,9.80162927029083,96.07193635222194,0.6691230465088629,0.8815568224469964,1.0542208052395994,0.8030464993064783,0.30780497407428464,-0.032986436756092946,0.39247086989052454,0.961140598422929,-1.1056311553761493,2.0667717537990784,0.3938546543110653,0.15512148872248877,9.470956256202692,5.4631269550891455,2.6623003673073655,5.07567853943745,6.1903934092743444,0.03134564463120328,0.3999114799562414,1.0433237273909104,-0.8782600146955799,1.9215837420864903,0.4011380575788552,0.16091174123813695,2.9604682944052896,6.593203750475753,2.137375876024736,9.280038707718585,5.112189683439036,-45.10918224822862,86.83987348786131,0.9878808375067241,-299.5676515142,300.55553235170674,97.85704854782645,9576.001950491662,8410.052601528403,6793.468306307541,4759.659282051942,2897.9449062547287,1519.8175967017514,2
0.003606288229829962,0.055388564356073394,0.15007700328758652,-0.1377438468010606,0.2878208500886471,0.05550584091988422,0.0030808983762234936,1.002273100320707,0.9902317264022429,0.5627001845840327,0.4089862447749427,0.366121678945309,-0.0005652730544652628,0.04810970161383785,0.12934324998754373,-0.14811536609168513,0.27745861607922884,0.048113022384782864,0.002314862922998617,0.24001040066136284,0.9905746524237032,0.6951470330399282,0.43153874438341944,0.3947224053892032,9.805211350354464,0.046952384986217115,9.916784770675681,9.649054243715652,0.26773052696002964,9.805323765770098,96.14437415157589,0.6454576489321608,0.38318275727948115,0.5970288561143358,0.43442455703275296,0.5041421483539053,0.0048719270954535486,0.36531231322433233,1.0437549820979546,-0.9187084404815963,1.962463422579551,0.3653447986039162,0.1334768218669361,2.337579660040675,4.361862181289645,1.472145358613522,2.8665287530728425,5.666752464899326,-0.0526239112523425,0.3931860443987516,1.1816105700615027,-1.0732040365948607,2.2548146066563635,0.39669199833804497,0.15736454154543147,6.30547450895356,10.683517409045885,5.679653049796954,3.656571885970979,8.061359832314505,45.13828098763317,86.79544142272673,300.06091953226905,-1.045156667777759,301.1060762000468,97.831043448818,9570.913062284515,8403.032318661973,6793.614403822344,4755.201238558169,2893.200339658714,1531.2110532897034,1
0.004793173400775574,0.049988937080640755,0.1381256635657154,-0.11532748863622133,0.25345315220193676,0.05021820727288224,0.0025218683417021627,0.4135247151640341,0.25384484599331153,0.8988629534583263,0.5715646214013886,0.23842293499116102,-0.003556877088752715,0.049892242821422905,0.16117360467077912,-0.1508839177004886,0.3120575223712677,0.050018869123325045,0.00250188726837632,0.45203746635815745,0.8945479799392755,0.5172420810147847,0.461069879787262,0.888880503482624,9.798487083678713,0.05296344564823551,9.958642197737394,9.668506760453868,0.2901354372835261,9.798630223433962,96.0131542555935,0.6582071478416424,0.14945794998984696,0.8642404847563485,0.5629827296040099,1.017402754348375,0.02208083885489698,0.4167735280637706,1.2464706451931815,-1.1848427444706509,2.431313389663832,0.41735804429681067,0.17418773713925856,1.8258800566639688,6.485091814444703,6.3840912731279476,3.693882304633788,14.655681063645456,-43.88331723046792,76.36348246847987,1.0324069805514444,-249.7972463427518,250.82965332330326,88.07455356607672,7757.126985863717,7962.098150936006,5966.266265638291,3671.613654533454,1861.8833009486195,778.0783496842579,-0.001225055723551982,0.44486906776020196,0.9467459180927756,-1.3681340589787174,2.314879977071493,0.44487075450220037,0.19790998821135702,3.7557660932291634,5.843163016990746,3.6399388149246477,3.318759165324326,4.016076482037461,4
-0.0020323736248037557,0.052190386279317845,0.1153454957373607,-0.18342643454335722,0.2987719302807179,0.05222994316036737,0.0027279669625352066,0.4977370945244612,0.5124035697716768,0.8178886630021878,0.6275317733701237,0.7858182649973576,0.0022140109559750844,0.04939029024263238,0.09923078561438131,-0.15017824818881195,0.24940903380319326,0.049439888903239304,0.002444302614764645,0.29305395960633246,0.21338370208767654,1.2666597511139543,0.5973457736822194,0.9809475340513167,9.796196359034507,0.05111328059991995,9.918543378185168,9.637161953601309,0.2813814245838593,9.796329704139946,95.96807567221465,0.22857880203978956,0.796991982750763,0.6511105681619963,0.43038885753232453,0.4100311263233433,0.06990259987695936,0.38948213365825735,1.3590530507029859,-1.3966323768794406,2.7556854275824265,0.3957053271167156,0.1565827059085469,3.4158639571874905,0.1173090348031528,4.775609221589443,6.063533401430537,4.42440702261661,-0.03338068670269342,0.4029246960933494,0.9754925442913165,-1.1321489303518857,2.107641474643202,0.4043050592889747,0.16346258096666133,2.9400059988046934,8.685318352765654,6.733423158181182,2.481919581210973,7.983051117727283,-45.144347913124854,86.81313350521935,0.750311194115894,-299.60427077275324,300.35458196686915,97.84953907656539,9574.532297496298,8408.972821656604,6790.2111833812105,4757.451483198802,2896.3971978172513,1523.5393061946002,2
-0.0015653913317701165,0.04793727518663385,0.16215464847973668,-0.11580719314844384,0.2779618416281805,0.04796282729719592,0.002300432802340642,1.269822406879526,0.6175410445754121,0.5723651055999787,0.5432571456221204,0.623378951986958,-0.0030533213957696106,0.05044278346747151,0.15760283672560427,-0.1195152183734719,0.27711805509907617,0.05053510834550651,0.002553797175492082,0.9786691650589154,0.5403150515151538,1.0308073979676002,0.5322864388642548,0.5706127303584263,9.796004430500728,0.04933135015197707,9.940732722223629,9.649618383015312,0.29111433920831686,9.796128642708696,95.96413638449772,0.9197050389428174,0.6355628063364306,0.5491370309624779,0.5213081695898178,1.0124133019474733,-0.037786455209158146,0.29796719317275117,0.6588669426458397,-0.8563879988713173,1.515254941517157,0.30035356565974264,0.09021226440452133,0.6477507820008768,4.764010357280887,3.155586254479074,3.42617531028619,4.1231830832783825,-0.002884566490937593,0.28079266772479794,0.6225195118045624,-0.7494183052478818,1.3719378170524443,0.2808074838245046,0.07885284297184943,2.1862858689605207,4.694451570437032,7.426699761020626,1.3557409997160026,2.591965809091491,-0.016241909876457388,0.3057597036999152,0.8265653231159705,-0.9530111439588002,1.7795764670747707,0.30619078373310793,0.09375279604309487,5.049422836915464,1.6110363738419125,1.0702662082956937,5.658269161222586,1.196226509906042,0
0.00032542778830145004,0.053125671328383556,0.10739350285628575,-0.16643989727811093,0.27383340013439667,0.05312666804286556,0.002822442857336833,1.0660022216527816,0.59109423030092,0.45265653212539814,0.7769946800879448,0.6364745942519736,0.004163665965069697,0.05316820542118565,0.16006449363257247,-0.10918532253975391,0.26924981617232635,0.053330987071102245,0.0028441941819780745,0.18932498960838323,0.32390867842653803,0.5095846140172656,0.7791584290562864,1.1707949622162739,9.800693309644169,0.0535548808232271,9.947297422496174,9.668119111118948,0.27917831137722615,9.800839631121608,96.05645747496393,0.8112959855570927,0.16659313243267226,0.5160865207277238,0.9613425718953549,0.4012577291459317,0.008273936464680167,0.42464943318947307,1.2390978724222628,-1.0564812428929382,2.295579115315201,0.42473003088169115,0.18039559913276232,2.612073716905139,3.209197002204566,1.9411206418799112,3.2820506751625187,15.411393951396446,0.01230932277964613,0.3811910847253453,1.0013114246608585,-0.9196634629413435,1.9209748876022021,0.38138977765716126,0.14545816250137888,7.961592136846131,3.432284278142426,3.557930654971904,7.975125427737803,0.8872271331939784,-45.16003270400395,86.79846579001278,1.3157731659373582,-300.07683132112277,301.3926044870601,97.84376432520739,9573.402217326726,8399.40013936034,6795.238809864213,4761.224016703738,2891.131600978791,1533.3772013253167,2
-0.001255193160276859,0.045574823019904856,0.11613990241629163,-0.10663940426474386,0.2227793066810355,0.04559210461434365,0.002078640003165255,0.7347062857529832,0.8686600404368741,0.6852769574024673,0.6879838304998511,0.28185663050041676,0.0006679611352374862,0.051668024234998215,0.14989379895415475,-0.13152305060427824,0.281416849558433,0.05167234173546377,0.002670030900426551,0.9532002222348861,1.133310974623923,0.9276736174203974,0.5732035565183831,0.40939376762297275,9.803098119802964,0.049397528253542176,9.927431452454272,9.689279106701267,0.23815234575300437,9.803222575371935,96.10317286228195,0.7534928712502389,0.7792145829563653,1.1586304383173673,0.7383224266017182,0.282023552102008,-0.05450022374286103,0.3889559366401082,0.9946036668537638,-1.1070913655442907,2.1016950323980543,0.3927556429074009,0.1542569950356058,1.5576938416789545,9.607229669318189,2.7636237677359983,3.648204985604475,1.310338694980273,0.024519158821993913,0.3756791014894044,1.1481485610697086,-0.9481331262646041,2.096281687334313,0.37647838775316755,0.14173597644522437,2.9982913795165174,2.481067558105027,3.551805618643682,6.947677469203496,3.6659874459886477,45.1121841409222,86.8329629166668,299.6184743308326,-0.9021182357582642,300.5205925665909,97.8522999568825,9575.072606851707,8405.783643822064,6796.806097443677,4758.87905109251,2896.0885344862236,1524.7791544849326,1
0.0023958913990903357,0.058679523975752115,0.18726896139879146,-0.17106898106083604,0.35833794245962747,0.058728415861634665,0.0034490268296171024,0.5744607475385426,1.0214861284421937,0.22207039994245686,1.0592182049538374,1.6476214976568058,0.0009755686100444506,0.05119665357712863,0.10963861621554366,-0.16126530944969186,0.2709039256652355,0.05120594761948481,0.0026220490716094224,0.4518465430213475,0.7642218332350778,0.5517124822663771,0.3341078706135416,0.26113271848875474,9.802989939146137,0.05452698790409148,9.937450386738133,9.66845249078694,0.26899789595119294,9.803141585196569,96.1015849394103,0.7345195379086161,0.5030409249786086,0.5842984136111739,1.053599334269798,0.6706488908098751,-0.0013755089004543414,0.3087091067479111,0.6573937748307529,-0.9795566035949353,1.6369503784256882,0.3087121711462449,0.0953032046138284,1.4836618547931346,6.912949179584241,4.293548216793199,2.84507571031588,1.3966966078703584,-0.03728459273160252,0.2936467028963431,0.731776501070509,-1.0224823767981075,1.7542588778686166,0.2960042685115447,0.08761852697705466,5.123919295441923,1.4287677291280871,2.102691023593997,2.919041657557054,4.8988575259560045,0.004336475428157107,0.30259407979612324,0.7073989957288013,-1.0259717937461128,1.7333707894749142,0.3026251512131825,0.09158198214680159,6.300176764811178,3.3552022748089705,1.8724346642918277,1.8773112069858964,3.1608053719376796,0
0.005731546149618759,0.050014966627698006,0.1429826448006743,-0.12686905971266185,0.2698517045133362,0.050342303364416634,0.002534347508034954,1.1551798943372311,0.41124687794741654,0.6322874989439811,0.14370242650009438,0.31410957359346464,0.0012554162653049658,0.048372566328096736,0.12029927029148667,-0.12766605562078903,0.2479653259122757,0.04838885453454452,0.0023414812431653102,0.13868024438036672,0.6793075072841898,0.5823030831697975,0.4233573337219976,1.4005205254676882,9.79655075625083,0.05048899417132835,9.92224448385271,9.655048225337556,0.2671962585151544,9.796680859267141,95.97495585833117,1.014578804492569,0.8073227274949555,1.0272347850696872,1.1331923540473543,0.1372912550561528,0.004631275797418337,0.2981640950438095,0.8445204467032977,-0.6951001943769239,1.5396206410802216,0.298200060846415,0.08892327628880559,1.6380783270258596,2.579840597338134,3.598044308380834,3.769448322873776,4.391579344780466,0.029827839860056854,0.2883090129856247,0.7753814803984502,-0.8235561065702189,1.598937586968669,0.28984786871643947,0.08401178699946232,1.5094791502482463,3.552532659745872,4.595176568224235,1.7612871181749565,2.3053897799684813,-0.041901250747545325,0.2953584992199994,0.8440453279968677,-0.7416747216116538,1.5857200496085215,0.2983158692991357,0.08899235787569904,3.2324242162901324,2.0977335471230965,7.00984348109951,2.7891778308463873,0.858059106672591,0
-0.010348450184123354,0.04666656357026449,0.099165814200665,-0.1452301077848261,0.2443959219854911,0.047800194316245416,0.0022848585766708203,0.3096977855079173,0.4310892801193522,0.30956556643936367,0.5780269082313321,1.0215608254550546,-0.002458594902457554,0.0497848618958284,0.1560502036769468,-0.15332210206796176,0.3093723057449086,0.04984553302835768,0.0024845771628810966,0.8544627885478774,0.6435766855721616,0.18493598719983134,0.39857812729822156,0.306648427632734,9.799066054962305,0.05204955204087174,9.94221326368486,9.683901148454412,0.2583121152304475,9.799204289399327,96.02440470538218,0.4699128257799195,0.9958888720098742,1.0858005281817775,1.03719584734081,0.22048150201141736,0.44412615061003663,106.22272028966303,150.8460412176552,-150.92753267958514,301.77357389724034,106.22364875004835,11283.463553773649,81.93932557598512,88.36794172545099,79.10086918507479,89.80810386457975,100.27155715205532,-0.6449862894261017,84.62683838309123,120.08023251690632,-120.34933657536156,240.42956909226788,84.62929623972653,7162.11778203139,136.21747998871052,131.31120489320477,124.10972085694901,135.57734301609517,144.62058978457617,-0.46928163043819127,127.47005049546222,180.58319682016403,-180.2822248017526,360.86542162191665,127.4709143238737,16248.83399856435,91.08528649489263,97.76941687330213,94.31871217716134,94.75823023228892,114.42498207191048,5
0.0008178626415030827,0.051440057399867095,0.14472328958388514,-0.1515232895368918,0.2962465791207769,0.05144655872458321,0.0026467484046019886,0.850469425586233,0.32675335183765436,0.7884389354488616,0.635876117414231,0.756610068730526,0.0014222996200514615,0.050214980033596215,0.14940428185519422,-0.15032026797573356,0.2997245498309278,0.05023511875156328,0.002523567155983665,0.6188707623483076,0.5495454769342674,0.9811985510269419,0.8359164482443945,0.6527835840332838,9.79988965784406,0.05191540718056997,9.93893738668821,9.657991897643626,0.2809454890445835,9.800027169116506,96.04053251542169,1.041023730611493,0.9009282667234549,0.6460377990437439,0.44055974518415625,1.4156103186986106,0.4149646549244838,106.20087231810118,150.55859441525075,-150.50066454770138,301.05925896295213,106.20168302240064,11278.797476790462,75.03775554438249,82.72031934620081,87.83741335958777,93.29783510658287,101.95686388196692,-0.6193270909313486,84.60173151140137,120.14084149436675,-120.29142168334705,240.43226317771382,84.60399837343863,7157.836540772805,124.57542034347617,127.59299124939346,131.0809627418603,135.2116654898619,142.8708267840186,-0.4363161204627877,127.43478503858928,180.4896142121328,-180.28042063952464,360.77003485165744,127.4355319743612,16239.814809588435,102.84916773191877,95.52308439831259,99.1766535036063,111.11088057603172,109.61778955014144,5
0.0022037057747305287,0.04909105336139514,0.14110001249191992,-0.15052612581567584,0.29162613830759576,0.04914049083264153,0.0024147878392729257,0.796410385074111,0.40555052223842764,0.6834761825711976,0.20825044881532428,1.2553209209061873,0.001740821094286657,0.05040309798817951,0.14985991458595693,-0.16679507747345482,0.3166549920594117,0.050433151248839674,0.0025435027448883385,0.5221689833794706,0.5626061546320377,0.45939591473728875,0.5053402117558627,0.35299123350049527,9.800844146319083,0.04962215688444077,9.942350479447883,9.651198376299524,0.2911521031483595,9.800969765226851,96.05900833889089,0.3578573163726633,0.6521646375155695,0.5148896336274696,0.33310855854163307,0.7261390680937384,-0.016829712932841624,0.29386793090409585,0.881456420146731,-0.8224468288432131,1.7039032489899442,0.29434945226933296,0.0866416000512563,2.4762173109345547,2.4478469449936475,3.3987913965121845,6.021655071366483,3.6770914903646257,-0.01774419436850054,0.29726822737921355,1.1826993032420057,-0.7145973819409975,1.897296685183003,0.2977973395498471,0.08868325544296693,8.03650492746966,2.047463603925586,1.877260141865237,3.8360125427282448,8.769874667986286,0.012263955811729706,0.31261754162522953,0.8120063822926503,-0.7272794612091857,1.539285843501836,0.312858006041006,0.09788013194395415,7.588132178673928,2.48597100847453,5.29198066268579,6.86178776399419,7.713943795026297,0
0.002915743769248546,0.05001398076423246,0.10968043862988511,-0.13428441040226916,0.24396484903215426,0.05009890052299478,0.002509899833612927,0.29777172388730616,0.268242208115456,0.16519708952721643,0.7641976159161051,0.259712424371412,-0.0024027880341274737,0.04968524757073928,0.15049310978939578,-0.11614809391578862,0.2666412037051844,0.049743313284325956,0.002474397216502599,0.8412048538923246,0.4818870465398028,0.6899724034675775,0.5381934215208816,0.7122483268960679,9.800207914003472,0.04664948722924934,9.925998177563999,9.70105073884609,0.22494743871790845,9.800318940338373,96.04625133235504,0.13299282278034505,0.3090214636946128,1.0731425767309528,0.7109956110869787,0.3799325116637688,0.015203970702345195,0.3212859084948905,0.7176980042477207,-0.9054595000687073,1.6231575043164281,0.32164545033702086,0.10345579572250493,3.3370933922928514,1.6761616020226973,5.110480327430086,4.094406350383445,4.556237614275005,0.038219046484971264,0.32000779879184266,1.0609594964620097,-0.8018684438534193,1.8628279403154289,0.32228199887958503,0.10386568680182083,4.66496198125768,5.522433829295162,3.5807294923402053,6.960113318221654,2.0060303173920775,-0.003723835277722416,0.3054952533334411,0.7808802125083668,-0.8971218913706461,1.678002103879013,0.30551794834091,0.09334121675843896,5.9564748975271264,7.912488340727259,1.7937914754708835,1.807670646675181,1.6029208969930049,0
0.004309917225513066,0.052223526045008704,0.15896387831741765,-0.12199597370371103,0.28095985202112866,0.052401069254973,0.002745872059064477,0.17954159857272337,0.4339142698873656,0.6778450561130788,0.6530514496628814,0.16437563912528244,0.0046119399074160735,0.05090044833441909,0.1514502981809006,-0.13737751042584767,0.2888278086067483,0.05110895841586369,0.0026121256303544838,0.10370302033193207,0.7662621790247791,1.0685278390811475,0.3864242749557118,0.8425144676532411,9.799989039611807,0.051738668620975405,9.924283139660371,9.61720493767737,0.3070782019830016,9.800125614824651,96.04246206634224,0.9338491550166025,0.5773647621870888,1.3641489049275475,1.0443446130539278,0.8554531982226351,0.447976652082769,106.19991728274708,150.4280937300925,-150.35610133195215,300.78419506204466,106.20086211487707,11278.623113943133,81.85808393006066,85.47397180676968,87.38251072852066,97.18165184513256,95.1799753654589,-0.628084583955293,84.59333987702207,120.97649773980176,-120.66875636574797,241.64525410554972,84.59567153107761,7156.427641793976,128.91689272512858,131.92124182933478,143.34041102883316,134.63753180355968,142.74433144834214,-0.4143719976792687,127.46600758508927,180.7430297634641,-180.66835327160447,361.4113830350686,127.46668111249502,16247.754793834496,92.99533093836651,101.6320765840738,98.13487524046185,109.16435877758809,116.70689353267993,5
0.0072380570181253615,0.048057047781607805,0.16143077483519808,-0.11091517211059486,0.27234594694579295,0.04859906697542011,0.002361869310881369,0.9801725393657301,0.450648904268896,0.7189638972973199,0.3850537261464216,0.9969229917279553,-0.0003077491470191948,0.046802953086225244,0.11222498629341005,-0.11321900205921337,0.22544398835262341,0.04680396486547793,0.0021906111271288923,0.990781879724019,0.38516295320193117,0.46406899444004585,0.7917234661129948,0.733310171898503,9.802910147576952,0.04959766076627172,9.960313424395348,9.688037883175703,0.2722755412196456,9.803035616043667,96.09950728942066,1.1345705507678643,0.24965401239241217,0.5660043558811714,0.7919360858757098,0.6666631685611887,0.0016586519525054232,0.39089190970955856,1.082051716657978,-1.3384950534164353,2.420546770074413,0.390895428730863,0.15279923620268523,5.426711427631976,5.359868927740739,3.922695963986813,3.8360265395943416,6.041851621071873,-0.03987097745240602,0.38888568549028896,0.9513214942578655,-1.1581652182481041,2.1094867125059698,0.3909242525378315,0.15282177122226223,6.586124546448507,3.854235971230036,8.97905828773038,3.984948154167266,2.3839215947699333,45.15712407207512,86.85270904300828,299.8948683451779,-1.0013851438276622,300.8962534890056,97.8905456240297,9582.558922570239,8411.910449211362,6794.572777982476,4760.407106112425,2892.8194939854507,1526.9418152554604,1
0.0012459631143056883,0.05250909670148925,0.13213199308031212,-0.17444246164378943,0.30657445472410155,0.05252387705119034,0.002758757660488559,1.3675342512257722,0.986217012551017,0.5407711252893761,0.3991893553468505,0.3502513486757888,-0.0014522747061801844,0.04965999667719783,0.1483367698483716,-0.12964097676128936,0.27797774660966096,0.04968122755932577,0.00246822437180151,1.1798562412752465,0.28433250986614633,0.5881557621270457,0.7284323747257389,0.2162592262352961,9.80297726663399,0.04835422287844096,9.935551579787347,9.660242504062994,0.27530907572435304,9.803096522069595,96.100701421013,0.44157427287053,0.24450620953831828,0.9016964438374115,0.5175357355239487,0.33677782125974487,-0.0060050556024368405,0.37923263908379246,0.8513380977500344,-1.0154259478154515,1.866764045565486,0.3792801803933951,0.14385345523924634,7.020644684956749,3.1528870988498663,7.185878967682521,3.244288283722201,5.064419284570691,-0.0776377655166238,0.3834091428801486,0.8698953100549766,-1.106549122633561,1.9764444326885378,0.3911907379763796,0.15303019347850447,5.104050885851309,8.768970236997477,0.7246653489874945,3.094324562483871,0.983409799106507,-45.13090753724843,86.80922446924548,0.7704694457956649,-299.90944018233273,300.67990962812837,97.83987054410649,9572.640268087516,8406.596451768255,6792.682486419511,4755.345187930462,2895.085347437967,1528.0169786535614,2
-0.00369427009019723,0.04992628222814466,0.12612759963806808,-0.18440118942116057,0.31052878905922865,0.050062773481137454,0.0025062812886236796,1.015634816824948,0.7842189088023728,0.6656370637136676,0.922041071240828,1.116982296843037,0.0059433338530121595,0.05066332849975757,0.12858268148834714,-0.16802621815967775,0.2966088996480249,0.05101074467171312,0.0026020960719627083,0.9888379417217686,0.5689295542316644,0.05270562266772983,0.6259017445770619,0.35196344736665924,9.801129123017787,0.05019820148544082,9.932689429161492,9.671260060451734,0.2614293687097575,9.801257671620505,96.06465194549979,0.37641621756791577,0.5101961883637427,0.3740649878738424,0.9871082237143454,0.7496171310978056,0.013298977862500816,0.30111996766479193,0.7447848789177631,-0.726089351110262,1.470874230028025,0.30141349959587516,0.09085009773863263,3.4329860630700684,0.5451552867567022,1.7202796960180557,2.4109357277622543,2.4066934198644416,-0.030064901658665596,0.2915003578910841,0.861654850807922,-0.8165144958287749,1.678169346636697,0.29304668051758465,0.08587635696237533,2.533419007226947,3.0802920131759763,1.3055185957040358,7.575072343054505,0.9304149453786951,0.0061169629595475405,0.27244011801988943,0.8016580421288327,-0.7325745257772004,1.5342325679060331,0.27250877993661005,0.07426103514253977,2.736010141384257,2.82048274201906,3.597524361371912,0.8073118395786111,1.377005948499184,0
0.0013100340216051123,0.045703210205270475,0.10956084559491922,-0.12156936721224337,0.2311302128071626,0.04572198171782258,0.0020904996122049022,0.43382525754592066,0.4709972665426535,0.5627888962663102,0.7091464918860896,0.5375076029291317,0.0068706347235909645,0.04862959582610357,0.15203047561657926,-0.11446130921734017,0.26649178483391944,0.04911255655853403,0.002412043211715204,0.5386134221448784,0.8267984002455886,1.1767394337802164,0.5163294670988993,0.450507568396467,9.801424782983224,0.04934018324425791,9.931573729563024,9.679546368717842,0.2520273608451813,9.801548970961697,96.07036223016031,0.5160235763518385,0.5106436076322702,0.38785249921325154,0.7451039082238899,0.6665322205599584,0.3321870993419239,106.25757410148526,150.65348715879207,-150.4322349151631,301.08572207395514,106.25809334917317,11290.7824022016,78.32344242305801,78.79304904651472,81.4118589398731,85.49652353201922,94.60330254546157,-0.6349671817809854,84.57025248476545,120.18997789470792,-120.73167631808725,240.92165421279518,84.57263616950175,7152.530788658914,123.80942622553745,136.18957173822037,126.95334879751097,133.38992738426182,146.35609076298394,-0.4800120924067633,127.48010929177482,180.11050806913528,-179.72182633230918,359.8323344014444,127.481013004493,16251.408676651712,91.8856173944628,90.05997518710416,104.43344397895895,106.51020386877471,107.27555217040619,5
0.0011288944871891784,0.04838887857232,0.11953051120847702,-0.11428731859519958,0.2338178298036766,0.048402045124663236,0.002342757972249936,0.3536969342160256,0.10519914164843762,0.6508896209869924,0.5842943015973603,1.0397789435185711,0.0008808240984972036,0.04759238678237018,0.11997284399284375,-0.11783216855189137,0.23780501254473513,0.04760053708452476,0.002265811130735217,0.5569045779858284,0.4293320737380706,0.1509983556005474,0.5481463543729179,0.5264311816538723,9.800594605367468,0.046851484826941674,9.940920874030297,9.63107829599252,0.30984257803777737,9.800706590873357,96.05384968038845,0.8414293682907609,0.25331968931053434,0.9201796801073068,0.16930121233985837,0.6677965198835357,-0.01918608734884661,0.40466078271210976,1.0887061324678367,-1.0075467241023242,2.096252856570161,0.4051153601295993,0.16411845501293493,6.038881585189976,8.788825647079637,7.562217004593101,2.9398695800582053,4.752990089901076,43.87947181130683,76.37834224319688,250.58970174966274,-1.1466696414638216,251.73637139112657,88.0855221376259,7759.059210258183,7968.234543234448,5956.791002473004,3674.5403157995574,1871.9518519548878,781.4528283830595,0.01658830033553886,0.35685310324996783,1.188235764651499,-1.029827441983875,2.218063206635374,0.3572384483886837,0.1276193090071542,8.381205764399947,6.488049808387883,5.27245226607817,4.503741560327747,2.4011715119542605,3
-0.0026324823752208954,0.04914427372875812,0.12714197909752153,-0.12305873006923417,0.2502007091667557,0.04921472954089003,0.002422089603782954,0.5445202214184256,0.3291907207752309,0.8440047019964829,1.0616299121579884,1.2943056796034773,0.004364160214750736,0.04645380715468069,0.13007045240989398,-0.11849598634424635,0.24856643875414033,0.046658355023985534,0.002177002093544276,0.8314429338514303,0.642120077974948,0.41480355745161435,0.9910114519172178,0.3971529817232618,9.802191876366159,0.05207126419567792,9.938827132670417,9.673886087682254,0.26494104498816284,9.802330182035986,96.08567699765365,0.3583491978085279,0.4200609603568373,0.9744075102622934,1.126750817049123,0.3512465430177002,-0.0038464387524465723,0.34629479760461906,0.8810545624933793,-0.9543060187064077,1.835360581199787,0.34631615893443435,0.11993488193910039,4.090724256650857,8.406625735474343,6.845070882398126,6.773059878002352,2.3769211092779403,-43.90033349506271,76.3999424522055,0.9327385056060885,-250.62382475311898,251.55656325872508,88.11464400244738,7764.1904876780345,7966.919363797018,5962.722437280267,3675.1913968372055,1874.883925761771,780.571039831547,-0.022583104881690887,0.40459155058428903,1.0824732578893792,-1.203617402998914,2.286090660888293,0.4052213215395961,0.16420431943029676,2.911508302388143,5.0344360238235595,6.227676359131468,1.4142932263230525,10.363577421226616,4
-0.0017436650264715742,0.0508037232658317,0.13672799252338674,-0.148260747610907,0.28498874013429376,0.05083363714506124,0.00258405866539575,0.41515438828693896,1.0674809982208737,0.23368930229869986,0.8741645961958491,0.8693520128743338,0.008100969240502435,0.05112590115054983,0.13475201112304622,-0.10196115420448922,0.23671316532753545,0.0517637273686059,0.0026794834710913594,0.4705697898565438,0.8657404477804523,0.05326583838580077,0.4838814984980919,0.9899037612298222,9.797962579632523,0.049693926087082105,9.91319604517452,9.629746265551233,0.283449779623286,9.798088599220215,96.00254019816916,0.6575002359545262,0.19894460525262486,0.8415441523957384,0.4600196942883105,0.2698202400647091,-0.02826976381119798,0.4031834421195056,1.1722204952865032,-1.1561765463165627,2.3283970416030657,0.40417331374705284,0.16335606754527363,6.4326693351548405,5.477065474230586,5.172609748988425,6.065417188407268,5.776725848020719,-43.87682227123962,76.39036552706091,1.1187557879911123,-250.0127430350476,251.13149882303873,88.09462797458154,7760.663477979924,7970.992391925616,5955.653944130299,3678.188347538115,1864.2276882129374,782.8083921609673,-0.018576454447947678,0.4280223664696747,1.0558015804153422,-1.037926771107543,2.093728351522885,0.4284252920383636,0.18354823085815716,8.690649440460437,6.8978305196529055,4.4196190325610765,4.760844613188742,1.212183669743686,4
-0.005379091374789639,0.051155877082723115,0.13185171408229654,-0.15987276228317865,0.29172447636547516,0.05143790804573036,0.0026458583841210124,0.38609991492450224,0.503675512683162,0.7296933462149322,0.178050150139724,0.3510612079602639,0.00014543106511377162,0.0538054969351401,0.13006737389729292,-0.13196602371051425,0.2620333976078072,0.05380569347784741,0.002895052650632071,0.3014470061553571,0.6903645577005496,0.7389865296933101,0.8988623291907174,1.0396907426598572,9.804162995257455,0.05005278658090277,9.956035507374482,9.644538163265869,0.31149734410861285,9.804290760632313,96.12411731902013,1.243321610778421,0.8096969742285918,0.2651521059242876,0.3905612752077677,1.236215369404237,-0.016093629722467237,0.4022191864148431,1.2913507309019423,-0.9940103267885402,2.2853610576904826,0.40254102752124804,0.16203927883786218,7.9290881004593405,1.379786067472562,8.24416418109331,5.661858200412295,7.027731237199873,0.03326311438481824,0.3903730464718889,1.0354458998589708,-1.0943616026311482,2.1298075024901193,0.391787634044671,0.15349755019032105,6.400698073729406,5.7688429598446,1.2525330324172028,6.303554856225943,5.937318976442103,45.15705376629428,86.75829471803763,300.23326672776693,-1.118953570831945,301.35222029859887,97.80675440496873,9566.161207233868,8407.78613182546,6779.469606476722,4759.537800452216,2883.8716437460835,1531.7920290314105,1
0.0011030192760975938,0.04390913246351044,0.16804476181343353,-0.10313694781124272,0.27118170962467625,0.043922984475346726,0.0019292285652215495,0.7626251719503798,0.6376397106473098,1.0244104027225218,0.47660948576966666,0.6311850539351729,0.003209507404715642,0.05346784513746833,0.13189647105928748,-0.13126373562616805,0.26316020668545553,0.05356408686260991,0.0028691114014252196,0.2545686285751348,0.8328817265824079,0.7589487011110111,0.28726969565234756,1.2560937365452656,9.800312993309028,0.04870734780714182,9.914572523406184,9.65551349782395,0.2590590255822338,9.800434029804606,96.04850717255216,0.6244029456964113,0.5995234974962721,0.6003487085309253,0.3197084454160414,0.43271927431837903,0.024046525845251986,0.37910733671791236,1.022645446284494,-1.067273148235234,2.089918594519728,0.379869198749484,0.14430060815857496,6.171217140378913,5.90482611307326,6.294590537576877,3.892390411398398,4.780244964531646,43.86474106069721,76.32992626601944,249.93849238660766,-1.1329452682489893,251.07143765485665,88.03620364428478,7750.373152097981,7961.001406681144,5959.617951572785,3668.1247435815067,1867.9537534093618,776.615378248104,0.033383771511137666,0.4144731544986502,1.0589485148630493,-0.9338224647006776,1.992770979563727,0.41581543020956996,0.17290247200036976,8.009226573333885,1.6048999393745726,6.175752638102941,10.553912270352921,3.320101531150215,3
0.004379442366274307,0.04917206912008218,0.12003665339861176,-0.13557012984357544,0.2556067832421872,0.04936670838722851,0.0024370718969896578,1.2069309099680998,0.5014057584400043,0.13731756655339306,1.0551041614394527,0.3541347111360596,0.004238370970367261,0.04812259844684566,0.14455378011652967,-0.13786149918779966,0.2824152793043293,0.04830888396308493,0.0023337482697588043,1.392554650220195,0.40032053299783943,0.6165611112853548,0.38236244572297706,0.5485884653265292,9.800392799030545,0.045492108802721344,9.923490159302897,9.661647545321305,0.26184261398159236,9.800498382595299,96.04976854725308,0.5867781905349306,0.43874344349221045,0.8924023145624731,1.3590383118733926,0.2852166166997483,-0.0328135862728081,0.42195990071891576,1.0964686872546403,-1.1151652760772013,2.211633963331842,0.4232338470146265,0.17912688925880027,4.023220987506838,5.843601775466036,5.821039944376568,0.7870461367160386,2.8118195701627235,0.009887593716637263,0.39788290663819714,0.92434945142553,-1.0855310211903446,2.0098804726158748,0.3980057435570065,0.15840857190436564,4.967430405846879,4.984561648273855,4.614104132234791,4.070083574068914,3.961781474626196,45.08861104494514,86.8291764111363,300.052480238046,-1.1288064775229438,301.18128671556894,97.83807399064324,9572.28872219858,8405.368136961162,6792.329525204388,4769.085429293643,2892.1948574913113,1521.7100652765682,1
-0.001459017639336836,0.04759658144888702,0.11108735003826203,-0.1385861852367455,0.24967353527500755,0.04761893843936918,0.0022675632980924316,0.940661886740738,0.15964051074315072,0.6124438870150855,0.403700337297538,0.8668465239767847,0.004926934643451714,0.051272284160160275,0.12116043817819307,-0.13421368056028735,0.2553741187384804,0.051508463459717636,0.0026531218079810666,0.5037695024149405,0.7817665668780245,0.8430625960636468,0.19682064220956547,0.5300443716625464,9.804415247712084,0.0538822564750878,9.952460771497215,9.675590211446494,0.2768705600507211,9.804563307314204,96.12946164713205,0.0742000394832455,0.6846655914008019,0.19738340238375915,0.5113841977694589,0.7147882710429336,0.32511608959079186,106.1773243203244,149.90431381683442,-150.40727952309254,300.31159333992696,106.17782207360943,11273.729900295064,79.04748345170543,83.72135602123691,82.40308159466503,83.00133670730827,110.43055922741688,-0.6102824715964704,84.62962658149198,120.30893541095433,-120.77042651839214,241.07936192934648,84.63182699208325,7162.546140017911,122.76496739718577,129.30774719232548,131.07172830245236,137.7624261317726,139.78903274117988,-0.4701628405442756,127.51020758671672,180.3714879968592,-181.13398865620906,361.5054766530683,127.51107438926323,16259.074091904222,86.24218021037157,107.40876475015322,103.37750287201492,108.81063875562653,110.5604850655786,5
0.0016131310090407908,0.0495661835497134,0.14438862716954018,-0.1338026064534783,0.27819123362301845,0.049592426269907466,0.002459408743336208,0.7310643871673118,0.8933229990920298,0.8313466973200699,0.40190110337106827,0.6472735691010536,0.0018372518099217467,0.04824199553213521,0.13356636691478144,-0.1252608756764696,0.258827242591251,0.048276967874293995,0.0023306656271356143,0.05861331677297513,0.2105622330533229,0.5890639049405111,0.45561586951268324,1.1009449467876444,9.797126408361185,0.048819362459201376,9.896460394212946,9.673500938720034,0.22295945549291218,9.797248041749228,95.98606919155907,0.9641552479060099,0.7725843187316709,0.481911634850443,0.38015376023884967,0.8234161266535374,0.02456977062347116,0.31329873254159707,0.9498720990075002,-0.6385687161127837,1.588440815120284,0.31426067116433953,0.09875976944066116,4.201971158021299,4.805133731241902,4.655041252493207,1.1168819345596244,7.067295085479341,0.00413283992767393,0.28392897523866467,1.0338638066861965,-0.7970815144669822,1.8309453211531785,0.28395905223455375,0.08063274334594603,4.6337619356132524,6.022306768019529,1.9119105659403652,4.094510635639755,5.740782954871167,-0.007503953185534568,0.3015978094571781,0.7559413195124312,-0.9328167437072383,1.6887580632196695,0.30169114667616453,0.09101754798277902,1.733901745998278,2.434467152244104,3.8167946337106566,5.132287081747723,0.3867800550234254,0
-0.0013874663398475056,0.04828479101297798,0.14233992628107023,-0.11980457885053482,0.26214450513160503,0.04830472136355999,0.0023333461060111686,0.5534603545977647,0.3379563595994361,0.7675012993806556,1.2406785564727474,0.2528953137060551,-0.00011056666838635986,0.04772025918133963,0.19124957524605385,-0.13071229002765894,0.3219618652737128,0.047720387271295135,0.002277235361322387,0.21124875046909067,0.5265095321165267,1.0126655195136962,1.0836076460101358,0.8005510764720083,9.797182755502938,0.04634625770294765,9.916308486571342,9.688415405020804,0.22789308155053867,9.797292376995147,95.98693792032722,0.08915154601140293,0.26336018778939513,0.6563567244413946,0.6096726177836796,0.6287594210064411,-0.003042815674090944,0.40933558661111213,1.1953220331047925,-1.0773718580521328,2.2726938911569254,0.40934689591285506,0.1675648811934898,6.014200719003948,2.5984912671151457,4.737686112572349,6.8147376078335125,2.0726931059854654,0.014064693559299592,0.3916496768155672,0.9830042134731318,-1.217843441866628,2.20084765533976,0.3919021369610725,0.15358728495465523,2.088141522397333,7.03272492230491,2.0883190659529856,3.1567089053373065,2.5669068154695576,-45.14973861322947,86.79451356401951,0.893527235152382,-299.8528406212417,300.74636785639404,97.83550726427349,9571.786481657711,8406.583074184062,6785.881353687696,4758.292232707766,2893.653841167053,1531.0858697684362,2
0.00023950358125695266,0.04648870807531349,0.12645982888303398,-0.12110222463580789,0.24756205351884186,0.04648932501636426,0.0021612573404771523,0.816849910960795,0.7712134310716,0.8553561291739131,0.19744983279177697,0.07920479764111392,-0.005819363259226562,0.05101988272028024,0.14492188028555564,-0.10337475707235498,0.24829663735791063,0.05135069056530774,0.0026368934215339856,0.2388566441558288,0.22848781617286812,0.6931750673682057,0.4427022901981432,0.5679083857847117,9.802321063587778,0.05103524765579654,9.915400035687922,9.687731419795108,0.22766861589281362,9.802453918798086,96.08810283015995,0.7066599531643718,0.3176764013691448,0.5885719345236233,0.5142284064290512,0.4159641135884881,0.037241078020924696,0.37082575613115965,0.8508570567004305,-1.2828357218464683,2.133692778546899,0.37269107757284303,0.1388986393024069,4.700764096100964,6.356459124649628,2.3300063818572974,6.316532287013421,4.9806030322993955,-43.94331112853626,76.36468785451588,0.7400658727668612,-250.52052784221146,251.2605937149783,88.10550575336927,7762.580144056985,7965.503684473699,5960.298195145117,3672.076415218899,1863.9563585410008,785.1161629586053,-0.027270403782532284,0.45642126943950184,1.3643582161897456,-1.0257639009076571,2.3901221170974027,0.4572352240578461,0.2090640501192287,5.5897357299842225,1.6516583120579378,2.5299571770999476,3.052830714321891,6.774924876386146,4
-1.3224791007988706e-05,0.04910341273412878,0.11905085624172021,-0.10614316389874445,0.22519402014046466,0.0491034145150141,0.002411145317033297,0.34178766583553555,1.003586344745986,0.7668624208208599,0.3141474980168606,0.6476338828111127,-0.003128444542607659,0.04963558088850086,0.1527171788125818,-0.16248822000569493,0.3152053988182767,0.04973407338430146,0.0024734780553950834,1.2460567581344035,0.08013232549026447,0.4975054720228274,0.7412639767901723,0.6129422224613308,9.798704790730351,0.04969629876692255,9.927357044009886,9.618639615208076,0.30871742880180975,9.798830812805834,96.01708529799303,0.32028151612884725,0.7337371701626901,0.3021350696458693,0.47586273694789305,0.679543060754782,0.007476795564076389,0.4003483927605567,1.2425878485882356,-0.9341584715259039,2.1767463201141393,0.4004182039541509,0.160334738057868,3.929009848082941,6.403339081503491,5.177078678971886,4.090785854924298,5.273353228461678,0.001179262244255863,0.38225951255673724,1.2834912789536004,-0.9383089718000529,2.2218002507536534,0.38226133155153835,0.1461237255995551,7.199669464384534,1.828214115322834,1.3132035746275719,6.736188895642349,5.11116270414487,45.11259684163725,86.79847873820175,299.51847115904854,-1.0750374007768164,300.59350855982535,97.82189072524697,9569.122305062161,8405.481389895414,6784.772902390657,4761.861574062027,2896.6817574556494,1533.205099167083,1
0.003071630286874859,0.049527125833758553,0.17144552390041068,-0.11792320711037325,0.2893687310107839,0.04962228436874103,0.0024623711059722007,0.6855222011907133,0.8977073017099675,0.44833728408883516,0.5301261626959836,0.7206739536065814,0.00014903518740772123,0.05034313846877657,0.15932874559055277,-0.15412810875716187,0.31345685434771464,0.050343359069230736,0.002534453802373497,0.9469950660235747,0.682827982758864,0.42488517174406737,0.912234711270679,0.02507455437120447,9.80201386033339,0.05381801349868548,9.924265696226685,9.669721162215573,0.2545445340111119,9.802161603276334,96.08237209674486,1.0953137440395402,0.6405947083150917,1.5285589527203767,0.38288406223819976,0.3789115951478039,0.028847026971645158,0.30786423086260534,0.9857171141045525,-0.8861470456201873,1.8718641597247399,0.3092127675399681,0.09561253560972638,5.297677949394036,5.925307243802355,4.193190555729084,2.3446430053380434,1.8138963036678015,-0.005623680759450043,0.31644288677463855,0.7441952752536428,-0.8039953457893406,1.5481906210429834,0.316492853593175,0.10016772637555092,4.19211332927422,2.0517738473199048,3.37793049955093,3.107772627340291,3.2481277857024065,0.02757433373467885,0.29048495403612135,0.7234920575365706,-0.8445371069717549,1.5680291645083255,0.2917907681923453,0.08514185240227899,6.169885669131355,3.1634220383005394,2.5537914038321046,2.0932181554578486,6.855433692798419,0
0.004845277573707165,0.05174448493294663,0.11744150930378637,-0.1483127983517718,0.2657543076555582,0.0519708421688759,0.00270096843574221,0.22231662867222765,0.6246506079801419,0.6613000537136678,0.90335957767105,0.5276595673431181,0.0037164701971701447,0.046465757081495015,0.13881652964857397,-0.11002993045800435,0.24884646010657832,0.04661414733622142,0.0021728787318829584,0.5893575837303332,0.4612398182966275,0.16076392380783835,0.84476847170217,0.3321161860059986,9.799577692835244,0.05244546005607418,9.940860753366476,9.641466509185477,0.29939424418099847,9.79971803085143,96.03447348419463,0.9296926630192046,0.7202453960055313,0.643523292241812,0.622803932875362,0.12735011070531294,0.02481798691950928,0.39732396202353315,1.1551157351778083,-0.925429441227732,2.0805451764055403,0.39809830855306955,0.15848226327281495,6.665357903765572,2.330532458999314,3.344630606675908,4.605261304484771,4.490924604014377,-43.890571261560815,76.32068877669445,0.9766457140081938,-250.09456699759892,251.0712127116071,88.04106871804318,7751.229781015202,7960.83328933843,5952.974119070119,3675.4496507989597,1865.031059059637,783.8901719116222,0.02061856578180838,0.43989793979516106,1.1529021222608822,-1.2308538754180054,2.383755997678888,0.44038088365746064,0.1939353226909259,6.56474774937627,6.603607767512115,7.801158092641664,1.3518658433897013,5.065941558624394,4
-0.0032140377598888882,0.051341209315753034,0.15168181216413332,-0.12273201188283943,0.27441382404697273,0.05144171277014363,0.002646249812725958,1.0238784414687099,0.5343982648687687,0.7588731172430444,0.7591797902664914,0.7683923800795539,-0.000745623140115768,0.04913131173735831,0.11064649116538001,-0.13349034072004004,0.24413683188542007,0.04913696924822041,0.0024144417469005586,0.27940630530742205,0.6377472427106262,1.3921932688236787,0.3837208196744569,0.349027801251719,9.801258087274459,0.04764865035336254,9.916640188555432,9.642889006613538,0.2737511819418934,9.801373908143873,96.0669304872435,0.4680464369265528,0.9033905041311323,0.43042867872703977,0.4616893025249934,0.4212143474913599,-0.0019136333856526523,0.4416629703584248,1.1772358597263433,-1.0493288307864448,2.226564690512788,0.44166711602581576,0.19506984137856143,3.7461829373798086,5.235900207736376,8.631374926397712,4.668686645900136,1.664854987015091,-43.864790251732266,76.34294716394139,0.8804199458144573,-250.153271198266,251.03369114408045,88.04751788383822,7752.365405504811,7963.147474344194,5957.687335274766,3673.523868346027,1862.968473937824,781.7392973599368,-0.020236170867167814,0.4096042994460168,1.2741117946387324,-1.067366878723609,2.3414786733623414,0.41010387066696574,0.16818518473602737,5.584496352860416,14.059099249609812,2.790099786392164,8.618609611106328,3.173638454128409,4
-0.0019339609937808638,0.04877066822546896,0.12383753804306108,-0.19077554663566476,0.31461308467872584,0.048808997984841215,0.0023823182842842338,0.2946950107014885,0.7263487498460404,0.8784294094967086,1.2444097188757144,0.7491100378587944,-0.0014117448997249078,0.05041306597335223,0.1714613101260406,-0.1534176235216409,0.3248789336476815,0.05043282903521736,0.0025434702444954637,0.5751067022092513,0.3259936778491441,0.34765327573970906,0.3218480942645514,0.5159785588530492,9.804176412866918,0.0489048265441018,9.951540618267126,9.67719464161442,0.27434597665270566,9.804298384722658,96.12426681667533,0.43245705899906195,0.5244770732460702,0.4251333228017724,1.0704636255874322,1.1496442720512088,0.39949290692230277,106.17779911925737,150.25353069080333,-150.30239793665524,300.55592862745857,106.1785506606304,11273.884620392057,89.61338088053726,84.02439584954111,99.73039694422407,94.32849142538701,94.65606580289294,-0.6311656615151455,84.5742246127056,119.73531936805425,-120.30718290259837,240.04250227065262,84.57657973063615,7153.197838932654,126.6771710547532,130.00419630426464,132.47773906587685,133.0602661027381,151.07084183063205,-0.46473931836398064,127.42694986280532,180.3319411455675,-179.86728974788235,360.19923089344985,127.42779733626386,16237.843533971934,91.37474464809999,94.7978749222558,97.58402308894577,104.2348130733444,113.73518692786337,5
-0.00033903127921316696,0.05147401961953846,0.1365985094005963,-0.14203625479676862,0.27863476419736494,0.051475136114447685,0.002649689638000916,0.40898802866525835,0.995549259876666,0.4413837676664607,0.9207158813838987,0.613369878398016,-0.0016845999241182669,0.04872834334474628,0.1328334376713704,-0.14961135358704344,0.2824447912584138,0.04875745401503055,0.002377289322027819,0.589297728196255,0.8943382092515906,0.5387002410325971,0.6729808104592729,1.2181791037181042,9.798260996427635,0.04865263841458703,9.938006164755127,9.661361072892792,0.2766450918623349,9.798381786465546,96.00828563333975,0.9954264804193613,0.29085491054171453,1.446210344876495,0.7220475095862253,0.07490344827497716,-0.02608343830194001,0.4397314069950356,1.0452890124901566,-1.2455238927542525,2.290812905244409,0.44050432012806046,0.19404405605148475,8.918463865449192,6.8762695777792535,3.5704955190769745,4.3779266897621225,8.237466478517545,-43.83648851276815,76.3422549100062,0.7234731221988473,-249.95827573700734,250.68174885920618,88.03282120819723,7749.77760987442,7960.490182105166,5955.695187418345,3680.7808517565463,1864.0890982095502,786.7237665032269,-0.08439985747102952,0.4138787631260744,1.178073306617018,-1.0665775644743805,2.244650871091398,0.4223966932965968,0.17841896650789926,9.080600749945852,4.235565843561158,3.0557237450013077,5.42224369265757,14.943917382262557,4
-0.00742101965680551,0.04818193643118218,0.11593498682415988,-0.12033586103827068,0.23627084786243058,0.048750082369214257,0.0023765705310051745,0.8338147359950798,1.0533667706422367,0.3430628651366068,0.5003330625509753,0.6492881893291793,-0.00016525845553227837,0.049427160802936215,0.1300630946701034,-0.1275993933427441,0.2576624880128475,0.04942743707088643,0.0024430715353964388,0.5809905288658117,0.731375601512893,0.37522185334983926,0.23109024796292005,0.6580538810644524,9.800562969157328,0.05164213975090954,9.926205110483231,9.678673399308975,0.24753171117425588,9.800699027264123,96.05370142301594,1.1506425201069783,0.43816648991208046,0.5140676403750886,1.0209384295849189,0.3190299520803665,0.035335639272640156,0.3010123822148136,0.7655612318249994,-0.9391360686730458,1.704697300498045,0.3030792992756898,0.09185706164944314,2.954512181605068,4.295715799960324,6.756810436202053,7.132755772010189,4.6327830988844605,0.028273064836183682,0.2986840361086773,0.8312718598667488,-0.7148022433667541,1.546074103233503,0.30001919875468086,0.0900115196214007,2.7710892896662767,2.1809539654396786,7.527832909637292,3.681952587774872,4.569713376690765,0.0153401936438466,0.3132464894706846,1.0316127592679494,-0.8860121502538821,1.9176249095218316,0.3136218817409564,0.09835868470673845,4.7603644072430855,4.113920807526942,4.688341086418193,2.806508169980214,4.657658335752405,0
0.0022386798733672083,0.050262586031016264,0.1664927547103377,-0.11850953525378323,0.2850022899641209,0.05031241638105578,0.00253133924210073,0.543596076411416,0.3534185807958752,1.0605214657050386,0.2607902723807639,0.17063125013554864,-0.003589549113409029,0.047490001340343785,0.11727432616345353,-0.1272209666532542,0.24449529281670773,0.04762546682336489,0.00226818509014343,1.2442706388501699,0.4027247982768855,0.5815370715225635,0.1941797716649059,1.3590628546665195,9.797237212704953,0.048951478491378986,9.952398147496337,9.650495481724072,0.3019026657722659,9.797359503930497,95.98825324925726,0.49879352476422306,0.32521578759580144,0.8744358050049067,0.39229618338714,1.3812063445395562,0.007572049074773332,0.380499308989757,1.121397217401493,-0.9251570051426454,2.046554222544138,0.3805746445427931,0.1448370600688733,2.5262424145916413,5.6015538397027775,4.857347000327954,2.410758906343829,5.214790197202227,-0.04345211662490836,0.42814593507123927,1.1998754119491706,-1.2813153451001769,2.4811907570493474,0.43034524298196963,0.18519702815721048,3.937857090337242,0.5957977276871453,1.8455571949799325,4.894061025668001,8.715837197438375,-45.1266198962771,86.81355885432832,0.8630849675931133,-300.13821422419323,301.00129919178636,97.84173866104895,9573.005824217,8408.344959489938,6791.671726287127,4756.912796545602,2896.121088361236,1522.2796722275166,2
-0.006354114096979739,0.04589665087090675,0.11124853276375211,-0.1369811604570583,0.2482296932208104,0.04633440759439298,0.0021468773271233416,0.4870332841457436,0.9036393624680331,1.0690103453734305,0.5304705401065339,0.419568720921661,-0.0010596702084725129,0.046385274521330865,0.12721199929701682,-0.11878875273666044,0.24600075203367727,0.04639737700958914,0.0021527165933699507,1.0050924379756603,0.41807626635746187,0.426815715179867,0.39384188048422575,0.2887274680615015,9.79990005278918,0.048100351395826156,9.917931408069244,9.675773702593832,0.24215770547541204,9.800018096333384,96.04035468846179,0.39118745600238564,0.6556008605230598,0.867371098257461,1.0282424466096711,1.0117135785927134,0.35744795699241505,106.23248351836753,150.506873471897,-150.57459446239739,301.0814679342944,106.2330848818869,11285.468323522187,80.6466993878669,80.78132537025608,89.12244709609824,83.79624204396909,104.5995541313755,-0.5861142608110234,84.65720035107218,120.69423390508592,-120.47067247713773,241.16490638222365,84.65922927364919,7167.185101208301,126.9724925210856,117.33055711615752,131.97980448627732,135.9715125010548,142.8790333277233,-0.45809328888204903,127.45511463321294,179.63264470037132,-180.12198708288415,359.7546317832555,127.45593785942958,16245.016095626774,83.23871003991924,84.63882666533395,95.75517145388275,99.05493033226546,116.66548823435096,5
0.0013799725200496248,0.048732728288461986,0.13651107531550774,-0.1258062899442562,0.2623173652597639,0.04875226282536181,0.002376783130593155,0.6677218748930982,0.5405076046973427,0.5894172009992223,0.6781509805272692,0.7633621173103902,0.0035189919737302,0.05020230790648604,0.13396334334369991,-0.11526927364754531,0.24923261699124521,0.05032549079391883,0.0025326550236488086,0.3689063231618827,0.346178034248925,0.47818453112794906,0.6801022403518726,0.9862792043603464,9.798726770437085,0.0492476185480634,9.925762701917655,9.672545605606935,0.25321709631072054,9.798850526955345,96.01747164961306,0.10325126019323216,0.3746728892644995,0.4408798891874631,0.35120426962475865,0.629289826456656,0.03596963193710526,0.2977094642622541,0.8865994401798457,-0.942233539578232,1.8288329797580776,0.2998745396545181,0.08992473953300915,3.187732561815544,3.137969082675294,1.1429579829626417,5.193299329687166,5.752695898611214,0.0043645750362493055,0.29925758549808346,0.7391726570513949,-0.7627739931982974,1.5019466502496923,0.2992894117629118,0.08957415199338978,6.844374207828152,2.948281486540542,1.4931877035671597,2.7334175258628712,7.037016211454489,-0.037833240259622085,0.2934205403776757,0.6760130566056617,-0.7755985631412866,1.4516116197469482,0.29584956918013167,0.0875269675840695,3.7671595973274443,3.5694954865363804,2.9298786568118556,2.376943257248684,3.381500606616047,0
-0.0046552240301061,0.0490570204527428,0.13554274484802642,-0.1351068166681617,0.27064956151618813,0.049277402188744726,0.0024282623664713034,0.29233879969088333,0.44555905357787723,0.3113736924393556,1.000660735210547,0.01721037586220355,-0.006475236761235886,0.04777652413284531,0.13785975381556156,-0.1409469076388839,0.27880666145444544,0.04821332750734397,0.0023245249493304113,1.0435354227135836,0.41729811046887505,0.5562620558424847,0.659292593701522,0.057731823727184314,9.793682341888514,0.0559883922362955,9.915751729173248,9.669380668998125,0.24637106017512345,9.793842377426957,95.9193485138841,0.32418683666910425,0.9200696216916234,0.6299215189506223,0.6679170579036435,0.5017424530669179,-0.006833064579977952,0.4108319343077352,1.1480832313069849,-0.9152494222798131,2.063332653586798,0.41088875504032646,0.1688295690185894,6.7986529964330185,6.101709745610749,3.670202762984274,5.7568304844604175,4.0253456526504205,43.8854285855987,76.33710704439356,249.80825525585385,-0.9944393034789961,250.80269455933285,88.0527384812584,7753.284754048884,7965.009371184424,5957.545266062754,3665.3854856092735,1866.7568682496794,781.987701822678,-0.04702163342469268,0.3797229366522204,1.1462650118006672,-1.3266607515216258,2.472925763322293,0.3826232384862586,0.14640054262971236,6.179172813206999,2.6929899358303238,3.0803182301138845,2.4555835762377156,3.1363850712622825,3
0.006127482240256745,0.05279602123554137,0.1728454065720133,-0.14502372691261123,0.31786913348462453,0.05315040824780556,0.002824965896908397,1.0165251642077546,0.19200241383928823,0.12110058141040736,0.7662170453976274,0.6702091240473265,0.0037415256072797277,0.052547739763311486,0.16668825030610998,-0.11864552895099234,0.28533377925710235,0.05268077417903649,0.002775263968102637,0.21462574666617876,0.7109569226985338,1.310025286521518,0.4930909874822859,0.14630677809552595,9.79668548422363,0.04974177311905558,9.943296072888403,9.632797797706361,0.31049827518204154,9.79681176305797,95.977520720791,0.4832050154505439,0.5210458052832243,0.4668761053273465,0.933243213584676,0.795099812530204,0.009331521398376981,0.3879875014170748,1.0887469114780277,-1.027757800468384,2.116504711946412,0.388099701813172,0.150621378547473,3.2683311280810496,2.019293217988638,1.128950216475165,5.973144758543956,2.6648424036213827,0.06477949535135018,0.41462534302604853,1.2638811159585863,-1.2677226888603785,2.531603804818965,0.4196552848439347,0.176110558097444,5.974707660072993,9.038287030641623,0.5853823861917246,3.3607193028305726,2.449110107097701,-45.11803398725315,86.7807869324797,0.9621234899637582,-300.19982342622063,301.1619469161844,97.8087008987205,9566.54197149537,8403.337104420403,6786.156287135674,4757.976520007443,2898.784414812153,1526.3672946084266,2
0.004519168330503836,0.051171548412352726,0.17721405236913929,-0.12095191189763384,0.2981659642667731,0.05137071392648916,0.0026389502493171873,0.43283381609691357,0.5955218046364715,1.0217763382871357,0.4032091180606434,0.6620268261066449,-0.0008268609686087853,0.04745001447750046,0.11084261987066056,-0.11817771565249238,0.22902033552315293,0.04745721834427733,0.0022521875729764125,0.43032172485121445,0.9790881578091356,1.2079712665899875,0.2538270199472254,0.6539990913531476,9.792585120236652,0.05185644759111635,9.922505560618415,9.64721815798314,0.27528740263527496,9.792722421688312,95.89741242823702,0.24738699957229232,1.0221169077741221,0.771088616997904,0.07963611108980732,1.218144128060681,-0.03594138605099742,0.4193217215294382,1.429651525989244,-1.08666666926247,2.516318195251714,0.420859227506869,0.17712248937767852,2.5313520538024186,3.418395206738819,7.349207713241299,1.811782628655151,7.488707149452841,-0.007018507487367,0.36860851126165345,0.8648655221407519,-1.2385266257353098,2.1033921478760615,0.36867532331562786,0.13592149402188272,2.271903193926948,3.529389738006757,7.349919176797221,1.6088444966573554,2.800654068615396,-45.16910226348367,86.78756423260944,1.132688217757775,-299.7328535757909,300.8655417935487,97.8382803646832,9572.329104718354,8405.886015587175,6788.797252908706,4759.231435043864,2887.2069117962774,1526.6694561528589,2
0.005564204593936111,0.0468927818691895,0.1759761273227854,-0.1113841240426101,0.2873602513653955,0.04722174672960084,0.0022298933641945675,0.7496454980797363,0.1423347246604155,0.1940926837711585,1.0003469607471167,0.7762748247583406,-0.0026440859877405283,0.04813495856703917,0.1498437636592686,-0.11699230447041342,0.266836068129682,0.04820752458860695,0.0023239654269611434,0.32499359282693124,0.5001988519800346,0.5675184864185427,0.9319406922119985,0.3804625914653676,9.796606514859606,0.05059135824071783,9.918290958962668,9.65473316373687,0.2635577952257986,9.796737145219236,95.97605869251835,0.8144274026400778,1.1571497085510227,0.7914810581692793,0.774289376128361,0.5629491612556885,0.36985621603583096,106.16176881142496,150.92024414893572,-150.50977720217784,301.43002135111357,106.16241307916367,11270.45795079098,87.67484870786379,88.05759280197086,81.96147380858775,85.73462128434197,97.70393823340086,-0.6200705818610589,84.67845780046358,120.43695110329197,-120.59080148508242,241.0277525883744,84.68072804948822,7170.825702991381,134.49213044657446,128.89536067271385,133.2994692988915,134.52692057868873,140.73505636849234,-0.420792770476007,127.4351165429576,180.39824300345384,-180.4634355340106,360.86167853746446,127.4358112732558,16239.88599487287,84.2957484888827,97.20946522821413,93.66021749802158,111.57226897962589,115.45922114882704,5
-0.004207496989939242,0.05166934294751675,0.1255907281521296,-0.14276341259662104,0.26835414074875064,0.051840370673331866,0.0026874240315484465,0.15063764580278438,0.515998142058709,0.33682396192442604,0.26621374144871934,0.5789783291257311,-0.0014347708059977953,0.05259415432953811,0.14929030254122988,-0.16842304721213347,0.31771334975336335,0.052613720994670356,0.002768203636905016,0.9520120882586954,0.2182960270362678,0.7481739594700579,0.46894862179909313,0.859303495988993,9.804058606438504,0.04405783959463214,9.915606954717394,9.683400035724107,0.2322069189932865,9.804157600309711,96.12150625171067,0.10787973718245135,0.4917501777013759,0.0739627877152295,0.5060831234943801,0.25164027220488,0.4515746004562871,106.22100594568344,150.62183906773043,-150.34948160092748,300.9713206686579,106.2219658250246,11283.106023732695,79.66865513039582,85.26272126393332,83.35588798523953,86.40164844795868,94.78252018606906,-0.638786266471349,84.61247254845159,120.98664777815935,-120.47196680887352,241.45861458703286,84.61488378918159,7159.678558656706,125.55247220781024,130.18906491883928,131.52972658866676,131.6814720659794,137.21264869017207,-0.47153956357707416,127.49352716714107,180.32574313636286,-180.49819933927404,360.8239424756369,127.49439916748717,16254.821819078554,94.64164679857942,94.24979685595555,93.48017679846228,102.57728389872483,114.94011617814223,5
0.0021094999968170143,0.04958688567381948,0.13306593258789176,-0.1336501821942033,0.26671611478209506,0.04963173602711287,0.0024633092210650134,0.7913187181217803,0.715294258819109,0.3816430276766558,0.2948073005356431,0.335724865288059,-0.003265519259374386,0.05066992710773356,0.14993670527512323,-0.13936444626778902,0.28930115154291225,0.05077504435385929,0.0025781051291363776,0.6239865705522821,0.40625178301587134,0.5694929541056324,0.5432044732839831,0.42952399599187957,9.801013695654124,0.053836112781238066,9.956834302416114,9.670582041822428,0.28625226059368636,9.80116155307314,96.06276778943909,0.1680523404823466,0.1764015299123713,0.2942048472038562,0.39327919413881834,0.8941968147434801,0.02232810159660322,0.2658093647306659,0.7425193917507908,-0.7044003403213032,1.446919732072094,0.26674550136680547,0.07115316249942842,10.33552051713391,2.319314016351011,3.7165436564940184,3.047367144273668,5.553619265394613,-0.019834584960392854,0.2599438539789256,0.6420926339509684,-0.616709932186865,1.2588025661378333,0.26069947829247386,0.06796421798196806,3.077891543454529,2.3009533004021923,2.7987896159799996,5.261431208524244,3.109913362426849,-0.006220003503989373,0.2879275478913588,0.7145834950246873,-0.6777828514306604,1.3923663464553477,0.28799472439320895,0.08294096127832037,6.500675374661954,3.892098536693055,1.405377568892949,3.0207850633243907,5.170744789768899,0
0.0032902390658438472,0.049988983228525165,0.1413271818330831,-0.16909119890099966,0.3104183807340828,0.050097146798317525,0.002509724117332176,0.9486569618722316,0.04893356137025358,0.07722064411285882,0.1531181033964195,1.3551322638188064,-0.0009775424692209757,0.04927586544173506,0.13839975697628648,-0.12528682124745658,0.2636865782237431,0.049285560809542495,0.002429066504311111,0.4405994531391162,0.8264596945618338,0.3401736522411487,0.7364686298243736,0.634800097653763,9.804681510774635,0.04837507186402553,9.912027040998295,9.67146012893171,0.2405669120665852,9.804800848324449,96.13411967530382,0.8036605886035754,0.9796558329883476,0.543721140974511,1.2550136575095696,0.5893394799787124,0.053459520949816805,0.40321533859628755,1.206430637332546,-0.9210853668179919,2.1275160041505377,0.40674381330206205,0.1654405296595027,3.17522151843606,10.935508951196482,5.520652957182885,3.0649764331682876,3.6124824784532734,0.014115028756742093,0.3801373748392209,1.0217918330851716,-0.9873748923638133,2.009166725448985,0.3803993398869903,0.14470365778645797,5.287976244594138,6.090557791732293,4.286093036626129,9.674646112480934,5.8670939795391925,45.09122804379635,86.79711272847085,299.95860627732077,-1.3389892650525197,301.2975955423733,97.81082570194631,9566.957624496521,8402.284364092537,6786.593521438121,4765.570377516984,2898.043960448957,1526.6627348989975,1
3.5975951271010606e-05,0.05281901912610591,0.14878096992891418,-0.16173749449182154,0.3105184644207357,0.052819031378027105,0.002789850075713012,1.0340283298210937,1.630495899966738,0.674718616607908,0.6068813991784916,1.011558881875464,0.002443127852471449,0.05088936534503683,0.13916363313395846,-0.1640432125331182,0.3032068456670767,0.050947977181868144,0.002595696378924157,0.47261998815643436,0.2773224680716666,0.9222066449488411,1.1423432335862305,0.5855889110194851,9.796782129225114,0.04671973259802683,9.90547210591634,9.656809374017866,0.24866273189847377,9.79689352912027,95.9791228209186,0.8737889039565315,0.5988704530140069,0.65387026161733,0.6019375489316038,1.157777468672309,0.04564763224922659,0.39978261420859973,1.1034255138832074,-1.2327043120139527,2.33612982589716,0.4023802243567925,0.16190984495342267,6.487522251948997,3.2214992429087532,8.309365137731534,5.541682944731185,6.680951337171484,-0.017788092401787005,0.43757998655209823,1.0629826175193453,-1.1090384270121516,2.1720210445314967,0.4379413897569274,0.19179266086222901,4.611573605349906,7.160487809239959,10.681748349260555,5.5364399490853256,5.01491663239317,-45.16153570028815,86.78673173492392,1.0427044556530982,-299.7794085329067,300.8221129885598,97.83404883800962,9571.501112038051,8407.219556748823,6786.971225159131,4755.150551132311,2892.482604036034,1528.924128962188,2
0.004328344292536096,0.052192201849705695,0.17561361804598652,-0.1782119523401559,0.35382557038614243,0.05237137097914425,0.0027427604982351527,0.4385476497897468,0.6184747214827646,1.140157971151552,0.6807498101512709,0.7574436779108009,0.004743055077163858,0.05089574945131844,0.1567938467356392,-0.12040014898030445,0.27719399571594366,0.0511162780694799,0.002612873883676392,1.1016749780146564,0.2751007893678428,0.37864013116878664,1.1051533634957096,1.1671748054455895,9.80268828325674,0.05173772057622558,9.948987063558922,9.642038561876081,0.30694850168284127,9.802824815859426,96.0953743704294,1.0207972290453355,0.6731086512057622,0.7575366268629486,0.3782489930142352,0.41387065766554676,0.006585699042542921,0.3989183947787238,0.8908392155451819,-1.2633817400116054,2.154220955556787,0.39897275235874535,0.15917925712471273,5.419999247818379,4.8361169107523105,3.5088609003862916,4.01850085940577,6.904231007217783,43.85875135744225,76.3716407293513,250.69604069924884,-1.0336299737619272,251.72967067301076,88.06939070032819,7756.217578327053,7963.6906464424,5959.07608851427,3678.176994440531,1871.6658649883518,779.2408800546531,-0.035942083480628204,0.38421532076118187,0.877250731730954,-1.4003018271226642,2.277552558853618,0.38589279090512474,0.1489132460725463,3.6191231668662187,1.248046864360783,1.7363269572296103,2.1488214014528464,2.7462864684453563,3
-0.0060762321447401305,0.04666487879384095,0.1357421092069517,-0.11869097201812558,0.2544330812250773,0.047058809057610465,0.0022145315099206405,0.9912494548965891,1.181583522471506,1.4414075028734854,0.36670831073611837,0.2397403126808934,-0.005246447485990438,0.05172521315528848,0.1368321045949181,-0.14987726351088357,0.28670936810580167,0.05199060383553247,0.002703022887183284,0.60328077785807,0.6786756682663391,0.6151835286034,0.1882196756138902,0.33476215901828293,9.802120815399618,0.04880832972099638,9.937911342159545,9.687368840600236,0.250542501559309,9.802242331871856,96.08395473274061,0.1096836192604056,0.5062073297158868,0.3351974521603093,0.6925406209977311,0.6955875831203886,-0.010991534716801428,0.3726811895833113,0.9048901801446523,-1.2751396989266262,2.180029879071278,0.37284324173124384,0.13901208290466271,4.64157207305766,6.220918359382949,5.5982416848297385,6.099578300608898,7.250003279225601,0.059085123748022494,0.45279804359815856,1.5455623948577708,-0.968580315184752,2.5141427100425227,0.45663674855911346,0.20851712013463902,5.258440190268912,5.55412441132314,1.209649659218238,4.205670043520326,3.532899997695207,-45.12013056157346,86.82467458590511,1.0437777258290781,-299.9099052861419,300.953683011971,97.84860907975009,9574.350298841751,8405.80625834914,6795.321109732051,4754.267959649902,2903.2219834917655,1527.9585916086644,2
-0.0030617507951386275,0.051744965861906606,0.14128794824923085,-0.1528002387211127,0.29408818697034356,0.051835468648227856,0.002686915809981413,0.558723732636658,0.6648640191428004,0.742839110228754,0.5730538781717595,1.0513421583560887,0.0036568699423426714,0.045322168107009696,0.14026610748739765,-0.13626874079272353,0.2765348482801212,0.045469458097664374,0.0020674716196952565,0.4200355369328836,0.6520440927061038,0.364810068367246,0.6414733135358247,0.8559147811033688,9.800131729087862,0.04695225332841027,9.917587823778595,9.687107301747705,0.23048052203088965,9.800244202139417,96.04478642156727,1.419043684479287,0.6583827388869393,0.6698195900483718,0.41248075787861027,0.6119628363275739,0.02587244555105038,0.3793119885697551,1.0430880830270575,-1.1255197732431137,2.168607856270171,0.38019332991457666,0.1445469681115341,5.880890293129543,2.610948850442806,1.6047705468122553,8.841181495753034,0.47463136578915044,0.027107861024259935,0.413541388535623,1.1065212391964758,-1.0566097615947994,2.1631310007912754,0.41442890362676404,0.1717513161612817,4.211752804715502,5.048863167860892,7.056903705144149,1.37274428005082,3.5983857695259958,-45.119022814692414,86.8175289783876,1.22868919177264,-300.56200793256386,301.7906971243365,97.84175774006673,9573.009557665908,8407.62148250631,6788.116785511564,4762.221950147371,2893.535288405968,1532.2051469133482,2
-0.0037132923047795137,0.05001969626304563,0.12111733941588387,-0.1434687650198197,0.2645861044357036,0.05015733798745779,0.002515758553988076,0.6647746233048132,0.9684378699692997,0.25131721639641713,0.15335743276328254,0.9835724808793376,0.0033684227672669893,0.05353517136985114,0.13196107308975139,-0.1455224671267415,0.2774835402164929,0.05364103695435401,0.002877360845538372,1.3936541631004529,0.29645600780627923,0.8495885213965487,0.8249013361396684,0.40483971268577085,9.803409620037248,0.041552705555478714,9.915012509506964,9.70121069608212,0.21380181342484406,9.80349768223453,96.10856680557782,0.6228759276394802,0.21741617094906807,0.04315580475501183,0.15216389942972638,0.11007477151422392,-0.025408969234994378,0.39111346508542705,0.963131425912688,-1.161439202227818,2.124570628140506,0.39193795209026955,0.15361535828871442,4.453809978521873,9.200977873539514,5.559079780887843,4.640681783812396,0.8893638513172994,43.84691101974453,76.37079719891936,250.26690320248179,-1.0957782041911748,251.36268140667295,88.06276324742407,7755.050270771865,7970.672291871826,5950.745975530735,3676.3597654751425,1872.2770622103083,780.1714780160185,0.04675824540358715,0.4033418241413407,1.1958722190244984,-1.059740261610145,2.2556124806346434,0.4060430526617667,0.16487096061488626,8.086004197533818,2.3973233347532314,6.54160295194109,4.672473661857441,6.813181890797579,3
-0.00318612757236176,0.04858895087871992,0.10949514943142197,-0.10874422698248509,0.21823937641390706,0.04869330093967775,0.0023710375564020216,0.29097844995058936,0.3302125928290005,0.2393846548934346,0.3025519243243578,1.0429864601865964,0.0017738770299528016,0.05008665149109104,0.1229562927042337,-0.12534183288574494,0.24829812558997863,0.0501180536065339,0.002511819297307406,0.6798806141589274,0.37172955643249966,0.8231293941733151,0.4899046413688022,0.8918093861118712,9.799930343336445,0.047039634065072486,9.899332405679672,9.675952384644907,0.22338002103476562,9.800043237732137,96.04084746141938,1.034410427705495,0.9325538272165671,0.27903700943804305,0.9156744200203255,0.3988574519581017,0.03209549400238041,0.4016539034311355,1.185786182490408,-1.061107094740958,2.246893277231366,0.40293421159877296,0.16235597887672473,5.402976523376225,7.192316226173084,5.915787837587714,2.9061897702765864,2.2262558280627673,-43.88390252271077,76.34855309819808,0.996400888231753,-249.62744694283666,250.62384783106842,88.06190130136387,7754.898460811153,7961.74938552059,5961.550211389656,3671.288290977079,1865.3143949703162,783.0553039574744,-0.00889698241661385,0.38257039169058027,1.2299290978715767,-1.0908547541488767,2.3207838520204533,0.3826738309505963,0.14643926089440557,4.835154147006661,2.721566448180935,6.432053706518302,2.547861979173459,3.8013697426459414,4
-0.0017797586241612468,0.05024512088953596,0.12251873939030074,-0.15481911000918971,0.27733784939949047,0.050276631887631054,0.0025277397139643596,0.885566440436542,0.5902464248846792,0.5507636739880286,0.9607277434951077,0.45429190767926625,-0.004926820630490386,0.05098358303324798,0.15509025288285197,-0.15787722435625234,0.31296747723910434,0.05122108257771517,0.0026235993004331166,0.6110884903150815,0.305539284130323,0.42364636699897606,1.1959171964477746,0.5125690849061016,9.802160413628432,0.04896427830490213,9.942960603884742,9.646755824247828,0.2962047796369145,9.802282707362313,96.08474627505424,0.145934741953831,0.2950616135579075,0.7205876423129428,1.2321832652273816,0.8452949356560495,0.05740823544432349,0.4061074608350396,1.2303202261316863,-1.1048863789470837,2.33520660507877,0.41014506609578294,0.16821897524271415,5.748993446666202,6.213366564350624,4.4014834489308985,5.812395136618853,10.435607654107892,43.87061903172284,76.3744039020637,249.97656745502255,-0.808018797456765,250.7845862524793,88.07769743596913,7757.680785622124,7967.281109128688,5959.930654915253,3677.35911963082,1858.8271489767399,779.5016073827632,0.0053214150370214245,0.40330405952069076,1.1820993949164995,-1.3811004584111188,2.5631998533276183,0.40333916482764864,0.1626824818838651,7.239018230292393,0.7282346557658431,1.5162275342878144,4.014025980414286,6.046091341079324,3
0.001810491300434981,0.047183151610541645,0.1082340572735677,-0.15999091621913078,0.26822497349269847,0.047217874524932923,0.0022295276746523095,0.34930778142116237,0.25604092332411454,0.4653552336705194,0.38170182565164745,0.2660080422129756,0.0007329848199384126,0.05755177317462963,0.1459949901307084,-0.1732404573699179,0.31923544750062627,0.0575564406673161,0.003312743862290278,0.6224876094289263,0.4338905880098783,0.9064095138634312,0.6832640602459681,0.2132594981461165,9.798526438241076,0.0479038964226679,9.929544922179845,9.64567202667898,0.28387289550086514,9.798643535928932,96.01341514420183,0.8855395413462814,0.27913266938169556,0.6959294530342206,0.6918691932139819,0.8249152964235037,-0.014270749900731865,0.4346825500033698,1.3504319881965805,-1.3734304555902197,2.7238624437868,0.43491674327411367,0.1891525735801613,11.73925032271544,2.2326490777542207,11.617303331977086,8.595023364767805,3.4682083989750283,0.0155933944204125,0.38458316063295045,1.1127000098407382,-1.1797782246924957,2.2924782345332337,0.3848991574321517,0.14814736139198031,1.4410294826078642,5.4171207057822635,8.150493418626862,4.624099630855173,3.0672929242088665,45.070282783434415,86.81976556096075,299.75994659900755,-1.1087586153571556,300.8687052143647,97.82127622475046,9569.002082238929,8403.0126779738,6794.995445654467,4759.978380850343,2897.73800956109,1532.029828921822,1
0.0008512304455645967,0.051548919661383405,0.1339721028168724,-0.14447700229326188,0.2784491051101343,0.05155594739239322,0.0026580157115272175,0.9317097317208769,0.17184435755204497,1.0116470219806188,0.9893345038809838,1.0425542141169009,0.0064281739212164665,0.04773038115358538,0.11743503586890756,-0.1557494960846995,0.2731845319536071,0.04816129883036738,0.002319510705027946,0.4268043171467505,0.3688473148191645,0.1986318545572679,0.574115901023113,0.7841296242298745,9.79291903445028,0.05035737887397982,9.934666186280241,9.671048345124891,0.2636178411553498,9.793048508044146,95.90379908090569,0.5169306257062006,0.8210776001044431,0.7944681765617989,0.7396421199916408,1.0634752361146804,-0.04004696318793242,0.3688035013016824,0.8527301060122856,-1.2636191813955744,2.1163492874078598,0.3709714029853995,0.13761978183295565,1.16604463496386,3.7678196777310116,4.005086195386436,7.405093552283615,2.540086905457274,-0.02383262911063365,0.39649489984383834,0.9601426448383528,-1.0886356501118595,2.0487782949502122,0.39721052329023254,0.15777619981250038,4.123937629020077,5.488036571836549,7.057853263472618,3.2378131424305314,1.5960563708593376,45.151668652784636,86.83885802427857,300.39589934163376,-0.8822600712797486,301.2781594129135,97.87573981887272,9579.660445091666,8408.340548913911,6795.994872862802,4756.746139720127,2896.856245916169,1526.9009257026496,1
-0.0014229405499808256,0.04578339230168005,0.12526549112408253,-0.11064511223432479,0.2359106033584073,0.045805499347330726,0.0020981437704583154,1.0404902566366558,0.47151187980029385,0.5322549497728901,0.24869681532457122,0.834154128418001,-0.002053035550278551,0.05210245520207453,0.12388362732409948,-0.12851555257311711,0.2523991798972166,0.05214288823084976,0.0027188807930548908,1.0805466943764495,1.0562870160391706,1.3120948098688103,0.23691827999145643,1.4788540715772613,9.798898995805406,0.04748789097229222,9.925247398987196,9.680998594262553,0.24424880472464316,9.799014064169167,96.02067662978516,0.6993727958535116,0.32103071331180544,0.5613044732949958,0.05330581344724424,0.8274956030504123,-0.012066688416835811,0.43015655879177195,1.2120289198815768,-1.205092056823154,2.417120976704731,0.430325771992485,0.1851802700409282,4.728411784379795,4.009117160272392,3.039886255108115,5.877628138512698,7.4972781256441765,-43.88812756918247,76.41324516434517,0.5539756354425358,-249.97384349720411,250.52781913264664,88.12009860454738,7765.151778075153,7970.9653607608625,5962.561968309178,3674.0326822003794,1870.4839564898245,783.1652379407991,-0.009292507192847051,0.39111347177357414,1.2763630183763484,-0.8374860684669712,2.1138490868433193,0.3912238470399108,0.15305609849270752,7.182758242537899,3.233785638919039,1.6609529409552841,4.360808823962113,3.6876063252281486,4
0.0048592055091212115,0.05256150750173627,0.1374024914967092,-0.11907893833116862,0.2564814298278778,0.05278564150443709,0.0027863239490349516,0.7914495830358949,0.46062637117488603,0.41328538533175496,1.180283923595259,0.656564549005282,-0.005065772573011698,0.04956027456810533,0.1483016856637557,-0.11767008854414636,0.2659717742079021,0.04981849924503413,0.002481882867027466,1.0046941268766367,0.6909574637253206,0.09402072660958359,0.6339098415606056,0.7615235523432249,9.79562792860754,0.05116049267985597,9.934152656679595,9.682478155600819,0.2516745010787762,9.795761527912331,95.95694391172732,0.1941358579420742,1.058618820189919,0.6099430810801714,0.4018587613095335,0.6625764834731739,0.022108705512422614,0.41183915609523314,1.2330166491374932,-0.9474586120842743,2.1804752612217673,0.4124321584850881,0.17010028535266883,8.326271714729348,2.747933181060747,3.823018812936154,3.9907105426877525,2.771280026349543,43.85736585825838,76.35858450369753,250.41400617464046,-0.9841378017798411,251.3981439764203,88.0573788358105,7754.101967433446,7961.867215946693,5960.401327739391,3676.4816641666976,1865.6783858898775,783.3986319781255,0.014357128026094202,0.38056062026278825,1.4229963645568773,-0.9010101059387875,2.324006470495665,0.3808313443244343,0.1450325128199558,5.892370117968699,2.2330935595488097,3.213347764488542,2.9764690910850455,2.3555881392222826,3
-0.00019582207308298515,0.05095066542672726,0.12090597701622977,-0.15638810388840868,0.2772940809046385,0.050951041733320886,0.0025960086537106064,0.58620880406257,0.8871556027581183,0.4749759688641642,0.11938869494578305,0.9273849227405134,-0.0012368956043868245,0.04880848946769135,0.1392788158234737,-0.12023717113195874,0.25951598695543243,0.048824159540681165,0.002383798554853888,0.6238375876157434,0.6686688383118597,0.45904694827134246,0.8640941898361061,0.8588775802089984,9.799260697598253,0.05180547172373756,9.933840193818515,9.688507258904902,0.24533293491361263,9.799397635895502,96.02819402639435,1.2906113517201347,0.37010048617299335,0.498320383167291,0.2696816434735317,0.6709475610467752,-0.009091571038741766,0.4127120420848463,0.9839693418456252,-0.9910390434267349,1.9750083852723601,0.41281216835965046,0.1704138863457964,0.8560776822296375,8.135112477198758,5.735994348296711,6.740429512703274,1.2673903441372967,-0.008141634661688022,0.4043690285387476,0.8313121436440281,-1.1293860976043828,1.9606982412484109,0.4044509827609953,0.1635805974563349,7.435380066301566,4.027092890030436,2.1213941767373083,2.326829146691477,3.4206756638182605,45.105978802267,86.78023638404588,299.73724042337585,-1.2231185000515452,300.9603589234274,97.80265206312883,9565.35875058144,8397.47050556406,6796.021780111084,4757.429583058593,2891.3875941471224,1525.6287209022335,1
-0.0005352324821082358,0.04847526183110838,0.10943130778735542,-0.13577762853223208,0.2452089363195875,0.048478216586467136,0.002350137483404417,0.28136453891394525,0.698063324479996,0.9094602822717145,0.9213215533698345,0.22603063651793504,0.0010162310537239392,0.045039367271775745,0.12411118284403196,-0.11464616268255845,0.2387573455265904,0.04505083051172817,0.0020295773297964574,0.6126302364565376,0.09879899574028628,0.2574093341213242,0.3805174689763381,0.23278302089139838,9.794065802129762,0.052184612948109284,9.927556453900339,9.649368972612463,0.2781874812878762,9.794204825828192,95.92644817027623,0.24241133567490733,0.979571319135318,0.6359488723244824,0.9619659251778657,0.3321427365492909,-0.04538424290914346,0.3933867496534645,1.0528050583671076,-1.2183352679665216,2.2711403263336294,0.395996040772321,0.1568128643073537,2.8261846770375376,3.4361921809316054,4.084570668629123,7.243577414691897,7.5920980279853625,-0.03730154987532856,0.3742217158866034,0.9120900067454137,-1.1138694734703762,2.02595948021579,0.3760761867816351,0.14143329826421533,9.56143190043046,3.7974988448898093,5.384095864859452,0.9215573738247599,10.13098180402032,45.132367067300656,86.79699443504806,299.52009074754375,-1.0199146263735759,300.5400053739173,97.82969283430941,9570.648800055329,8411.089104747094,6787.281895897589,4755.973004223642,2889.110540534766,1520.7925110195042,1
0.0033471780250714637,0.05040292064399366,0.14529282959731338,-0.14968906697479883,0.2949818965721122,0.05051393877115746,0.0025516580101762444,0.530181212665505,1.3751744958499281,0.8308072182419202,0.556745665992844,0.25314576337282374,-0.0012246849373944541,0.047415259277743614,0.11964606653091106,-0.16915877539788693,0.28880484192879796,0.04743107278537491,0.0022497066655715325,1.0619393435937092,0.6230685728530669,0.5200954031023637,0.6227908138571168,0.5346419311795398,9.802748326582043,0.0506617450926235,9.936351809374779,9.655985210926396,0.2803665984483832,9.802879238607549,96.0964413667229,0.6081243349235284,0.3220648391102742,0.3982751848731201,0.12774620470123474,0.755843753174509,0.36678271667268236,106.25074537129586,150.37746242175513,-150.64433821030406,301.0218006320592,106.2513784452569,11289.355421517203,79.79860871256199,82.2685708808321,90.32920700352858,89.32015697707078,98.29926446383405,-0.6064919514443002,84.56336711112858,120.38615046377137,-120.54864842240988,240.93479888618126,84.56554197578745,7151.33088965867,130.44439860845517,131.61819286371178,128.7097903034125,132.93064344850265,138.33197451650588,-0.4762800452382788,127.50254198599193,179.99693166411478,-180.18267935368323,360.17961101779804,127.50343154429659,16257.125055571127,95.7297398717249,90.15089062946599,100.08675053317403,111.65386349992885,112.29456506077759,5
-0.0033065026740504272,0.04682156024868218,0.1161570530678857,-0.1373906615569532,0.2535477146248389,0.046938166389990967,0.0022031914640544773,0.2892374300049945,0.45413925008492995,1.0668702728243573,0.5374647332406266,0.5520440336909569,-0.00276830690218419,0.05087801301585198,0.12436053326687216,-0.1475797417931623,0.2719402750600345,0.050953270077060644,0.002596235731545884,0.43507122545210136,0.30850836502469,0.21690701943944357,0.9237052374244326,0.8093374810790155,9.80591858943798,0.050795221737394564,9.94857637896328,9.681852832447982,0.2667235465152977,9.80605014963908,96.15861953723663,0.6347614147969836,0.23971263015451666,0.4384962948818252,0.7163764733813611,0.7083101324868557,-0.05651293365809717,0.4113572555258561,1.122936250878247,-1.0778743871036127,2.20081063798186,0.41522102950646533,0.17240850334440894,3.761019844583768,2.6391499994769547,7.064886459807679,4.724266321963455,6.238468171126465,-0.050582353532769256,0.40349271452385427,1.0868211855382566,-0.9965119320317518,2.0833331175700085,0.406650888555211,0.1653649451627426,11.146666836605823,2.2916990788354936,2.743596562563576,3.89877606784698,4.819399663751269,45.08189941341266,86.81300881613458,299.87104689060925,-1.3766859679812997,301.24773285859055,97.82063255996312,9568.876154431317,8404.677746834965,6794.8323230818,4756.38044418789,2891.6386186495142,1533.1427098102672,1
0.0007439716489743959,0.05307712794511278,0.13612766406976137,-0.16619193314527564,0.302319597215037,0.05308234174107571,0.002817735004716349,1.151587089620231,0.5686281753239244,0.3655570871575192,0.6261650063050388,0.7061892057316563,-0.001953332512067173,0.05307039793705363,0.1484361024999573,-0.12375524039244795,0.27219134289240526,0.05310633338030338,0.0028202826450999248,0.6669581450885452,0.6020164059484914,0.9758346941807863,0.36746777720587265,1.3272376886478572,9.79713650266244,0.04779389942116978,9.951771291359314,9.66080667915216,0.29096461220715497,9.797253079747543,95.9861679086227,0.5931892697551777,0.8625363563023684,0.12194663653923372,0.3269550121710148,0.24574309539930797,-0.0068670097685065,0.3741801238171176,0.9274358182635019,-0.8520373776355389,1.7794731958990408,0.37424313070910764,0.1400579208829542,5.751353581462791,1.9579405744748168,2.432586860036966,2.145292256011536,8.859947295491077,-43.85771447888542,76.4120571235531,1.385247726904313,-250.02062796605958,251.4058756929639,88.10392495890622,7762.301593164578,7973.740987901131,5959.1745091749,3674.591957777247,1865.2778016858363,786.8891409682025,-0.008829151999101783,0.38813683851430686,1.048382129554425,-1.018673511652331,2.067055641206756,0.3882372461999291,0.15072815933690437,6.605755363192449,5.207234757984027,3.415036945645912,1.1633379079080624,4.99341708702329,4
0.004477641939850875,0.05073743840385392,0.21010129498829994,-0.1157271085134404,0.32582840350174036,0.05093463392551656,0.002594336933126382,0.09983823404894211,1.1502711723250085,0.8169655237592206,0.8866545082221526,0.44897385108902005,0.010452654289519971,0.049564924211633714,0.1260526064081516,-0.12446269853606298,0.2505153049442146,0.0506551053083617,0.002565939693801214,0.37436757203654086,0.3484066045178341,0.456415006135213,0.2895764501491852,0.7383019137736507,9.799355075510016,0.05509972358499854,9.941606676035398,9.68044688825759,0.26115978777780846,9.799509981395145,96.03039587546307,0.5576628867540654,0.8370858036770951,0.7302853475457713,1.0519840484496987,0.25536422578566403,0.052499603613305086,0.4174285675651473,1.2732271547966691,-0.81990471850973,2.0931318733063993,0.4207170277027599,0.1770028173990449,8.958882481499815,4.658585118576266,6.787116350929158,4.774410354071326,5.658501847077408,-0.0007131259246385934,0.3985173602569853,1.1382637698460216,-1.0013592795525597,2.1396230493985815,0.3985179983072035,0.15881659497478026,0.9203320615405826,1.6508279860475588,4.597098879810673,2.3367285807724665,2.1467953817360614,45.06790764467585,86.81199682412785,300.4518065365411,-1.0861978602884144,301.5380043968295,97.8132868891615,9567.439092061413,8399.057588182432,6796.498643786035,4761.478545090404,2897.9298259666357,1528.5112122446394,1
-0.0043160970824499935,0.04514290141068961,0.1110640464743785,-0.17048705909409084,0.28155110556846935,0.045348762296234454,0.0020565102418003754,0.22900529114838694,0.41602756775106675,0.7500047399409725,0.5680142578604402,0.5902425991730459,0.0016285790906999415,0.052796282395796215,0.15435529917056046,-0.1477438828186325,0.30209918198919294,0.05282139438401192,0.002790099704671326,0.3029482741648327,1.3353873795445461,1.0352864482129005,0.5378660396831397,0.11817388023852009,9.802590755232872,0.049822513946145,9.950542919226276,9.627922188125545,0.32262073110073075,9.802717368029791,96.0932677974729,0.49266990855198534,0.6478664964414025,0.45413575323087485,0.40649183421563223,0.8704587901145883,0.37292241295693773,106.22068375455414,150.25351285018576,-150.4280807230487,300.68159357323447,106.22133838551974,11282.97272841109,76.55806203258695,76.73821758363974,86.32625265254002,89.6902966206034,98.24304840918394,-0.6211211759433326,84.6305585467413,120.5218482930175,-120.26090075162664,240.78274904464413,84.63283778444755,7162.7172314486115,121.97662777944174,117.7336070126208,131.39883471866284,136.1690076417987,140.80463100329055,-0.43362874962052955,127.4916387915856,180.60772326093186,-180.26972755636285,360.87745081729474,127.49237622562627,16254.305995656634,83.35733759351952,88.94061160423192,96.39682296770053,113.55534436464903,109.24910636294054,5
0.005300649261044268,0.04960522468439863,0.1713576447757744,-0.12615246643837416,0.29751011121414855,0.049887625705963196,0.00248877519857828,1.1934425615709123,0.27162166218681644,0.8978214448217091,0.7399892385527715,0.4891090846681935,-0.0037581016626341847,0.05006242807477321,0.13352526501813874,-0.1264281939228053,0.259953458940944,0.05020328707214832,0.0025203700328485347,0.5393755392896162,0.9783912497989505,1.1005316310765236,0.5506347150457168,0.7539114109727855,9.79797341404667,0.046712970580297455,9.952250170965875,9.679810979652741,0.27243919131313454,9.798084768156773,96.00246512398577,1.421196851956482,0.2113451180650918,0.308248479484791,0.4159891072930334,0.452139083148172,-0.01713202170377101,0.41606341958287335,1.1221606389534453,-1.039048163984991,2.161208802938436,0.41641598826492315,0.17340227528265262,3.539981831936229,4.165911233177992,8.412604749837824,5.072190929695532,1.0835099514619255,43.88031203565513,76.34051293230439,249.9277112275006,-1.06024912008879,250.9879603475894,88.05314133586486,7753.355699113795,7963.1571839516655,5955.81286963751,3671.4087482536875,1870.8272427226764,782.1758459410115,-0.013740286760015428,0.3866449254402895,1.3659462618206646,-1.0164942502153607,2.382440512036025,0.3868889942205315,0.1496830938489745,3.5985754864022343,1.502844726703587,4.3197516851735065,1.201960993408746,1.7037044833483719,3
0.003731727640374969,0.05268614761524062,0.1747556606774469,-0.14351345424015222,0.3182691149175991,0.05281814027128239,0.0027897559417168626,0.3820816965805595,0.531012119658032,0.6448065847379109,0.5236756945484878,1.0156805238898452,0.0029442854923778807,0.04756996208000597,0.12498684353456371,-0.1380348637204217,0.2630217072549854,0.047660991485216,0.002271570109353832,0.516355816923143,0.19739706411138722,0.7217244876776057,0.36485160839919883,0.2801843016275435,9.800997305779404,0.05031565170160052,9.951774670558343,9.67433267446369,0.2774419960946535,9.801126458356778,96.06207985270129,0.5131101559466777,0.40870564534808523,1.002863366311206,0.7895392496103352,0.2407604846622263,0.031073280842333025,0.30621920517511586,0.8358412408909994,-0.812452210811283,1.6482934517022825,0.30779173218328365,0.09473575040038622,5.242055039559576,5.066114874511874,6.583621012539906,2.2892829949550526,2.4683638699388886,-0.0025585176353779414,0.30664553658441696,0.8894553989349415,-0.7764896263617915,1.665945025296733,0.3066562099805506,0.09403803111963553,3.102768595085845,2.5805621988665135,3.1018722273786943,3.6994142892640207,4.21560807264831,0.014215968410169588,0.2895181320737784,0.7699315283903302,-0.8168005741888607,1.586732102579191,0.28986693940035446,0.08402284255732875,3.765660875755164,2.298885527434001,7.184084088680819,3.855458978678544,3.597590066974712,0
-0.0032680889692041043,0.05184368446587169,0.1805421209820649,-0.2125681779657822,0.3931102989478471,0.05194658818928823,0.0026984480245074998,0.712582244326779,0.903639037745869,0.25782088829085625,0.398539634925418,0.5126863671057101,-0.005100402916389739,0.049723710216341525,0.1324721036414059,-0.14647327984246533,0.2789453834838712,0.04998461230807161,0.0024984614675882238,0.4933595532917629,0.8914422484693824,0.4397564968485405,0.2688556879712491,0.09908133710908082,9.804291860025677,0.04961032690819244,9.915363012513996,9.652176453542685,0.26318655897131116,9.804417374892894,96.12660006110168,0.5318444010534547,0.5870976217221755,0.9407349696494218,0.4119155088884876,0.29471552487162905,-0.029428056280362856,0.38693561036760166,0.8838746594421526,-1.0703098398222126,1.954184499264365,0.38805305960266395,0.15058517706698868,5.962713671594881,3.5513562510970544,6.5994934092144035,4.476629960036299,6.702562545359786,43.86247459068057,76.31971415476382,249.91133576701824,-1.1352173625023771,251.04655312952062,88.0262202180859,7748.615445882954,7964.873699574647,5951.8378561450845,3671.2444739851485,1859.0584731444815,783.0530122229306,-0.012561976841580494,0.39704192311131387,0.9104118035575495,-1.1177440824762985,2.028155886033848,0.3972405970820441,0.15780009197009892,3.303865744766147,1.6159704315468837,1.1313669336807977,4.748402448506453,2.0145841595906377,3
-0.0038383666833785683,0.05176703015161723,0.11878547500718986,-0.18968192114188334,0.3084673961490732,0.051909136667011885,0.002694558469514518,0.688152278402143,0.7423686819357967,0.9099729343436499,0.9115743638068091,0.36955359905064783,-0.00566266727395349,0.04510720425990728,0.13864054870118722,-0.10988915506820617,0.24852970376939337,0.04546125467692792,0.0020667256768005012,0.4330800256818526,0.757435794856511,0.7015530491081186,0.3554544240805463,1.2897211922615004,9.799589501018536,0.04902504476192157,9.910430063839254,9.664977353263792,0.2454527105754618,9.799712130643767,96.03435784348662,0.6161418659301237,0.15731508205671774,0.9962805191545977,0.3913452949837497,0.5809539919142714,0.03572046551264139,0.38251709258215183,0.9350441508869726,-0.8645333156388265,1.799577466525799,0.38418130846508175,0.1475952777739423,1.0914767335820819,5.435468532018546,4.583797480931539,7.7796980674885985,5.967065618432421,43.868921909141115,76.29856425519544,250.03846545962168,-0.9555889522173416,250.99405441183902,88.0110971234566,7745.953216874509,7960.088814967376,5950.708637166588,3672.971411038629,1862.9180902626622,782.5432182422766,-0.016721697317762452,0.38787081612317653,1.097520859085997,-0.9923048349949879,2.089825694080985,0.3882310976225962,0.15072338516124584,9.484818471940065,3.556324863231971,5.5535226068655765,8.397549489410729,1.3927131518015479,3
-0.005918782310028141,0.050688351844086425,0.13399616353091776,-0.166769668788318,0.30076583231923576,0.051032744357945345,0.0026043409967034027,0.35382734722040937,0.27754462214217523,0.3605630475494326,0.5518908312915097,0.19876248789151907,0.0012759197975255015,0.04890288618571924,0.1094435347860015,-0.15466679911507633,0.26411033390107785,0.04891952829518215,0.002393120248623127,1.1709265785725118,0.9387620831223992,0.5830680564520863,0.5837852974358059,0.7375685959259233,9.797332550219444,0.056023588886623225,9.954349006227224,9.673212881336514,0.2811361248907094,9.797492727330862,95.99086374210115,0.768118569423295,1.2715103744765022,0.7845197180722824,0.4582142818323055,1.1831988983346815,0.0013623076966321724,0.41738960347813847,0.9025625572323182,-1.087057429036451,1.9896199862687691,0.41739182667356817,0.17421593697389795,5.195445600012612,10.290065901960483,4.471021914149433,3.4493192318765,9.002771888168509,-43.879076649863045,76.31771153780514,1.2343085278652424,-249.85931951233644,251.09362804020168,88.03275789166321,7749.7664620121905,7963.694694081941,5948.08636681701,3675.8792865729893,1866.2950173875088,781.4640056724519,-0.023711516986066813,0.3681100554250454,0.9830187176088425,-0.9152594702847507,1.8982781878935933,0.3688729441729367,0.13606724894281047,9.164876216342037,6.0678451016774835,3.376414093383119,4.221744473338524,4.423632641845782,4
-0.0014134648921794806,0.04678225596228919,0.183261472932572,-0.11890465880032496,0.30216613173289697,0.046803604091165525,0.0021905773559225666,1.0039604858142168,0.5256545365480235,0.647191981531121,0.23998407915161282,0.7253889650167791,-0.0001943382079065792,0.04914807946002848,0.14440448324216631,-0.10943009452698232,0.25383457776914864,0.04914846367841344,0.0024155714819483255,0.6719060657404181,0.7084090340459002,0.6967460253367286,0.24673526911039045,0.11158774393616416,9.797405216671542,0.053043106628141413,9.936317523677568,9.662493453026128,0.27382407065143965,9.797548803186617,95.9919625508235,0.4898928943442508,0.7884461815548008,0.8988978216773664,0.6266992692515534,0.607826142708863,0.00689731806921611,0.4133553979340659,1.1859814131798114,-1.12847748541,2.3144588985898116,0.4134129388369187,0.1709102579977779,7.324151148589635,6.422635684803882,9.023397713130054,8.050784687918304,7.671976907056818,-0.012073092575313167,0.3773846073002077,1.0670856731304283,-0.9256860601211175,1.992771733251546,0.37757767597073855,0.14256490139146405,6.990982194518142,5.688483167271936,2.367108313029035,7.859407670866099,5.764952093139421,45.15671454773389,86.85285790170393,299.78416569978907,-0.7239575054649449,300.50812320525404,97.89048878435072,9582.547794439095,8404.526713859226,6790.191409992799,4772.5996884972365,2903.0735587600325,1529.5780648562566,1
0.005794725714711961,0.05012029505570196,0.12992723644881674,-0.17240214571190457,0.3023293821607213,0.05045416556221464,0.0025456228225793657,0.6325050627953848,1.0027163965193429,0.5197701622165809,0.19837963042775983,0.6224664907976194,0.009153908012025267,0.04882035042251928,0.16479522299637756,-0.123624465486318,0.28841968848269556,0.04967112488428462,0.0024672206472701992,0.5479957887371864,1.2983055834885755,0.38645909768814046,0.49760833655057196,1.2840775596344032,9.801786381990585,0.05164035989657324,9.93261211672639,9.65538094326091,0.2772311734654789,9.801922413738355,96.07768300494634,0.4230613485529022,0.5322479188412151,0.8267132532954808,0.2128383906287758,0.2155205818555315,-0.030541196624313757,0.2832265145411058,0.771508855876489,-0.9187946141054094,1.6903034699818984,0.28486843143870505,0.0811500232303482,2.677685386400134,4.3465105831069435,1.6666026662055364,4.299241203627682,1.9548071936916411,0.050427491904566545,0.2764147100028416,0.8326867372730871,-0.7838289263945679,1.616515663667655,0.28097690980886697,0.07894802384574018,6.616789355181711,0.023531414268429186,2.9082739748479103,3.6964845905135473,4.423767408120763,-0.005563767483928466,0.29640822383370496,0.8471190822836667,-0.7135487520685367,1.5606678343522034,0.2964604369302368,0.08788879066486693,4.767284279351127,4.645587037474429,5.959792640008866,1.6867649808890022,5.262999550513817,0
0.0017730696842168858,0.05087234116335713,0.11905289446187653,-0.12654458451455095,0.24559747897642747,0.0509032304627721,0.0025911388715460894,0.5582775609188902,0.40759344196733244,0.8848032204735803,0.6803024843237389,0.4588039142581193,0.004173275569667471,0.04556605723111107,0.12933806883987414,-0.12689179769236,0.2562298665322341,0.04575676781165025,0.0020936818005692723,0.28021423269755674,0.17449053175030468,0.16993594209977475,0.5627092990375053,0.40906456542096326,9.801796161867454,0.051822382499913944,9.92099575748639,9.659754541267226,0.2612412162191635,9.801933154134828,96.07789355812751,0.7303233213336796,0.47605598643972297,0.638741371564379,0.25644168148101354,0.28303417761960387,-0.03126853731110977,0.39751571333850405,0.8716907635715316,-1.0922656157682682,1.9639563793397998,0.3987436065651661,0.158996463776596,7.099306199087591,2.9235461623337984,7.351314987898615,4.205975055569016,6.394421352612658,-43.893845002349714,76.35829984514487,1.2705271691245041,-250.0764197733784,251.3469469425029,88.07530632550393,7757.259584331353,7960.852990452752,5959.387785050294,3679.235356192633,1869.089541882352,780.1658709251315,0.004877047096298513,0.38574472370221485,0.9836525946378946,-1.0952582075695756,2.0789108022074703,0.3857755532074027,0.1488227774524776,3.784600018596464,1.0187309862548521,6.15829411672187,5.0712341752270245,4.709732065495535,4
0.0025607425717534197,0.04819362547717158,0.12016638344891509,-0.12079171528468952,0.2409580987336046,0.048261609371763305,0.002329182939152672,0.45753127035702695,0.08083952055846604,0.500514765011688,0.7391083167515549,0.12596104553604973,0.004389124150127885,0.05199412426177821,0.12390923238279301,-0.13892053479796906,0.26282976718076206,0.05217905105072791,0.0027226533685544697,0.35564751889136226,1.2286672946591202,0.9602969982154996,0.9875517007525764,1.3628780995656868,9.797489168778132,0.046669871979044104,9.904863995031365,9.657767343978378,0.24709665105298662,9.797600323001308,95.99297208927536,0.5555189462504889,0.896203054747409,0.4238694556754597,0.6915562713658462,0.3573509897932891,-0.004299659976236213,0.29870179880144815,0.784579997187634,-0.9601709779691837,1.7447509751568178,0.29873274290430907,0.08924125168313203,3.4888868796838386,3.294089222130996,5.487434432834367,3.729939261086467,1.438644504257717,-0.0013587522287774644,0.30514321597742555,0.8294709429463393,-0.9864470193772846,1.815917962323624,0.3051462411118069,0.093114228464665,2.8766845153329985,6.595711106295121,3.2332507571677738,3.693770168583957,2.3944479499185594,-0.019029127128627938,0.32902448293883996,0.743562603610166,-0.7876105613023111,1.5311731649124771,0.3295742982279542,0.10861921805244848,6.966521746835932,0.7888285115568007,0.6634654880418733,4.464481881624295,2.786146793058922,0
-0.004329283574476344,0.04827388754711149,0.11694114707641223,-0.11510590255345257,0.2320470496298648,0.04846762749691176,0.002349110915179397,0.7047659580155429,0.2688377616493303,0.37017390150481605,0.3402902410712562,0.1390567115909485,-0.0019427849753192036,0.050730031511631746,0.10572717311506508,-0.14043622961788318,0.24616340273294826,0.05076721885854568,0.0025773105106314765,0.8655241094749652,1.4218566863032567,0.43594207031119975,0.8221019226965106,1.0838255020566518,9.80029743504063,0.04893418476146924,9.925682173410445,9.651739473505733,0.2739426999047119,9.800419601716152,96.04822436970218,0.5331889026671818,0.7595191010479535,0.21705766196973092,0.3936296292639346,0.3893084649875435,0.026535210803753154,0.30690774878582533,0.7533397643070024,-0.8325565383324307,1.585896302639433,0.30805272872867545,0.0948964836771829,3.096852798432769,7.154101652262088,1.900375537377757,4.589433597476587,3.0925610504624355,-0.00514173854689953,0.2999738678281961,0.737101332975154,-0.705347463933651,1.442448796908805,0.30001793088929324,0.09001075885509273,2.4627681627611726,4.971755909627744,2.1730142935063124,3.2704166551103233,3.9841505442966705,-0.003983457080863701,0.2880029948856386,0.7171944403007546,-0.9638860831545067,1.6810805234552615,0.2880305417718965,0.08296159299341221,0.36377348174319385,3.790752967935106,2.159421130743432,5.014473370429237,2.10163891053565,0
-0.006338714709622602,0.04861096978982595,0.13787227415237027,-0.1262234279557368,0.26409570210810707,0.04902250185452958,0.0024032056880773566,0.5075279757240578,1.2459584332835338,0.9788100630117109,0.39678387875904725,0.5646750401887974,-0.001450945887509984,0.046530064039232565,0.14390695358829192,-0.11811906814277495,0.26202602173106687,0.046552680948185626,0.0021671521034635653,0.8705638606266245,0.9367899571206495,0.5787803825372252,0.5301380607575007,0.48785283736639307,9.803798036176214,0.049406788249003124,9.944089512647404,9.666327884032698,0.2777616286147051,9.80392252952142,96.11689696485767,0.4390222711578838,0.12377626517911286,0.39550382190163214,0.8686568609335927,0.3830488991405111,0.3528028759217068,106.23942506496144,150.66228162835063,-150.15993390812335,300.822215536474,106.24001086221149,11286.939908002816,78.23071094129841,77.27587877033136,90.83145294447235,91.14482104994279,107.62124279302573,-0.6975321033281731,84.66814400088587,120.39107516246558,-120.74794462300859,241.13901978547418,84.6710172348834,7169.181159589921,139.035853753744,134.34970292420542,139.42579760745008,146.34010218607187,147.07700444638297,-0.46795099890598524,127.46790210188462,180.42475824114908,-181.01835140055488,361.4431096417039,127.46876105302435,16248.285044393018,87.67917549370577,91.98490927962807,98.33864935497482,101.11005252051227,118.1286848744586,5
-0.000931865946854488,0.046947521381903154,0.11090717671464495,-0.13357251270266873,0.24447968941731368,0.046956768820343255,0.0022049381380471605,0.37809700347786024,0.578674094269442,0.16421594965158567,0.9012966636464632,0.20097894328113164,7.315737399301248e-05,0.048377370823310596,0.17853515880584095,-0.12898542217010833,0.30752058097594925,0.04837742613841163,0.002340375359777473,1.4745164220687315,0.6801187908897468,0.3399696322530136,0.27817502086510215,0.9496515014069915,9.80246195275169,0.047599986737080185,9.941446606687908,9.670399556624735,0.27104705006317253,9.802577522972303,96.09052609388182,0.5864928873651157,0.4324868960875364,0.21020377181746208,0.36441441875991076,0.39325468670752484,0.020159850072720906,0.4140664852843114,1.155780227333925,-1.0825668264208061,2.2383470537547314,0.4145569608517718,0.17185747379065744,10.076126211988369,2.438956034635641,8.231605814192832,3.04323061354495,4.54855484952296,0.027116524671992673,0.39308408244421633,0.9482022332513367,-1.020892828616101,1.9690950618674377,0.39401827594833494,0.15525040178129823,0.5730222993061355,8.676651062571846,4.398928277324998,2.977346665495794,6.375800176359579,-45.12564274258467,86.77732330022417,0.9218444220313585,-299.7169002585096,300.638744680541,97.8091379784272,9566.627472083012,8401.327635144702,6790.414600053719,4757.192026163625,2892.3341152238986,1529.7751199431987,2
-0.0030813692756780937,0.04746283628653924,0.11699434312271258,-0.1456621559820622,0.2626564991047748,0.047562755018774085,0.002262215664975919,0.3171932364193919,0.6262225673858229,0.10518063296321638,0.5633968698119615,0.7522844198590267,0.0031176363826521327,0.04769415226862256,0.11920418624180257,-0.13665354281690847,0.25585772905871107,0.04779593933836839,0.002284451817236991,1.2019323516117821,0.9106698890139249,0.11198385450973838,0.4456539902453325,0.7789598167398657,9.79527487680333,0.051038030268519496,9.922299703922453,9.683863487450362,0.2384362164720919,9.795407842079277,95.95001479266818,0.9271357508336011,1.0319279144001177,0.3091502021515252,0.7016687881215363,0.9183157802529296,-0.02760477413725109,0.3679817535149518,0.9248754749246105,-1.0723458994413226,1.997221374365933,0.36901571033644004,0.1361725944751074,5.449333252717159,5.72152564603668,5.128758781402422,5.891569090963102,7.1394245629834385,-0.051991369282605386,0.4214274952482775,1.2227817075284002,-1.009480154996249,2.2322618625246493,0.4246224631730135,0.1803042362311172,6.785349925518011,2.6822767350373296,11.638560474131426,5.421045719519395,4.918419738270607,45.10947174019141,86.80707214530482,299.46055299310444,-1.1342988532451994,300.5948518463496,97.82807477978538,9570.33221511928,8404.864235118233,6787.1092407053375,4765.629467573866,2893.901664857673,1530.1614738659043,1
-0.0013580704381123566,0.048184772952723075,0.13248587970494283,-0.12658029404290128,0.25906617374784413,0.048203907516096114,0.0023236166998203476,0.44231895214840733,0.8787320906442875,0.7403902931400737,0.3491389148588242,0.8826282542705571,-0.001792582282307904,0.052535466160689506,0.14216526049287406,-0.12731016639927262,0.26947542689214665,0.05256603994937983,0.002763188555959796,0.8736451705713415,0.17737298662634263,0.5821495220898799,0.8942208827775575,0.7625560423837637,9.798784112512916,0.05025542318199021,9.927967136980797,9.6797104748972,0.24825666208359642,9.798912985183343,96.01869569119474,0.650577689835673,0.6282391588804418,0.6250254669528215,0.3048372561298483,1.0694778565664056,0.41510660237388947,106.21584184555692,150.7382534386445,-150.28586116628597,301.02411460493045,106.2166529902524,11281.977372451694,86.11403994381413,84.31918022799708,82.64164287498468,92.11019273152316,105.8414355192077,-0.6473278932868035,84.64526555213345,120.58757671494033,-120.34672874747992,240.93430546242024,84.64774074830714,7165.240013792617,126.98719193294386,129.1296331039155,134.13389062531107,138.5895965034387,139.19199494299525,-0.3808651668537402,127.46440513927168,180.3835723527348,-180.18218659541773,360.5657589481525,127.46497415283821,16247.319635783713,89.37867534110988,90.83295171249524,99.81636993604148,110.73421337329476,111.30260221690683,5
-0.0016353886002333563,0.048381406635128556,0.12014953070704049,-0.14770975238162495,0.26785928308866547,0.04840903845220885,0.002343435003867435,1.655083918280491,0.7833984973729499,0.41608098833742346,0.18074613427639785,0.7848015366231812,-2.225413328599518e-05,0.05025975564943256,0.11300162593222476,-0.13915202640302388,0.25215365233524867,0.05025976057630117,0.002526043533187117,0.39537506911461057,0.9099364066485462,0.13597477898762853,0.3313800061929499,0.9889383147092483,9.799033469214836,0.04737717424543012,9.957655183226908,9.685142887269775,0.27251229595713333,9.799148000077965,96.023301527432,0.7301781405712866,0.8783671036029612,0.3303734723558509,0.550206238806179,0.3394245655473717,0.04245708375792349,0.4033827681844756,1.2324380261613823,-1.274504390397269,2.506942416558651,0.4056109732605834,0.1645202616293977,6.065768449824224,6.440176711343076,7.240380378553922,5.352593168338636,8.03643224927163,-43.84711876487561,76.34067304039809,1.3531811506194376,-249.68534688204412,251.03852803266355,88.03674337594542,7750.46818424207,7959.276786660935,5959.862631411664,3673.992193925968,1870.0684861491122,782.8014959921203,0.024038837439639086,0.38196314818710997,1.1931509010727799,-0.9918645131644528,2.185015414237233,0.38271884233528086,0.14647371227845757,0.33177279439533264,4.869211701217185,4.234365528790949,5.330819125203851,2.3668084550941555,4
-0.0025794007822198366,0.05020615821721078,0.13895299335425482,-0.13598943059229804,0.2749424239465529,0.050272374434941085,0.0025273116313269182,0.2267845532565091,0.5751371276647996,0.530476897190686,0.7486964266176841,0.16886066712130837,0.00762899407175599,0.04519525235747367,0.1329862382785722,-0.12294257645276592,0.2559288147313381,0.04583461995263642,0.002100812386202617,0.3072228997391545,0.5992659401678252,0.6677929479643019,0.25288555536975765,0.7518926766397848,9.79539291701053,0.05186541824335656,9.954005770221867,9.675228810401638,0.2787769598202292,9.795530226599764,95.95241242022963,0.9348822382724215,0.6273219380964405,0.3898232241409157,1.0379372228267187,1.4022026194723347,0.0035847580782681332,0.3682609794005533,1.3039067490491263,-1.1645030216448735,2.4684097706939996,0.3682784265193041,0.13562899943953446,4.8081162336357215,6.268673865816313,6.5515509300897845,1.6583982133064659,4.38125795751243,-0.0163965438379355,0.4141192312372698,1.072606756731953,-1.0120551922934027,2.0846619490253557,0.4144437046576732,0.17176358433037667,5.461094043445035,2.374553979316007,10.353411391220446,5.441873975990695,8.324692312187777,45.11161610464209,86.82926410083716,299.7664902011917,-0.8372308049208993,300.6037210061126,97.84875580131579,9574.37901186553,8407.914264137316,6792.504121943945,4761.830057858675,2894.4582429751554,1522.5294687269795,1
-0.004376495125473074,0.05080254114423209,0.1498486875786099,-0.13739927007137478,0.2872479576499847,0.05099070401842559,0.002600051896294684,0.47628911679560804,0.6040726879085953,0.5137494245973546,0.9472931805059761,0.3575486165935761,-0.00022316466011573012,0.049179746766452745,0.11597124889736915,-0.11693620122091473,0.2329074501182839,0.04918025309489515,0.002418697294477944,0.6900382980601836,0.7272820536666457,0.546910026834209,0.7119848527201816,0.05084245597419391,9.801050866001471,0.05053096421599636,9.928568525676802,9.650378123844892,0.27819040183191035,9.801181125573223,96.0631514562928,0.44885258096255076,0.37759889392208207,0.2459701182653079,0.15496582901141506,0.7119255226244,-0.03382677651187001,0.41360330086932945,1.3833532337801238,-0.9342101119205195,2.317563345700643,0.41498426632727786,0.17221194129918907,14.342008253873228,1.927906756548841,6.8768612896692645,7.700800391457647,5.261340960657777,0.016650689307836225,0.4051465408785453,0.9434191334657722,-1.1102007671095337,2.053619900575306,0.40548855105943116,0.1644209650402769,7.4951903832788265,5.231914334338345,5.695503432536831,5.528243153718258,3.669723521826182,-45.14175462728674,86.82712822160096,0.7298396014987341,-299.9503799456663,300.68021954716505,97.86075927582259,9576.728206040498,8404.158884249442,6788.047481975145,4771.564380965404,2898.901984242017,1523.1553006513368,2
0.0003273919908543196,0.04970693221522698,0.1252724452678447,-0.11824276863957561,0.2435152139074203,0.049708010378256395,0.002470886295764845,0.5474531954880285,0.15655644109272585,0.44879300967018426,0.6677284799900002,0.20955154549154828,0.004912657241852654,0.05077555895500875,0.15788856415221492,-0.1254478589247538,0.2833364230769687,0.051012661059481074,0.002602291588369497,0.4927812157807521,0.32745635905616594,0.4078231904466905,0.7460523927070968,0.25094768236584175,9.798843032380224,0.044014577990366566,9.912046327810291,9.69217773114975,0.21986859666054137,9.798941884525194,96.01926205630215,1.020298128859781,0.3869520863698456,0.21913857274736612,0.5383099047786354,0.33704034032444263,0.015309676751762797,0.28604960167617693,0.6163544668214279,-0.7562541019718204,1.3726085687932483,0.2864590037358626,0.08205876082134295,6.947457556032405,1.2491638312396371,3.0567380307953025,2.762658037121627,5.566497232937011,-0.016672558592255703,0.29034880546142994,0.8305120816877829,-0.7564814404386129,1.5869935221263958,0.29082710163066217,0.0845804030428915,4.242307089107721,1.2717701344784513,3.2188990052066653,3.827651656465994,3.2698804461511997,-0.0011851502915487188,0.2959490946340815,0.6515408002189805,-0.8235898661017154,1.475130666320696,0.29595146763607383,0.08758727119594606,3.685700266676696,3.4474191342052194,0.6142068413135868,3.06988698349151,0.806103831478193,0
0.0032852595684505236,0.04645494612681042,0.13595328596995013,-0.13249111528363036,0.2684444012535805,0.04657096681492616,0.0021688549500769537,0.8062603066640118,0.20272242323350473,0.2548634192495432,0.7338858742699695,0.49987014536709345,-0.0009746733429688089,0.04750154393931523,0.13466079540630088,-0.12088476799967376,0.2555455634059747,0.04751154243701408,0.0022573466647441897,0.7392722780645474,0.44776473507751785,0.5243333500588401,1.2463800762831345,0.3975558829304475,9.800720746649086,0.04541876677081113,9.912124734517468,9.687487927382314,0.22463680713515366,9.800825986526482,96.05619001817279,1.1354123240768428,0.9248883432346644,0.836497693402524,1.3691027392006356,0.06170881429765925,0.008704460987453371,0.39187658317419843,1.109510369376212,-0.8740788248686853,1.9835891942448973,0.3919732440886324,0.1536430240813666,6.152933959585204,3.9346229489710374,5.045395614064939,5.313072657510192,6.114091117887352,-0.009695566852154825,0.3904882870641872,0.9568554448087987,-1.081732381785951,2.0385878265947497,0.3906086357863938,0.15257510635090765,7.370727131775981,6.206626321280775,7.277635533372822,1.659441648944161,4.142950771117094,-45.12894848142295,86.79994734838328,0.803911021609994,-300.3629304008106,301.16684142242065,97.83073571593458,9570.852850721038,8407.05739125046,6786.350024680242,4760.892885881511,2895.5495931211253,1522.2266889928308,2
0.00295090062678675,0.04815126791842275,0.12949003867940842,-0.11874682737447124,0.24823686605387968,0.048241604623611954,0.002327252416660898,0.6705377350334589,0.6574771892795012,0.7204677594439394,0.7465308135683929,0.21188935561340017,0.004873769888111885,0.05172197847909011,0.13991106109555015,-0.1450635774249152,0.28497463852046534,0.05195109903278012,0.0026989166907137275,0.12829818289242964,0.710832319893278,0.41425019850178807,0.26988492643616707,0.7962282368805691,9.796844565240267,0.050849738040585374,9.974875012889022,9.690550793363048,0.2843242195259741,9.79697653010032,95.98074913133652,0.5964786809795611,0.9609322503146152,0.6494813048515967,0.5694301646235009,0.43759712812802476,-0.054704355303042344,0.38031688821857595,0.881708974035782,-1.2294821744694515,2.1111911485052337,0.38423105282288456,0.1476335019533823,2.3395588004020738,8.641742134369565,1.313501241169174,1.5957507301304308,7.112062422984075,0.013782187202566559,0.42220913160300805,1.0002937542577526,-1.3368590851807016,2.3371528394384544,0.42243401791647023,0.1784504994930527,10.193693416494284,5.682585681217932,8.263025759763455,13.413837695542272,1.8695983399749083,-45.13348322411055,86.85576816699594,0.8028505396122165,-300.1017864990821,300.9046370386943,97.88235679538991,9580.955771820014,8407.516715589736,6801.3109911313095,4758.578418414278,2893.5679250697963,1529.903028266833,2
0.006301722770014819,0.0479782491011033,0.12498816032635461,-0.09336904228766685,0.21835720261402147,0.048390330611369485,0.002341624096677643,0.4705668323102091,0.6174487836319051,0.504178258924233,0.12447855783237707,0.33231470685317743,0.0015819142457878413,0.049183328032317605,0.1326105022805215,-0.1127055766299419,0.2453160789104634,0.049208761506621825,0.0024215022090155855,0.5939976910209963,0.6246930235429473,0.5491930749465551,0.23051451347650775,0.20984115235603445,9.801538564401099,0.05031424732367205,9.930801857380809,9.663113588913266,0.267688268467543,9.801667702637431,96.07268975292573,1.3095260155200652,1.12145203098943,0.31256579905191423,0.23037724625470624,0.24413228712820692,0.05637366771441304,0.4077314087926492,1.1776538198023447,-0.8512201070782996,2.028873926880644,0.4116101215077363,0.16942289212761344,5.710089050637549,7.48126537151088,7.473448361753939,3.9797905801957936,4.857130012015426,-0.002189736385895087,0.3969715380015561,1.2133848445082345,-1.0860796421801207,2.299464486688355,0.3969775773627027,0.1575911969287606,1.5325328506891596,1.7201870281544653,4.61378228996504,7.032468272240805,0.8728336537708313,-45.10876938543324,86.82502276545094,0.954076798614005,-299.8124669872003,300.7665437858143,97.84367968187456,9573.385653689273,8408.261652188314,6793.02950145637,4757.495321581077,2895.1298360439605,1528.3860651972568,2
-0.0047087700505331394,0.045908086808706096,0.1162090468490086,-0.13031623023750502,0.24652527708651362,0.04614894310625642,0.002129724949824492,0.4453559095443692,0.6564622475104336,1.1635787531820614,0.9106539523570107,0.46629203507037265,0.0013559145591669052,0.05190841994419374,0.1386644619798149,-0.12969823449716908,0.26836269647698396,0.05192612603877293,0.002696322565394532,0.9528925111694228,0.7613956899880779,0.3948487899205573,0.4163603323648899,0.4943367504689475,9.799321872940704,0.04960253014085649,9.932409954344791,9.667170418808537,0.2652395355362547,9.799447411996786,96.0291695804905,0.3856404241847655,0.36795684650195204,0.4351990173097465,0.26461005886185823,0.6452332782335398,0.3989494366502618,106.23250474951392,150.1790866177606,-150.60282773985276,300.78191435761335,106.23325386153104,11285.5042260085,76.94798376755446,87.10206051306379,80.22851235056801,94.58205555767512,92.82856648600962,-0.5767081352682598,84.60907915848568,119.96428800126147,-120.48502953895093,240.4493175402124,84.61104460010041,7159.0288683201825,126.07293083592347,126.93466770292218,131.85141076940855,136.53125244129888,141.53750155004073,-0.4706884513601068,127.60249669521373,180.8980918240179,-180.38849995318333,361.28659177720124,127.603364808575,16282.618710470275,94.48317201316539,92.18329499781719,103.9196268880544,108.16504043666025,108.26313483807674,5
-0.002211789527237615,0.04633758056842377,0.113252340844951,-0.13614084158670142,0.24939318243165243,0.04639033720343022,0.002152063385847962,0.24152360412485982,0.6050128602117875,0.4231954501906802,1.038163433249403,1.4094090882734185,-0.0013943761944892313,0.051745955308812035,0.11411972711927587,-0.15312388287618606,0.26724360999546193,0.05176473873007892,0.0026795881757933323,0.6568856434488849,0.5880274201818257,0.826119712770686,0.99178731548394,0.7993898248032915,9.80223632277484,0.04578126065646741,9.920838469783245,9.693734832815041,0.22710363696820401,9.802343232684404,96.08593285135372,0.39322381430004655,0.3380996497567505,0.7884057403020573,0.2490873216648852,0.31291483615376625,0.06431175432513447,0.39232372470099486,1.0062836007924836,-1.0340791085431862,2.0403627093356698,0.39755994102479497,0.15805390670763847,1.771350124475414,1.1432328687456055,7.808506344711979,3.201465315403125,2.2881322694848722,-0.003414638471117508,0.44298060911211645,1.0600421097918191,-1.2468796741991246,2.3069217839909437,0.4429937694880484,0.1962434798052302,4.946370667983037,2.035619637714713,1.9638124877592116,5.289055506061569,5.442274524726301,-45.152728914744586,86.77625657498072,1.1704442425781876,-299.5783071221134,300.7487513646916,97.82069123460178,9568.887633615297,8401.628202214393,6783.791453065998,4764.449573404102,2899.5408950694527,1517.7651136732873,2
-0.0018003737936258496,0.04683104871295597,0.12068306078578034,-0.12761800337080306,0.2483010641565834,0.04686564273913279,0.00219638846935203,0.535096985726403,0.5591635011162478,0.8055836831939488,0.5628318004008734,0.5476218366884298,-0.003971252052515777,0.04972522388302566,0.10418186951602647,-0.12211145037204135,0.22629331988806783,0.04988355172881775,0.002488368733081636,0.7455708790732515,0.3253428417341366,0.17825131735652805,0.5425734427291911,1.0734048633589497,9.803692283384366,0.0526760888571624,9.923036415253344,9.679747929587423,0.24328848566592143,9.803833798959849,96.11515715762748,0.47335162395887975,0.28109744928400265,0.4216460021802556,0.7383987512928265,0.1961624197394048,0.02134655972902232,0.3875489528026342,0.9924759781926901,-1.0694939284299856,2.0619699066226755,0.38813640183662634,0.1506498664306831,3.8135885336969446,5.6369931408418035,6.271620134953364,4.671980121541889,6.717696221862708,-43.898934999701325,76.3608312870509,0.9378767226905738,-250.11620986885805,251.0540865915486,88.08003774384667,7758.093048957454,7966.179143607535,5954.7775494264515,3678.137388034176,1865.5271480454846,779.8054430696088,-0.03141152213853322,0.4301970864604803,1.0280654177343542,-1.5324179818927448,2.560483399627099,0.4313423430665549,0.18605621692214552,3.337804885570327,6.0356557661960295,10.772261252010523,6.484633720613756,2.6471915072117813,4
-0.0009842201400956532,0.05074498741825137,0.1388306351238585,-0.12342136544895377,0.2622520005728123,0.050754531200304265,0.0025760224373626594,1.0889430888844798,0.8955756156217212,0.7171531092875562,0.2929176483220888,0.5370861715146849,0.0018631247134410567,0.049709010752021526,0.15722636970395643,-0.11098653754168991,0.26821290724564634,0.04974391403621579,0.002474456983642426,0.8747931105654209,0.9594078088311965,0.3020188484893198,0.5481005208331053,0.29876947924381075,9.79923287261262,0.04992708002405697,9.926124691499895,9.680859058661854,0.24526563283804137,9.799360060994365,96.02745760501148,0.8313319241904755,0.2993868862607328,1.006931257017391,0.5980188502006363,0.673699261912626,0.013408618101325164,0.4046530644919649,1.1721375393105546,-0.9180278680897624,2.090165407400317,0.4048751580945978,0.16392389364212556,4.4006864199830185,5.541084156838363,6.022165053683131,7.121240020898791,3.7357930659012926,43.90054912550963,76.38801485299311,249.9047826659143,-0.9882070654500941,250.8929897313644,88.10440980281508,7762.387026702379,7968.693115333271,5959.884630508942,3671.872027432992,1872.4223648577693,782.0334515215309,0.0277899478860228,0.4105104466698985,1.1660525619457256,-1.2410762222612455,2.407128784206971,0.4114500067184681,0.16929110802862746,1.566622405382652,1.211350225565659,7.818078319009596,2.796022518379114,3.713541133077683,3
-0.004661929571282516,0.054294406272581947,0.16874720250845565,-0.15643935491070837,0.325186557419164,0.054494184458708836,0.002969616139819784,0.3226144633116873,0.25422147296177056,0.6448250788395317,0.5001258982321237,0.8923492948395914,0.001185586979822855,0.051907929053769335,0.1315176389508079,-0.16283411160928143,0.29435175056008933,0.05192146680456818,0.002695838715137876,0.5678366928360663,0.17685589349862302,0.8230857997967029,0.48613618988863566,0.9844337916413418,9.797368784145624,0.04957011592931087,9.928026129271059,9.691326109772886,0.23670001949817276,9.79749418417507,95.99089228894434,0.9088069106267435,1.1543232747780232,1.0309840812607132,0.18354711335974658,1.2969373296414899,0.39303134779403537,106.23571456472753,150.7125448890713,-150.81139476569263,301.5239396547639,106.23644159476827,11286.181522718609,79.78408797594498,89.94397241578756,84.75992521232502,99.53685106694036,104.17655537681772,-0.6302840919297991,84.60425769346149,120.6314963727813,-120.55258763404076,241.18408400682205,84.60660540346821,7158.277677898176,118.27543965312809,133.92333521441373,135.5864844999411,128.31282583368574,141.47319543541616,-0.4506101717604292,127.50489818865861,180.16024507688758,-180.22079656452354,360.3810416414111,127.50569442823758,16257.702111627093,84.56258040810245,91.02229282490875,96.01427940419138,103.72799356263803,113.10744933059695,5
-0.004360199081010756,0.05481173256554202,0.18181809809134156,-0.1602621642622311,0.3420802623535727,0.054984883039455,0.003023337362862546,0.9319766581574782,1.6494563894840533,0.32668695019297606,1.173608275572627,0.2427661840513554,-0.004989313378126363,0.052253815231625124,0.1373191375806393,-0.1455560095041403,0.28287514708477957,0.05249147029990652,0.0027553544542459683,0.4701410307019717,0.5322389615160172,0.9437155905915035,1.2040582012972265,0.7689753430548677,9.799863081369136,0.04955595504114315,9.948250814397435,9.660470380330075,0.28778043406735954,9.799988377863608,96.0397722062618,0.6701126009574844,0.544733872801612,0.4017532771896844,0.5479203434995514,0.8226879631089314,-0.00048135447991484834,0.39437804226232864,1.1696339915929705,-1.202215949579955,2.3718499411729255,0.3943783360186034,0.15553427192080244,4.87779963033258,4.467797635974875,2.2196052788305227,0.9061886969075174,0.6213017404006298,-43.79199233174106,76.34725157864688,0.9181779898088579,-249.96284874791698,250.88102673772585,88.01500676587183,7746.641415996465,7959.394774563014,5963.244610540743,3671.6344787483,1871.414435892886,775.6432968943687,0.05146152740488727,0.3946675791593376,1.0563437130733024,-1.0360544867448793,2.0923981998181818,0.39800852609251475,0.15841078684233598,6.1287471632532595,4.3818087249886535,3.1441632907151496,1.4891519891215423,3.790887426279943,4
0.0036188901884740953,0.05079148473739921,0.14033499790801773,-0.15095415292360215,0.2912891508316199,0.05092024438301225,0.0025928712880256906,0.44237121517096156,0.7557341450797438,0.49433885053616344,0.08298334075194289,0.1725509847796056,-0.0013381864466383772,0.05149182014780098,0.1560488310352928,-0.1441134765666251,0.30016230760191787,0.05150920582866183,0.0026531982850994495,0.29481467248374005,0.5341456355082128,0.6171112701984449,0.5570545092411767,0.5691669101366398,9.801689213914607,0.050125802705665475,9.927479057821571,9.664506235908554,0.2629728219130172,9.801817384662234,96.0756240422668,0.7872644137387913,0.14666553723348116,0.4828987244671861,0.49939986500093825,0.36575405769280506,0.025152319734187346,0.3042869318383037,0.8775072346322741,-0.9835676709708442,1.8610749056031182,0.3053247059698564,0.09322317607557926,5.766610692239812,2.8520455508155855,5.90545603254335,5.157750135701292,1.896858984046677,0.033112749583695894,0.30518364591846026,0.9504719962687833,-0.7656917553668255,1.7161637516356087,0.30697477407936424,0.0942335119210767,3.2603174911658166,3.6869270379769525,8.857980910232154,3.070823432384697,6.018780695409304,-0.04889859931313803,0.29699530098036314,0.6823535328136497,-0.9453916988693553,1.627745231683005,0.3009938235565695,0.0905972818192033,1.6136218161711238,4.495859669233826,4.539659614389316,3.138311304805747,5.844505423592737,0
0.0001970918895374002,0.044619390054517184,0.11882045963795969,-0.11233754719778222,0.2311580068357419,0.044619825347597106,0.001990928814050069,0.7650706256193515,0.3474960998007105,0.49698740810859826,0.5164262401399059,0.9875777636423825,-0.0007812665554563802,0.04657041188491404,0.12422904921225318,-0.15899351198199904,0.2832225611942522,0.0465769646988854,0.0021694136405612167,0.3868129768872095,0.6343315904472528,0.6866639198535825,0.4287689976744782,0.7581709804339639,9.793054864275543,0.04702235591495073,9.917986520488345,9.669777001077495,0.24820951941084957,9.79316775495379,95.90613467666667,0.6359153488808295,0.5973406353049223,1.2212161458338637,0.6862887922361012,0.8413180478629667,-0.036355449274850606,0.2902498046504692,0.7253647734109453,-0.6943221273896709,1.4196869008006163,0.2925178076487169,0.08556666779161173,5.949174929905303,2.9568399770982534,3.9370251580738826,10.467025715253113,2.6694810018350474,-0.0170622169995183,0.2685864846611047,0.7766409355144949,-0.8239508558071335,1.6005917913216283,0.26912788594188536,0.07242981899154845,5.917832264302502,1.8822493925248818,4.228220079180154,5.322899762885131,3.6624586016745146,-0.018719493295191243,0.30316831346367734,0.898360889434234,-0.8271977250809198,1.7255586145151538,0.3037456925087815,0.09226144571763922,5.4530954883186,5.725924743091859,2.3502749557739726,2.8722744618505427,1.6480908978864397,0
0.0029846873675728205,0.05027420727427779,0.13907733887321566,-0.12519354682107972,0.26427088569429535,0.05036272704827643,0.002536404275739194,0.8355569269656073,0.6024404643042535,0.4277851925549763,0.6648454956457289,0.8661581984281221,0.003794032665661449,0.051266399159993106,0.14122686016185237,-0.1697982839798083,0.3110251441416607,0.051406598474318915,0.0026426383666998477,0.5976328650970082,0.2066709868530674,0.8368270893549031,0.34301114384069054,0.7877251525725689,9.79817949844152,0.049760390980561335,9.927257978385152,9.661817533526076,0.2654404448590757,9.79830585255381,96.00679758019024,0.4583336770547779,0.9388526317444561,0.40413904504842296,0.805647079700283,0.21495417228034197,0.41612476798599035,106.22575352692041,150.8886275027136,-150.65226321572513,301.54089071843873,106.22656857954405,11284.083872184576,83.83383130051698,84.00096187840214,93.03064714739486,96.18089574975127,109.9367059519183,-0.6068617530522858,84.6334030068565,120.59841972538014,-120.40887146865417,241.0072911940343,84.63557872259341,7163.181185708305,129.2551991593794,129.05576365296554,136.39575641030325,130.1568101381582,148.0460263127657,-0.43911450990718776,127.36917416241522,180.62615324389972,-179.90686322566444,360.53301646956413,127.36993109980264,16223.099348368472,83.99300123425941,89.90153470268736,94.08087773041615,101.12700984306244,115.36523456995002,5
0.00523092233068124,0.04819233933824458,0.1373100384966725,-0.11978193048833419,0.2570919689850067,0.048475397051722394,0.002349864119322136,1.2465374418291102,0.490960033513104,0.47513589902801756,0.48621607309131587,0.285523028261932,0.006225028366204363,0.05356478640203487,0.1441905071718936,-0.118345378829196,0.2625358860010896,0.05392529388381363,0.002907937320455668,0.6326521000421795,0.09040905883790946,0.0942599492767307,0.5235029170941791,1.0344129433014477,9.801703945558828,0.04866252337671116,9.94133083127276,9.682215842346821,0.25911498892593876,9.801824742238809,96.07576827756489,0.47457976008787117,1.0975018362593754,0.27060793324683247,0.5519986294757265,0.8065517133270937,0.010159706935761854,0.4118569774152107,1.13451566635214,-1.2855081322075552,2.4200237985596953,0.41198226841772445,0.16972938949061395,5.2236335173055775,13.709387219094918,8.587484599788723,5.350227896696695,4.032135165763478,-43.87186029417415,76.33490425186294,1.024871325878012,-250.43969742829117,251.4645687541692,88.04406699382201,7751.757732812619,7953.605569990989,5962.5368641185405,3678.3647693651587,1873.526006622,780.0497485940786,0.009060125829544803,0.42096702003512076,1.2613597857256504,-1.1990021282908514,2.460361914016502,0.4210645055538366,0.17729531783729693,2.348400117322179,5.512012572705691,2.301727503047666,4.638872853152657,8.837561119665693,4
0.0005012557030566844,0.05268422997915211,0.13701195969586433,-0.13134163024642073,0.2683535899422851,0.05268661448390888,0.0027758793457760365,1.1056316647723008,1.161995439583011,0.43220607505268305,0.4320052674821046,0.21037168659229458,0.004473562018414531,0.049122300547567686,0.1206056344469344,-0.12085895484016673,0.24146458928710113,0.04932558330337483,0.00243301316821817,0.16213171437870072,0.2769822209665888,1.2868907406691374,0.04179649853541235,0.3531743673461076,9.801521752986677,0.04837291306711438,9.935183826081923,9.680939357345565,0.2542444687363581,9.80164111835307,96.07216861298961,0.3489947721735625,0.1957415840578056,0.4115978227492131,0.5822093322499873,0.39239446121459104,-0.012259287851931382,0.426318207922475,1.0960254899809916,-1.135672313702887,2.2316978036838786,0.4264944367103363,0.18189750454486708,3.0314077240557187,2.2385356506254244,7.878831547034088,4.762501156208752,3.080486807916933,-0.006549487729085431,0.4071261036339043,0.9146776842882819,-1.180646182200386,2.095323866488668,0.4071787814334607,0.16579456004963794,4.860791561835625,2.4612411054115446,9.853819708939369,3.681611798594946,3.108334294346252,45.101392590908205,86.86049487772729,299.88299371043166,-1.0120605064581993,300.8950542168899,97.87175886864873,9578.88118404292,8409.058504985689,6794.3962619731265,4767.551802794342,2897.1338661416708,1524.3782551624745,1
0.002956538508021336,0.05200613517144863,0.15221740021770555,-0.13882648693294392,0.29104388715064944,0.05209010669426969,0.0027133792154203995,0.2501338954347907,0.37537301991887545,0.6440302974803536,0.5839457891987924,0.7610472739622405,0.0014221006349530092,0.051374118219881,0.14520298272519677,-0.15788575740153077,0.30308874012672754,0.05139379722385029,0.0026413223930862417,0.10787277839774431,0.7163970526532437,1.1620473007880734,0.42785733907902074,0.09978066564843546,9.802519902163013,0.05260125514086211,9.94045186959132,9.664478047665355,0.2759738219259642,9.802661032818811,96.09216332434437,1.1740052831675767,0.4981709843870107,0.7709079394352678,0.4363325782076784,0.4185453746311673,-0.005692021027812408,0.40235681760832104,1.0264801232559713,-1.1526438135123767,2.179123936768348,0.40239707724991847,0.16192340777927683,4.079916603271391,4.03515984309757,2.5007744760585924,3.6446966177332194,8.104258678827575,-0.004231978287009524,0.39559928577258335,1.0990391275222473,-0.9656334701199362,2.0646725976421836,0.39562192121266454,0.15651670454399974,4.605256361587432,6.041165154735929,8.837272764692246,7.4790681752648425,4.338587009593948,-45.10361077353945,86.82512088730125,0.9696917664327531,-300.6451967469571,301.6148885133898,97.84138859350587,9572.93732190542,8409.527988157537,6789.323712555869,4766.1956366825625,2887.943668105864,1521.5601638875753,2
0.004647646124652477,0.048398575364998746,0.14948976266845476,-0.1563868286956173,0.3058765913640721,0.04862121668429802,0.0023640227118614607,0.3810593316466859,0.5418844896272943,1.2091760732668726,0.3394554684950654,0.7174026375571747,0.0025696705918944423,0.04801209609784355,0.14798435705991722,-0.11478756559779586,0.2627719226577131,0.048080812999151866,0.002311764578659411,0.6866186555754021,1.0765930759371478,0.4928003835824218,1.067150139406302,0.5722949058568525,9.80013634282632,0.048315196398808324,9.964268919620872,9.694396010212914,0.26987290940795816,9.800255440354006,96.0450066961883,0.42262860229253907,0.21935476875370077,0.4196540253028392,0.27017619223619965,0.5019866681746368,0.011220142685809047,0.39642751516861374,1.2905525493340897,-1.2409297530721797,2.5314823024062694,0.39658626600608776,0.1572806663846514,5.248691899168655,2.826080890805132,4.368076551739162,6.462620345440624,2.8444051865988618,43.895100014496535,76.29695961515235,249.79522243758325,-1.1505420438222704,250.94576448140552,88.02275757892865,7748.00585179884,7958.048677423657,5959.034493525623,3666.2488110276777,1860.5223078676597,776.59020338841,-0.03236005909533044,0.415630727796198,1.3865435881775614,-1.1775028139417,2.5640464021192617,0.41688856462255053,0.17379607531305047,7.850467800289391,5.1821159766271485,3.2846854804258663,3.4582048772387597,7.043648039622464,3
-0.005575639591278724,0.051174995920341984,0.12964937803159174,-0.14973344568772506,0.2793828237193168,0.051477839545758464,0.002649967964298854,0.4003310479374009,0.1378837558911232,0.19520835606798234,0.38197948490463013,0.5990068174757746,-0.004244257342178252,0.04588999529939554,0.10845137593892684,-0.12943463510315625,0.2378860110420831,0.046085848033481806,0.002123905388965179,1.205231195221329,0.34248477935165833,0.3805180182018408,0.4538017859901528,0.6936446484101138,9.804717438310549,0.05383288655777522,9.94270912361851,9.660547717180034,0.2821614064384761,9.804865222163237,96.13538202478613,0.5445842466829235,0.16203085567877995,0.47186414635974844,0.6182906676665569,0.683174078984051,0.06538072247694705,0.4059925203128287,1.0902447591234299,-0.9675838818021598,2.0578286409255897,0.41122325496203416,0.16910456542157015,6.466008065538766,3.335228056700724,6.407526241267953,0.8502861549183494,4.015759575252941,43.83827179089528,76.38776453209353,250.4255890016307,-0.9053298938564116,251.33091889548712,88.07317777747645,7756.884643822971,7967.281812607022,5958.082322856971,3679.2922567702494,1868.705748407066,781.8031357243115,0.009202502488530731,0.3980395225151911,1.059364872960912,-1.165877168738971,2.2252420416998833,0.3981458872526159,0.15852014753617272,6.606198875971782,9.37625284114923,11.529098105477784,5.591355330994582,7.54084065866023,3
